t,x_true,y_true,z_true,vx_true,vy_true,vz_true,x_gps,y_gps,z_gps,vx_gps,vy_gps,vz_gps,x_ekf,y_ekf,z_ekf,vx_ekf,vy_ekf,vz_ekf,gps_enabled,ekf_enabled
0.0,0.0,0.0,0.2,0.0,0.0,0.0,-0.17795013134548604,-0.2288224691220754,0.01861004314285733,-0.08160506014251846,0.01538364442379208,-0.12445573828385603,nan,nan,nan,nan,nan,nan,1,0
0.01,0.0,0.0,0.20008680555555558,0.0,0.0,0.020833333333333336,0.06570431666353047,0.21112496960418006,0.007814374676027247,-0.07516779391159328,-0.182840407656486,-0.10462792690311229,nan,nan,nan,nan,nan,nan,1,0
0.02,0.0,0.0,0.2002013409649888,0.0,0.0,0.02748849826396812,0.2693237507735902,-0.11174252770475238,0.4867878022082823,-0.010057915236992315,0.11647897781247318,0.026546132137447963,nan,nan,nan,nan,nan,nan,1,0
0.03,0.0,0.0,0.20034358777798578,0.0,0.0,0.03413923511927887,0.07794342154975592,-0.31525013484364617,0.2127447712510389,-0.016203097803787647,-0.010619524686153996,0.1409408775198978,nan,nan,nan,nan,nan,nan,1,0
0.04,0.0,0.0,0.20051352653020701,0.0,0.0,0.04078530053309513,0.08122816475543077,-0.2704784067871466,0.26733528942244256,0.08847405522787775,0.01740282068425612,-0.09462962163982044,nan,nan,nan,nan,nan,nan,1,0
0.05,0.0,0.0,0.20071113674462066,0.0,0.0,0.04742645145927099,-0.23696388562628418,0.201038265166842,0.2109827091064077,-0.020507688713163375,0.06315355103897177,0.12253795945342381,nan,nan,nan,nan,nan,nan,1,0
0.060000000000000005,0.0,0.0,0.20093639693287937,0.0,0.0,0.054062445182090205,-0.17192721884279025,0.009106744373026344,0.3657942957348566,-0.02280827969887176,-0.08069294747588461,0.026173788971495155,nan,nan,nan,nan,nan,nan,1,0
0.07,0.0,0.0,0.2011892845967404,0.0,0.0,0.06069303932664675,0.17247099694520052,0.2075136814863849,0.20377953684725697,0.02329052738925733,0.20770645485810704,-0.062083028595011615,nan,nan,nan,nan,nan,nan,1,0
0.08,0.0,0.0,0.20146977622952875,0.0,0.0,0.06731799186920041,-0.2908909571547454,-0.16804326083659565,0.4534232782738927,-0.061567415828832975,0.046771137596747094,0.19853819335827982,nan,nan,nan,nan,nan,nan,1,0
0.09,0.0,0.0,0.20177784731764337,0.0,0.0,0.07393706114750656,0.015884753699584205,0.046018544153946433,0.20808981589177142,0.11917900192324216,-0.06393054935000098,0.029705963787148626,nan,nan,nan,nan,nan,nan,1,0
0.09999999999999999,0.0,0.0,0.20211347234210636,0.0,0.0,0.08055000587111935,-0.2630293113027375,-0.22694062617818045,0.47559482440066714,-0.043046527626707895,-0.10410512789286015,-0.014434098933367251,nan,nan,nan,nan,nan,nan,1,0
0.10999999999999999,0.0,0.0,0.20247662478015496,0.0,0.0,0.08715658513166798,0.06193454988321654,0.3207834879431213,0.48056010257329496,-0.17915488504258353,-0.05367993936958446,0.11461487446251144,nan,nan,nan,nan,nan,nan,1,0
0.11999999999999998,0.0,0.0,0.20286727710687624,0.0,0.0,0.09375655841310504,0.25932177717497185,-0.22709205782729627,0.17968965461365521,0.12756544783088733,-0.0697206216686213,0.1847268590198543,nan,nan,nan,nan,nan,nan,1,0
0.12999999999999998,0.0,0.0,0.20328540079688426,0.0,0.0,0.10034968560192656,-0.10317630725592818,-0.1762266611332032,0.2175484445276463,0.1415203836057805,0.07676447719390495,0.1783717924715014,nan,nan,nan,nan,nan,nan,1,0
0.13999999999999999,0.0,0.0,0.20373096632603993,0.0,0.0,0.10693572699736281,-0.07078066004089799,-0.10827005352673798,0.10809553632996596,0.1062435755695632,0.0249265886671155,0.0961607526038028,nan,nan,nan,nan,nan,nan,1,0
0.15,0.0,0.0,0.204203943173213,0.0,0.0,0.11351444332153951,0.07285384411014326,0.12191830414623415,0.11357785118967627,0.06492356937932067,-0.09330241546366043,0.06017248856324025,nan,nan,nan,nan,nan,nan,1,0
0.16,0.0,0.0,0.20470429982208638,0.0,0.0,0.1200855957296085,-0.12443691990852031,0.015172490291113068,0.29797345883535326,0.08503544506236117,0.20671172438951665,-0.10602156406614507,nan,nan,nan,nan,nan,nan,1,0
0.17,0.0,0.0,0.2052320037630024,0.0,0.0,0.1266489458198475,-0.1345091222218013,-0.2213821557769453,-0.1523532777781096,-0.1954167976608133,0.03720764064870857,0.08068016975342635,nan,nan,nan,nan,nan,nan,1,0
0.18000000000000002,0.0,0.0,0.20578702149485129,0.0,0.0,0.1332042556437282,0.10682299443993325,-0.01808264559431771,0.013127111253003587,-0.06267683890316932,0.11153913883188711,0.20151795385037374,nan,nan,nan,nan,nan,nan,1,0
0.19000000000000003,0.0,0.0,0.20636931852700108,0.0,0.0,0.13975128771595183,0.016252714105216046,0.255338493139654,0.6577033307231912,-0.0029951264885550175,0.20715999695057033,0.14588704718872025,nan,nan,nan,nan,nan,nan,1,0
0.20000000000000004,0.0,0.0,0.20697885938126961,0.0,0.0,0.14628980502445202,0.018846460507479096,0.3103661334145762,0.2420251635267563,-0.06799583239767108,-0.18756513036980257,0.03134065708444933,nan,nan,nan,nan,nan,nan,1,0
0.21000000000000005,0.0,0.0,0.2076156075939378,0.0,0.0,0.152819571040364,0.0028735988140685433,0.2570399683087864,0.13927162435012352,0.19980542945182966,-0.15316730707264437,0.15516931309459164,nan,nan,nan,nan,nan,nan,1,0
0.22000000000000006,0.0,0.0,0.20827952571780428,0.0,0.0,0.15934034972795957,0.1896172548806655,-0.23262714395082895,0.060605184161011266,0.06913034984255177,-0.0630417003429271,0.2857660284651,nan,nan,nan,nan,nan,nan,1,0
0.23000000000000007,0.0,0.0,0.20897057532428157,0.0,0.0,0.1658519055545473,0.22279549927517858,-0.23206055935274264,0.04568230316907118,0.034741188046694176,-0.012736142884853316,-0.046737250738571795,nan,nan,nan,nan,nan,nan,1,0
0.24000000000000007,0.0,0.0,0.20968871700553296,0.0,0.0,0.17235400350033706,0.5230169739452842,-0.1770775549784094,0.5063222164101854,-0.11994415364285005,0.11374978193275172,0.17651538773743236,nan,nan,nan,nan,nan,nan,1,0
0.25000000000000006,0.0,0.0,0.21043391037665074,0.0,0.0,0.1788464090682689,-0.08990231953756456,-0.3667152016391777,0.48143462762816036,0.03562113953575514,0.05413141997557841,0.1666814432520277,nan,nan,nan,nan,nan,nan,1,0
0.26000000000000006,0.0,0.0,0.21120611407787493,0.0,0.0,0.18532888829380492,0.05972980181252477,0.09208687895056568,0.5320819500248561,0.0806651983630603,0.03988917994326605,0.21142076689450742,nan,nan,nan,nan,nan,nan,1,0
0.2700000000000001,0.0,0.0,0.2120052857768528,0.0,0.0,0.19180120775468396,0.07709284562118075,0.2510918447768782,0.3278156527673543,0.01964126426256155,-0.11851316639189763,0.15667118098837268,nan,nan,nan,nan,nan,nan,1,0
0.2800000000000001,0.0,0.0,0.21283138217093878,0.0,0.0,0.19826313458063846,0.15711237743346054,-0.2664658380633126,0.14604807304000167,-0.058083238124622655,0.11092936066756537,0.2129882209924122,nan,nan,nan,nan,nan,nan,1,0
0.2900000000000001,0.0,0.0,0.21368435898953492,0.0,0.0,0.20471443646307277,0.3498493158009565,-0.274977053806244,0.15882798354127498,0.03258068800580163,-0.050928950176549054,0.24290395488007385,nan,nan,nan,nan,nan,nan,1,0
0.3000000000000001,0.0,0.0,0.21456417099647118,0.0,0.0,0.21115488166470248,0.03771887382458933,0.28679327799598314,0.09465701600504622,0.011318249265096393,-0.03408993876313424,0.2083776109612149,nan,nan,nan,nan,nan,nan,1,0
0.3100000000000001,0.0,0.0,0.21547077199242598,0.0,0.0,0.217584239029154,-0.06743061284131972,-0.03714512987976298,0.11387430525423975,0.13943454403370906,-0.08255704482882234,0.29550797620008257,nan,nan,nan,nan,nan,nan,1,0
0.3200000000000001,0.0,0.0,0.2164041148173865,0.0,0.0,0.22400227799052397,0.07311492769788407,0.22159176371248723,0.3486040451039973,-0.03290019466625192,-0.0064315275380888055,0.19014775658870522,nan,nan,nan,nan,nan,nan,1,0
0.3300000000000001,0.0,0.0,0.21736415135314857,0.0,0.0,0.23040876858289785,-0.00930023408950182,0.19238282231419007,0.3157678236281334,0.10256704849199592,-0.006008681716370415,0.3002879276019227,nan,nan,nan,nan,nan,nan,1,0
0.34000000000000014,0.0,0.0,0.2183508325258562,0.0,0.0,0.2368034814498271,-0.08750298943470752,0.029846918526676966,0.036261253249479763,0.1380626322559937,0.02385221570495271,0.32844392957184626,nan,nan,nan,nan,nan,nan,1,0
0.35000000000000014,0.0,0.0,0.2193641083085802,0.0,0.0,0.2431861878537643,0.05602539630886937,0.28197907175828835,0.12144393661238237,-0.04585080231060968,0.14060361648652497,0.12557720227162072,nan,nan,nan,nan,nan,nan,1,0
0.36000000000000015,0.0,0.0,0.22040392772393624,0.0,0.0,0.24955665968545596,0.21796919422846953,-0.010821889606266727,0.0171059688614712,-0.028497184463390182,0.06132057621834117,0.4545988891926815,nan,nan,nan,nan,nan,nan,1,0
0.37000000000000016,0.0,0.0,0.22147023884674163,0.0,0.0,0.25591466947329206,0.021209803325118085,-0.031994988608081684,0.20089060735447345,-0.1395611443901196,-0.09185602119738236,0.44385347819159093,nan,nan,nan,nan,nan,nan,1,0
0.38000000000000017,0.0,0.0,0.22256298880671085,0.0,0.0,0.26225999039261194,0.13957947167718252,0.04508348253554362,0.23839314910817547,0.08230729365364436,0.030423266839352106,0.14076509956499747,nan,nan,nan,nan,nan,nan,1,0
0.3900000000000002,0.0,0.0,0.22368212379118987,0.0,0.0,0.2685923962749662,-0.1278351113565246,0.2779153227050499,0.17594670368658194,0.12809545158109914,-0.14771534416117837,0.0876123985038482,nan,nan,nan,nan,nan,nan,1,0
0.4000000000000002,0.0,0.0,0.22482758904792877,0.0,0.0,0.27491166161733377,0.013326899958768283,0.1431513906813757,0.1303482347648447,-0.09172049751764154,-0.03814706894709334,0.3234424026946935,nan,nan,nan,nan,nan,nan,1,0
0.4100000000000002,0.0,0.0,0.22599932888789248,0.0,0.0,0.28121756159129335,-0.48202035895936785,0.012054073185746552,0.49730190475191133,0.03593336288571489,0.01738136432236972,0.2368678571503037,nan,nan,nan,nan,nan,nan,1,0
0.4200000000000002,0.0,0.0,0.22719728668810976,0.0,0.0,0.28750987205214973,-0.05906220160732634,-0.2091425323180435,0.6468648642043484,-0.06223625935781766,-0.09001357058472689,0.13754453844051956,nan,nan,nan,nan,nan,nan,1,0
0.4300000000000002,0.0,0.0,0.2284214048945598,0.0,0.0,0.29378836954801313,-0.24813896192930193,0.24322141648018483,0.5084109738455149,0.0912130874575247,0.07056248819044462,0.22724035939234866,nan,nan,nan,nan,nan,nan,1,0
0.4400000000000002,0.0,0.0,0.2296716250250966,0.0,0.0,0.300052831328832,-0.031373563209754735,0.007640662246533134,0.6124339397722219,-0.09201675109946905,0.055099967023373955,0.3438624618145214,nan,nan,nan,nan,nan,nan,1,0
0.45000000000000023,0.0,0.0,0.23094788767241067,0.0,0.0,0.3063030353553784,0.3055239872713947,-0.11239811258032124,0.2434769653272021,-0.10612128728249537,0.14559566172074764,0.2634735766631487,nan,nan,nan,nan,nan,nan,1,0
0.46000000000000024,0.0,0.0,0.2322501325070281,0.0,0.0,0.3125387603081855,-0.1199360808427624,0.26155875962999947,0.03860316055357357,-0.1809134133242738,-0.013407248705572875,0.25942451793811616,nan,nan,nan,nan,nan,nan,1,0
0.47000000000000025,0.0,0.0,0.2335782982803466,0.0,0.0,0.3187597855964365,0.15939105277914228,0.13686058509293922,0.1896807645154532,0.033934737927365975,0.0017800139975001996,0.2694812402323797,nan,nan,nan,nan,nan,nan,1,0
0.48000000000000026,0.0,0.0,0.2349323228277083,0.0,0.0,0.3249658913668047,0.11206778986223442,0.13311618135544442,-0.029740222178441772,0.04901559234286085,-0.12179449625525525,0.3314505144763202,nan,nan,nan,nan,nan,nan,1,0
0.49000000000000027,0.0,0.0,0.2363121430715093,0.0,0.0,0.3311568585122446,-0.05979421841938742,0.2712671372714965,0.6851662940201079,-0.07816173715744139,-0.12245743623732662,0.31552941807388707,nan,nan,nan,nan,nan,nan,1,0
0.5000000000000002,0.0,0.0,0.23771769502434567,0.0,0.0,0.33733246868073213,-0.007198903365714235,-0.0820371652001748,0.20754452088315006,0.09412899059929473,0.12679566452480218,0.29204464792926177,nan,nan,nan,nan,nan,nan,1,0
0.5100000000000002,0.0,0.0,0.2391489137921955,0.0,0.0,0.3434925042839556,-0.28284399689962947,0.0725348388944285,0.3640201928540956,-0.001968265763962415,0.14270074185057258,0.42417266649738483,nan,nan,nan,nan,nan,nan,1,0
0.5200000000000002,0.0,0.0,0.24060573357763698,0.0,0.0,0.3496367485059551,0.06228130487228607,-0.18815407890058064,0.17218862233154092,-0.02889804466406879,-0.044376389296913656,0.24585553300679963,nan,nan,nan,nan,nan,nan,1,0
0.5300000000000002,0.0,0.0,0.24208808768310244,0.0,0.0,0.35576498531171064,-0.11142873717369065,0.20965733927958327,0.1735992651031455,-0.06690966299737594,0.08530110892813147,0.22720679118700754,nan,nan,nan,nan,nan,nan,1,0
0.5400000000000003,0.0,0.0,0.24359590851416776,0.0,0.0,0.3618769994556786,0.1271942425860202,0.13298792844390397,0.35104050809035414,0.08228469278618067,0.025265983049157538,0.19893426053470553,nan,nan,nan,nan,nan,nan,1,0
0.5500000000000003,0.0,0.0,0.24512912758287725,0.0,0.0,0.36797257649027587,0.10085653338821375,0.11299720276614587,0.1963184024403647,-0.10610181942952501,-0.07425948347180238,0.2606524063557785,nan,nan,nan,nan,nan,nan,1,0
0.5600000000000003,1.736111111111111e-05,3.472222222222223e-05,0.24668767551110354,0.004166666666666667,0.008333333333333335,0.3740515027743115,0.10228263155445011,-0.27682755372099127,-0.09053257861754876,0.11997395841167542,0.055527877476773235,0.351769208580127,nan,nan,nan,nan,nan,nan,1,0
0.5700000000000003,5.207604166428927e-05,0.00010415208332857856,0.24827148200380642,0.008331583332762758,0.01666316666552552,0.3801135582486899,0.042820665771693904,0.28602415090989225,0.16020705818537231,-0.07970053133589186,-0.0304455116909795,0.3504673402739069,nan,nan,nan,nan,nan,nan,1,0
0.5800000000000003,0.00010413716460219873,0.00020827432920439749,0.2498804758224507,0.012494669505098269,0.02498933901019654,0.38615851647463384,-0.018546484889173678,0.05353423496535288,0.0668339849603703,0.058650803358258015,0.05748240840645029,0.44848134047562616,nan,nan,nan,nan,nan,nan,1,0
0.5900000000000003,0.00017353651607209775,0.00034707303214419555,0.2515145847887427,0.016655844352775766,0.03331168870555154,0.39218615191008743,-0.03541473146481328,0.1715483077215246,0.30928606344583676,-0.029465318193364582,0.16553662521309193,0.4020334489465754,nan,nan,nan,nan,nan,nan,1,0
0.6000000000000003,0.00026026579415711396,0.0005205315883142279,0.25317373578848873,0.020815026740403884,0.041630053480807776,0.3981962399390392,0.04470961504479293,-0.323906525126807,0.43235192734237016,0.039631556439064894,0.0056439080321875335,0.29022746344231426,nan,nan,nan,nan,nan,nan,1,0
0.6100000000000003,0.0003643163577391639,0.0007286327154783278,0.25485785477556044,0.02497213525969199,0.04994427051938398,0.40418855689720595,0.013700767348916554,0.07903654675609914,0.19147710277756624,-0.029632442701795478,0.10539253744164442,0.485274744972828,nan,nan,nan,nan,nan,nan,1,0
0.6200000000000003,0.0004856792254866178,0.0009713584509732356,0.25656686677595425,0.029127088259388936,0.05825417651877787,0.4101628800945081,0.06905086550268665,-0.005602077259221306,0.46599736746500353,0.03333510425712392,0.2877917809433769,0.3865541510333079,nan,nan,nan,nan,nan,nan,1,0
0.6300000000000003,0.0006243450749597852,0.0012486901499195705,0.25830069589193233,0.03327980387356019,0.06655960774712039,0.4161189878347376,-0.2645303470805314,-0.07957285106487086,0.30694513374630417,-0.10141189058772843,0.08149366279677385,0.3629655106707955,nan,nan,nan,nan,nan,nan,1,0
0.6400000000000003,0.000780304241827382,0.001560608483654764,0.26005926530623563,0.037430200048223214,0.07486040009644643,0.42205665943278947,0.22477180367439248,-0.06698046980441466,0.4302688955155021,0.015434201551342171,0.05740690180211519,0.5987562051504105,nan,nan,nan,nan,nan,nan,1,0
0.6500000000000004,0.0009535467191873011,0.0019070934383746021,0.2618424972863598,0.04157819456638059,0.08315638913276117,0.4279756752297921,0.012833239059446964,0.07311035754908804,0.17828311525207097,-0.024578111261584927,0.24674848996347398,0.6422927083068406,nan,nan,nan,nan,nan,nan,1,0
0.6600000000000004,0.0011440621569852399,0.0022881243139704797,0.2636503131888866,0.045723705071505284,0.09144741014301057,0.43387581660643965,0.09746871362105021,0.06353368617195546,0.42365820222124456,0.15004799826536958,0.062114770520315374,0.47554619091353106,nan,nan,nan,nan,nan,nan,1,0
0.6700000000000004,0.0013518398615250033,0.0027036797230500067,0.2654826334638649,0.04986664908954325,0.0997332981790865,0.43975686599479547,0.20029832617961957,0.20025433966741837,0.2783857126653516,-0.0148910979643459,0.12150267555078706,0.5181519487594195,nan,nan,nan,nan,nan,nan,1,0
0.6800000000000004,0.00157686879506461,0.00315373759012922,0.26733937765923493,0.0540069440495056,0.1080138880990112,0.445618606888804,0.6475945091144019,-0.10939612502115345,0.01289936123355423,0.09238549585891037,0.23284457481600165,0.3943526902591576,nan,nan,nan,nan,nan,nan,1,0
0.6900000000000004,0.0018191375754926407,0.0036382751509852814,0.26922046442529207,0.05814450730272734,0.11628901460545468,0.45146082385371966,0.4076212024099302,0.17462475488963902,0.10859549854205236,0.02828424914244553,0.12909305371000665,0.39184879619178425,nan,nan,nan,nan,nan,nan,1,0
0.7000000000000004,0.0020786344760796043,0.004157268952159209,0.27112581151918635,0.06227925614087125,0.1245585122817425,0.45728330253463345,-0.01864404406622974,0.26967251900281947,0.5511266948761131,0.0447530549529731,0.188976908348549,0.5416420958088181,nan,nan,nan,nan,nan,nan,1,0
0.7100000000000004,0.0023553474252994227,0.004710694850598845,0.27305533580945407,0.06641110781275636,0.13282221562551272,0.4630858296642536,-0.20962831334242707,-0.11164484811899532,0.31963499020892594,0.03785922369454838,0.20689093865259206,0.6235872728431585,nan,nan,nan,nan,nan,nan,1,0
0.7200000000000004,0.0026492640067164596,0.005298528013432919,0.2750089532805794,0.07053997954008889,0.14107995908017779,0.46886819307007466,-0.4269786582801991,0.20133922900053874,0.8006233640195279,0.03316208984618828,0.21915293665961116,0.39237778117087924,nan,nan,nan,nan,nan,nan,1,0
0.7300000000000004,0.0029603714589338417,0.0059207429178676834,0.2769865790375838,0.07466578853217176,0.14933157706434352,0.47463018168104903,0.0025411503616674935,-0.23302966144507545,0.1378735844504586,-0.01464109815828446,0.060489402719582336,0.3584861650973281,nan,nan,nan,nan,nan,nan,1,0
0.7400000000000004,0.003288656675599115,0.00657731335119823,0.27898812731064154,0.07878845199966554,0.15757690399933108,0.48037158553385867,0.013302725886203539,-0.3972333132302686,0.19786484930881504,0.1273280138545913,0.1483351406100602,0.4619439577319782,nan,nan,nan,nan,nan,nan,1,0
0.7500000000000004,0.003634106205463576,0.007268212410927152,0.28101351145972014,0.08290788716747069,0.16581577433494138,0.48609219577886825,0.2992710633852545,-0.04498456994493583,0.2777677280089475,0.1864828924644382,-0.04750185833881951,0.4415087894186821,nan,nan,nan,nan,nan,nan,1,0
0.7600000000000005,0.003996706252491896,0.007993412504983793,0.2830626439792444,0.08702401128679695,0.1740480225735939,0.49179180468582884,-0.07917544177908802,0.13881207239896565,0.14750813134620758,-0.08316712053966975,0.17676066740902371,0.4978125848208068,nan,nan,nan,nan,nan,nan,1,0
0.7700000000000005,0.0043764426760189035,0.008752885352037807,0.28513543650278356,0.0911367416464818,0.1822734832929636,0.49747020564938876,-0.14216522180617538,0.02426528040671444,0.09208968946849916,0.21491767814382423,0.42108970526024675,0.46490541549626996,nan,nan,nan,nan,nan,nan,1,0
0.7800000000000005,0.004773300990950638,0.009546601981901276,0.2872317998077605,0.09524599558361627,0.19049199116723253,0.5031271931944598,0.2034809116082359,-0.0757099229496429,0.1645304142051845,0.08347685270373742,0.16458882170408434,0.32851659360598495,nan,nan,nan,nan,nan,nan,1,0
0.7900000000000005,0.00518726636800702,0.01037453273601404,0.2893516438201833,0.09935169049353185,0.1987033809870637,0.5087625629814759,0.1487655455989286,0.16160639352353232,0.640007878118815,0.009070371975089808,-0.1578868045984117,0.502427749014946,nan,nan,nan,nan,nan,nan,1,0
0.8000000000000005,0.0056183236340036835,0.011236647268007367,0.2914948776193982,0.10345374383919922,0.20690748767839845,0.514376111811578,-0.4813804181021193,-0.1211051970672407,0.5232404830972999,0.2969175443837282,0.35734484176125014,0.5200896605985167,nan,nan,nan,nan,nan,nan,1,0
0.8100000000000005,0.0060664572721707034,0.012132914544341407,0.2936614094428638,0.10755207316008485,0.2151041463201697,0.5199676376317484,-0.06903017631797459,-0.28992422799911277,0.3612229570880598,0.08810965882019765,0.15036022985732644,0.25133931138591314,nan,nan,nan,nan,nan,nan,1,0
0.8200000000000005,0.006531651422506156,0.013063302845012312,0.29585114669094675,0.11164659608050867,0.22329319216101734,0.5255369395399154,-0.039363819970962,-0.1209284841830924,0.2886527071794902,-0.06216248572720284,0.10987958357458341,0.709206451070707,nan,nan,nan,nan,nan,nan,1,0
0.8300000000000005,0.007013889882162583,0.014027779764325166,0.2980639959317386,0.11573723031754247,0.23147446063508495,0.5310838177900461,-0.1508759972221816,0.10016961928463877,0.3553472233985478,0.10768916024608281,0.2700810210478887,0.7076551599258565,nan,nan,nan,nan,nan,nan,1,0
0.8400000000000005,0.007513156105864605,0.01502631221172921,0.3002998629058937,0.11982389368848523,0.23964778737697046,0.5366080737972352,0.023341433497089527,0.015532528422808268,0.46034749267784053,0.14408946261232547,0.4052743499032766,0.35843955191400845,nan,nan,nan,nan,nan,nan,1,0
0.8500000000000005,0.00802943320635606,0.01605886641271212,0.3025586525314887,0.12390650411794897,0.24781300823589794,0.5421095101428033,-0.21645802814697818,0.09047576280921607,0.6448871262457725,0.18386263804637892,0.17853726372065987,0.5258007333288495,nan,nan,nan,nan,nan,nan,1,0
0.8600000000000005,0.008562703954875168,0.017125407909750336,0.3048402689089029,0.1279849796445859,0.2559699592891718,0.5475879305794081,-0.011683759843210661,0.0786642748995633,0.06742225610792202,0.14901906922617086,0.32228956062794756,0.5601625028865431,nan,nan,nan,nan,nan,nan,1,0
0.8700000000000006,0.009112950781656356,0.01822590156331271,0.3071446153257203,0.13205923842748485,0.2641184768549697,0.5530431400361746,0.3968336382250134,0.13219741520230416,0.15759841580065925,0.18453039593693782,0.3455520055764208,0.3958126757276773,nan,nan,nan,nan,nan,nan,1,0
0.8800000000000006,0.00968015577645745,0.0193603115529149,0.309471594261653,0.13612919875226276,0.2722583975045255,0.5584749446238456,0.22365356800087066,-0.21155964453480292,0.22465582085477875,0.1409141324989203,0.3268539013611245,0.5827764887507588,nan,nan,nan,nan,nan,nan,1,0
0.8900000000000006,0.010264300689111095,0.02052860137822219,0.3118211073934861,0.14019477903687502,0.28038955807375,0.5638831516399553,0.13501553341906947,0.1964329052390106,0.3306071046206134,0.10254846018015701,0.22153303287566617,0.374203100771791,nan,nan,nan,nan,nan,nan,1,0
0.9000000000000006,0.010865366930099287,0.021730733860198574,0.31419305560004457,0.14425589783716594,0.28851179567433183,0.5692675695740245,-0.10164955561554466,-0.16911642846735553,0.17015219909359938,0.21985752561391947,0.2925326512609436,0.4746875901717938,nan,nan,nan,nan,nan,nan,1,0
0.9100000000000006,0.011483335571150034,0.02296667114230007,0.31658733896718116,0.14831247385217936,0.29662494770435865,0.5746280081127777,0.026001525539551144,0.2117865179192328,0.2756290492020611,0.06640082535358288,0.2986055962698904,0.29748623406505664,nan,nan,nan,nan,nan,nan,1,0
0.9200000000000006,0.01211818734585523,0.02423637469171046,0.3190038567927869,0.15236442592924726,0.30472885185849446,0.57996427814538,-0.4939616062018146,-0.3872496607454689,0.21752930937319293,0.043284416007974,0.43978084826760466,0.5257053712004242,nan,nan,nan,nan,nan,nan,1,0
0.9300000000000006,0.012769902650308869,0.025539805300617738,0.32144250759182313,0.15641167306887302,0.312823346137746,0.5852761917686915,-0.06069175134137627,-0.3639583259715267,0.4158213814659946,0.09775271288638207,0.35720106478456615,0.4396412634228964,nan,nan,nan,nan,nan,nan,1,0
0.9400000000000006,0.013438461543764803,0.026876923087529606,0.3239031891013754,0.16045413442942416,0.32090826885884827,0.590563562292537,-0.06486235095444656,-0.1368269030377507,0.021034503125428317,0.3281438793569886,0.33202176958581886,0.5720780827290172,nan,nan,nan,nan,nan,nan,1,0
0.9500000000000006,0.01412384374931334,0.02824768749862668,0.3263857982857295,0.16449172933164877,0.3289834586632975,0.595826204244988,0.059681302999389584,0.17168707475109263,0.1713797572523923,0.1850785783540755,0.44447980128403064,0.7326090747234599,nan,nan,nan,nan,nan,nan,1,0
0.9600000000000006,0.014826028654575954,0.029652057309151908,0.3288902313414697,0.16852437726302774,0.3370487545260554,0.6010639333776532,-0.11022130982522134,-0.054851130421465416,0.05275801256493173,0.2443094987023278,0.592576235940899,0.5680642053411832,nan,nan,nan,nan,nan,nan,1,0
0.9700000000000006,0.015544995312417514,0.03108999062483503,0.3314163837025988,0.17255199788197473,0.3451039957639494,0.6062765666709755,0.32988287980537534,-0.1765569356100193,0.5845279851827607,0.2722677792835235,0.3366994532865207,0.3725429214786874,nan,nan,nan,nan,nan,nan,1,0
0.9800000000000006,0.016280722441675406,0.03256144488335081,0.3339641500456802,0.17657451102189423,0.3531490220437884,0.6114639223395305,-0.2023251582449121,0.17718853936307585,0.27493056660610904,0.23650373753039589,0.2701863451037402,0.7163972545105703,nan,nan,nan,nan,nan,nan,1,0
0.9900000000000007,0.017033188427905018,0.034066376855810036,0.3365334242950024,0.18059183669510734,0.3611836733902146,0.6166258198373242,-0.0650878878562299,0.2242442636136677,0.10433344066315903,0.13011172651979278,0.35633274207078386,0.5791432217567662,nan,nan,nan,nan,nan,nan,1,0
1.0000000000000007,0.017802371324141076,0.03560474264828215,0.33912409962776524,0.18460389509665426,0.36920779019330846,0.621762079863086,0.14909408357390805,0.05989646566243794,0.32256682550454713,0.34482962340783185,0.3358409338460971,0.6487022391529462,nan,nan,nan,nan,nan,nan,1,0
1.0100000000000007,0.01858824885167433,0.03717649770334866,0.3417360684792884,0.18861060660798137,0.3772212132159627,0.6268725243655526,0.22032799078961596,0.04710443943025811,0.6598957969343425,0.1726703599131785,0.219785249376648,0.39380726039403413,nan,nan,nan,nan,nan,nan,1,0
1.0200000000000007,0.019390798400843165,0.03878159680168633,0.3443692225482415,0.19261189180052044,0.3852237836010408,0.6319569765487419,0.23286989011667775,-0.3206368723415761,0.2484595338134079,0.1686332806630721,0.3096656724419748,0.6772094107825513,nan,nan,nan,nan,nan,nan,1,0
1.0300000000000007,0.020209997031839694,0.04041999406367939,0.3470234528018965,0.19660767143916674,0.39321534287833343,0.6370152608772103,0.02142043634141364,0.5524477280708363,0.3088827641622835,0.06009529884767073,0.48978661431902215,0.6263109913860234,nan,nan,nan,nan,nan,nan,1,0
1.0400000000000007,0.021045821475529955,0.04209164295105991,0.3496986494814019,0.20059786648566225,0.40119573297132444,0.6420472030812924,-0.088971300171034,0.10620638424517727,0.2062597198779034,0.257888044093428,0.49679894612312103,0.5284617395278923,nan,nan,nan,nan,nan,nan,1,0
1.0500000000000007,0.02189824813428783,0.04379649626857566,0.35239470210707824,0.20458239810188963,0.4091647962037792,0.6470526301623193,-0.07475307340270315,0.2104298979546848,0.4550112017819471,0.17509482135580864,0.3851603338423998,0.6817805003632273,nan,nan,nan,nan,nan,nan,1,0
1.0600000000000007,0.02276725308284234,0.04553450616568468,0.35511149948373577,0.20856118765308232,0.4171223753061646,0.6520313703978122,-0.14627686448693208,0.18139989957691838,0.687109877108129,0.21941760905334193,0.5060097198298561,0.6688177366732715,nan,nan,nan,nan,nan,nan,1,0
1.0700000000000007,0.023652812069137986,0.04730562413827597,0.35784892970601345,0.21253415671095527,0.42506831342191054,0.6569832533466484,-0.08024160898108125,0.13105485231238032,0.40626265998194694,0.3172983634845026,0.4053799432091958,0.5613802968721964,nan,nan,nan,nan,nan,nan,1,0
1.0800000000000007,0.024554900515207825,0.04910980103041565,0.36060688016373926,0.21650122705676123,0.43300245411352245,0.6619081098541969,0.5458831849615321,0.37535029348105886,0.13866583006276928,0.3092341677284984,0.5063359880370834,0.6746806547650022,nan,nan,nan,nan,nan,nan,1,0
1.0900000000000007,0.025473493518058974,0.05094698703611795,0.36338523754731183,0.22046232068427596,0.4409246413685519,0.6668057720574209,0.04816025826895321,0.23714797008196822,-0.007027088716533403,0.1841601471833222,0.4331469122162098,0.5986219472998361,nan,nan,nan,nan,nan,nan,1,0
1.1000000000000008,0.026408565850570293,0.052817131701140586,0.3661838878531033,0.22441735980271685,0.4488347196054337,0.6716760733899444,0.01147004676482848,0.2987833988320271,0.4455289334651802,0.26362235143768786,0.4341601749164678,0.6925339395316593,nan,nan,nan,nan,nan,nan,1,0
1.1100000000000008,0.02736009196240195,0.0547201839248039,0.3690027163888828,0.22836626683959765,0.4567325336791953,0.6765188485870811,-0.06711290083717697,-0.06498647277632988,0.01715750102416308,0.2611423193973128,0.5320462693621221,0.7360147523040874,nan,nan,nan,nan,nan,nan,1,0
1.1200000000000008,0.02832804598091663,0.05665609196183326,0.37184160777926123,0.23230896444352298,0.46461792888704595,0.6813339336908217,-0.0730632554255235,-0.05712774929458775,0.1273723939293096,0.3408326069734721,0.4444465777170504,0.561641389088017,nan,nan,nan,nan,nan,nan,1,0
1.1300000000000008,0.02931240171211215,0.0586248034242243,0.37470044597115615,0.23624537548692526,0.4724907509738505,0.6861211660547791,0.38949605227603895,0.02992816448172934,0.253245166118224,0.21100926867908518,0.39707146430730067,0.6292253067909781,nan,nan,nan,nan,nan,nan,1,0
1.1400000000000008,0.030313132641565262,0.060626265283130525,0.37757911423927737,0.24017542306874692,0.48035084613749385,0.6908803843490876,0.2162921138707918,-0.10578141858475679,0.34013253943630667,0.36704946205615263,0.3695532145829046,0.8418405504060424,nan,nan,nan,nan,nan,nan,1,0
1.1500000000000008,0.03133021193538639,0.06266042387077278,0.3804774951916326,0.24409903051707005,0.4881980610341401,0.6956114285652557,0.14172480667498147,-0.18931010230064985,0.2324207655647121,0.2921776264308068,0.5013251691164812,0.5843802876509593,nan,nan,nan,nan,nan,nan,1,0
1.1600000000000008,0.03236361244118512,0.06472722488237025,0.3833954707750533,0.24801612139169607,0.49603224278339214,0.7003141400209693,-0.17199349268220487,0.10956440832597143,0.4080919598131729,0.13673040433705,0.4653551972737375,0.836983386482202,nan,nan,nan,nan,nan,nan,1,0
1.1700000000000008,0.03341330668904628,0.06682661337809256,0.3863329222807402,0.2519266194866775,0.503853238973355,0.7049883613648439,-0.09715414548455449,0.13203503238952902,0.26867887180040867,0.16469047310571328,0.1628318333032408,0.860920074505666,nan,nan,nan,nan,nan,nan,1,0
1.1800000000000008,0.0344792668925163,0.0689585337850326,0.38928973034982817,0.2558304488328033,0.5116608976656066,0.7096339365811241,0.05033612493056359,-0.25372053630491853,0.8564904006641626,0.17513615784154551,0.49908847848829835,0.7396691096615893,nan,nan,nan,nan,nan,nan,1,0
1.1900000000000008,0.0355614649495998,0.0711229298991996,0.3922657749789712,0.25972753370004054,0.5194550674000811,0.7142507109943284,-0.3128277380462109,0.22653585754042446,0.512086657000861,0.40598494640142446,0.47895445587902385,0.8402529496646921,nan,nan,nan,nan,nan,nan,1,0
1.2000000000000008,0.03665987244376619,0.07331974488753237,0.39526093552594554,0.26361779859993256,0.5272355971998651,0.7188385312738382,-0.20365198231433917,-0.0980968511747223,0.6586200488522203,0.005199542315975969,0.6040224401999135,0.9344355901757204,nan,nan,nan,nan,nan,nan,1,0
1.2100000000000009,0.03777446064496601,0.07554892128993201,0.39827509071527234,0.267501168287957,0.535002336575914,0.7233972454384294,-0.14627923039640017,-0.06047697450629569,0.4129554072007262,0.26923553175760195,0.6417876154040785,0.6840836726091666,nan,nan,nan,nan,nan,nan,1,0
1.2200000000000009,0.03890520051065702,0.07781040102131404,0.4013081186438588,0.2713775677658434,0.5427551355316867,0.727926702860744,0.20368097187034725,-0.025635300182884124,0.36956471267928714,0.17562857461285047,0.49667237015891846,0.6455016732925263,nan,nan,nan,nan,nan,nan,1,0
1.2300000000000009,0.04005206268683974,0.08010412537367947,0.40435989678665757,0.2752469222838525,0.550493844567705,0.7324267542717026,-0.07196974952884201,0.324397584090797,0.5710102798617746,0.44917366234465816,0.7416492062218696,0.5664979312446305,nan,nan,nan,nan,nan,nan,1,0
1.2400000000000009,0.041215017509102315,0.08243003501820463,0.4074303020023445,0.279109157343019,0.558218314686038,0.7368972517648547,0.19033264247867765,0.3219084592647446,0.7583840103744153,0.34560904815921184,0.4808700515803142,0.7683208653807476,nan,nan,nan,nan,nan,nan,1,0
1.2500000000000009,0.04239403500367464,0.08478807000734928,0.4105192105390139,0.28296419869735734,0.5659283973947147,0.7413380488006661,-0.27002664994501924,-0.03066691379912924,0.3393286490904137,0.08044312254660335,0.6686807710585574,0.6940774343529281,nan,nan,nan,nan,nan,nan,1,0
1.260000000000001,0.04358908488849145,0.0871781697769829,0.413626498039892,0.286811972356033,0.573623944712066,0.7457490002107432,-0.28989499340706687,-0.3183749269665646,0.1474679778034531,0.34422405566895725,0.6507031362234053,0.7864717946906638,nan,nan,nan,nan,nan,nan,1,0
1.270000000000001,0.04480013657426436,0.08960027314852873,0.4167520395490669,0.29065240458549974,0.5813048091709995,0.7501299622019907,-0.08043906025709417,0.1365955315862477,0.5174962788082217,0.48628738886531087,0.469159204198972,0.7867996434719954,nan,nan,nan,nan,nan,nan,1,0
1.280000000000001,0.04602715916556271,0.09205431833112541,0.41989570951723654,0.2944854219116035,0.588970843823207,0.754480792360705,0.42761003349489723,0.058157578067150356,0.7414830560037398,0.2524391397195201,0.5827390425245532,0.6429769304291436,nan,nan,nan,nan,nan,nan,1,0
1.290000000000001,0.04727012146190293,0.09454024292380586,0.4230573818074724,0.29831095112165396,0.5966219022433079,0.7588013496565998,0.17630085319588049,-0.07257990217557553,0.32183195683386867,0.27345704949116506,0.4496573569216418,0.8385758880813698,nan,nan,nan,nan,nan,nan,1,0
1.300000000000001,0.04852899195884654,0.09705798391769307,0.4262369297010006,0.30212891926646485,0.6042578385329297,0.7630914944467643,0.08149486125764585,0.04091046206778481,0.4546191238630487,0.39281714733778744,0.5473282015446639,0.6951196182201876,nan,nan,nan,nan,nan,nan,1,0
1.310000000000001,0.04980373884910638,0.09960747769821277,0.42943422590299873,0.30593925366236296,0.6118785073247259,0.7673510884795517,0.21873249021022936,0.042087485501626595,0.7291737031501913,0.14977870935461526,0.48934469565398053,0.8506391259472721,nan,nan,nan,nan,nan,nan,1,0
1.320000000000001,0.05109433002366125,0.1021886600473225,0.43264914254840875,0.30974188189316726,0.6194837637863345,0.7715799948984003,0.07209557769762961,-0.1849328776418193,0.3678987236364858,0.3678764138708652,0.5979503011282168,0.8423113252787741,nan,nan,nan,nan,nan,nan,1,0
1.330000000000001,0.05240073307287849,0.10480146614575699,0.43588155120776534,0.31353673181213854,0.6270734636242771,0.7757780782455824,0.4368278535855744,0.0402065299170713,0.03582641635869249,0.4200733559863983,0.6346331801570514,0.6304244154512013,nan,nan,nan,nan,nan,nan,1,0
1.340000000000001,0.053722915287644744,0.10744583057528949,0.43913132289303985,0.3173237315438998,0.6346474630877996,0.7799452044658836,-0.1186909990516899,0.002783106995266932,0.7457495601892208,0.14897075754669256,0.7837656571281799,0.9587289864850438,nan,nan,nan,nan,nan,nan,1,0
1.350000000000001,0.05506084366050445,0.1101216873210089,0.44239832806349905,0.3211028094863286,0.6422056189726572,0.7840812409102098,-0.02528734813536177,0.2332853872827535,0.14045502144964506,0.344832506106295,0.6302784800719053,0.7804125279988063,nan,nan,nan,nan,nan,nan,1,0
1.360000000000001,0.0564144848868062,0.1128289697736124,0.44568243663157875,0.32487389431242086,0.6497477886248417,0.7881860563391233,0.15237327448190063,0.19645734597947873,0.4255232193718512,0.5442811324718989,0.5696528434351236,0.7323445204311927,nan,nan,nan,nan,nan,nan,1,0
1.370000000000001,0.057783805365856734,0.11556761073171347,0.4489835179687717,0.32863691497212816,0.6572738299442563,0.7922595209263049,-0.15604860004470475,0.316328179362009,0.7291226784761367,0.4068766736685665,0.7139760084912337,0.6071365044938896,nan,nan,nan,nan,nan,nan,1,0
1.380000000000001,0.05916877120208243,0.11833754240416486,0.4523014409115298,0.33239180069416696,0.6647836013883339,0.7963015062619438,-0.11940229393942194,-0.11518283926614176,0.39511976401783677,0.26945058373028613,0.7339114878814096,0.8815758579338463,nan,nan,nan,nan,nan,nan,1,0
1.390000000000001,0.06056934820619827,0.12113869641239654,0.45563607376718,0.3361384809878021,0.6722769619756042,0.8003118853560535,-0.1013957855993963,-0.024731821132736045,0.40020264697315683,0.19262744046388094,0.5564522797509671,0.8646180789140119,nan,nan,nan,nan,nan,nan,1,0
1.400000000000001,0.06198550189638412,0.12397100379276824,0.4589872843198538,0.3398768856446035,0.679753771289207,0.8042905326417132,0.24023409043339,0.1949711218246798,0.45676753147704335,0.37266777421861313,0.5281300196613721,0.8211531131776618,nan,nan,nan,nan,nan,nan,1,0
1.410000000000001,0.0634171974994682,0.1268343949989364,0.4623549398364298,0.3436069447401774,0.6872138894803548,0.8082373239782362,0.05897423828563724,0.13971840146873304,0.6638159139425619,0.4068996873280687,0.7319519990177862,0.7966982651302575,nan,nan,nan,nan,nan,nan,1,0
1.420000000000001,0.06486439995211767,0.12972879990423533,0.4657389070724892,0.34732858863587174,0.6946571772717435,0.8121521366542613,0.24876920037546774,0.03599804128344321,0.15023477775386485,0.365369882012394,0.762436249906119,0.9267658847779241,nan,nan,nan,nan,nan,nan,1,0
1.430000000000001,0.06632707390203624,0.13265414780407248,0.4691390522782841,0.35104174798045673,0.7020834959609135,0.8160348493907706,0.5003348019339766,-0.060634385784723854,0.8356288503146426,0.4072601613091853,0.5421028194648377,0.6712831911204656,nan,nan,nan,nan,nan,nan,1,0
1.440000000000001,0.06780518370916866,0.13561036741833732,0.4725552412047176,0.3547463537117802,0.7094927074235604,0.8198853423440311,0.012509991877374234,0.012654952632891,0.9326815099536534,0.31445653977871907,0.5543161260009347,0.9977466831516375,nan,nan,nan,nan,nan,nan,1,0
1.450000000000001,0.06929869344691199,0.13859738689382398,0.47598733910933616,0.3584423370583985,0.716884674116797,0.8237034971084605,0.2693571377169694,0.47404825625796776,0.7563291057849901,0.4040854205303673,0.8001723172238232,0.9230235051624108,nan,nan,nan,nan,nan,nan,1,0
1.460000000000001,0.07080756690333359,0.14161513380666718,0.47943521076233375,0.362129629541183,0.724259259082366,0.827489196719417,0.20764565321334433,0.12343417432093017,0.4466614988594297,0.2782421981485089,0.6585804110184293,0.8314066187454827,nan,nan,nan,nan,nan,nan,1,0
1.470000000000001,0.07233176758239568,0.14466353516479136,0.4828987204525667,0.36580816297490243,0.7316163259498049,0.8312423256559126,0.01378851217723312,0.3077594932474309,0.5845807548510609,0.29357689462222875,0.770344523781243,0.9852894335876944,nan,nan,nan,nan,nan,nan,1,0
1.480000000000001,0.07387125870518643,0.14774251741037286,0.48637773199358025,0.36947786946978156,0.7389557389395631,0.8349627698432499,0.11245153324644516,0.281406420205357,0.5417252111585034,0.28060467650778015,0.43560337811335725,0.7671734543280051,nan,nan,nan,nan,nan,nan,1,0
1.490000000000001,0.07542600321115742,0.15085200642231483,0.4898721087296452,0.37313868143303597,0.7462773628660719,0.838650416655582,-0.2700656570098202,0.10103770163757098,0.7383395900292866,0.3347514341824944,0.5802870638984869,0.6769392850337761,nan,nan,nan,nan,nan,nan,1,0
1.500000000000001,0.07699596375936735,0.1539919275187347,0.4933817135418052,0.37679053157038367,0.7535810631407673,0.8423051549183961,0.2972748626010423,0.37018262965313553,0.6983248277227918,0.4024906874138772,0.8617396728060002,0.7651824347121309,nan,nan,nan,nan,nan,nan,1,0
1.5100000000000011,0.07858110272973207,0.15716220545946413,0.49690640885393406,0.38043335288753327,0.7608667057750665,0.8459268749109187,0.21700950499622404,-0.24652381796841144,0.6863983636505762,0.5293057598738884,0.8824951352291374,0.8196540153273011,nan,nan,nan,nan,nan,nan,1,0
1.5200000000000011,0.0801813822242806,0.1603627644485612,0.5004460566388026,0.3840670786916491,0.7681341573832982,0.8495154683684449,-0.005635109037559052,0.05659517550726546,0.6191130412041601,0.477436783488936,0.7628236770692377,0.9201787841289604,nan,nan,nan,nan,nan,nan,1,0
1.5300000000000011,0.08179676406841724,0.16359352813683448,0.504000518424155,0.3876916425927937,0.7753832851855874,0.85307082848459,-0.23526539971296262,0.16909019403387787,0.5836047385656926,0.4681064299091134,0.7978508508240632,0.8126554341247303,nan,nan,nan,nan,nan,nan,1,0
1.5400000000000011,0.08342720981218951,0.16685441962437902,0.5075696552987945,0.39130697850534746,0.7826139570106949,0.8565928499134631,0.3719346329317377,0.05443628795857465,0.49926527336486526,0.3702030214179972,0.5531668250527522,0.9307751092397782,nan,nan,nan,nan,nan,nan,1,0
1.5500000000000012,0.08507268073156203,0.17014536146312406,0.5111533279186768,0.39491302064940564,0.7898260412988113,0.8600814287717636,0.3023350133915743,-0.10536923343104956,0.6357987688434236,0.2841326570219762,0.7428881160717525,0.8669723238607006,nan,nan,nan,nan,nan,nan,1,0
1.5600000000000012,0.08673313782969601,0.17346627565939202,0.5147513965130135,0.39850970355215326,0.7970194071043065,0.863536462640801,0.16445790171499514,0.2522896018165521,0.7954105639136173,0.41148778936944136,0.7972341690167664,0.6839756721069845,nan,nan,nan,nan,nan,nan,1,0
1.5700000000000012,0.08840854183823442,0.17681708367646884,0.518363720890382,0.4020969620492176,0.8041939240984352,0.8669578505684352,0.3371203651139621,0.5669469133577565,0.686347340325738,0.28649947328703995,0.8216426870330745,0.7748808495831123,nan,nan,nan,nan,nan,nan,1,0
1.5800000000000012,0.09009885321859275,0.1801977064371855,0.5219901604448443,0.4056747312859986,0.8113494625719972,0.8703454930709417,-0.3220799046308251,0.5926978401258121,0.4353849489723973,0.30862703570760114,0.8863979833714395,1.1200997212307944,nan,nan,nan,nan,nan,nan,1,0
1.5900000000000012,0.09180403216325515,0.1836080643265103,0.5256305741620726,0.40924294671897765,0.8184858934379553,0.8736992921347966,-0.0010484264528653198,0.20130822521029382,0.1885529956310758,0.44408162437269266,0.7659881916938864,0.8007996882731632,nan,nan,nan,nan,nan,nan,1,0
1.6000000000000012,0.093524038597076,0.187048077194152,0.5292848206254825,0.41280154411700387,0.8256030882340077,0.8770191512183863,0.0007409566315728366,0.6558598477664447,0.6516433459453362,0.3297558576291405,0.8686106108028195,0.9460686874253813,nan,nan,nan,nan,nan,nan,1,0
1.6100000000000012,0.09525883217858667,0.19051766435717335,0.5329527580223727,0.4163504595625596,0.8327009191251192,0.8803049752536379,0.4938406812046482,-0.1489102143786227,0.812853187952892,0.19567043819779428,0.8105321716607883,0.9526882999852274,nan,nan,nan,nan,nan,nan,1,0
1.6200000000000012,0.09700837230130753,0.19401674460261506,0.536634244150071,0.4198896294530038,0.8397792589060076,0.8835566706475737,0.042411168377053436,0.10539475366882256,0.3627402882084728,0.5408123307013826,0.8350245762688538,0.8615968405980033,nan,nan,nan,nan,nan,nan,1,0
1.6300000000000012,0.098772618095065,0.19754523619013,0.5403291364220868,0.42341899050179377,0.8468379810035875,0.8867741452837866,0.3304117514838381,0.5766326274157735,0.46906138743345926,0.40610080909254903,1.1475219605121736,1.1235734770858548,nan,nan,nan,nan,nan,nan,1,0
1.6400000000000012,0.1005515284273137,0.2011030568546274,0.5440372918742694,0.42693847973968635,0.8538769594793727,0.8899573085238395,-0.09298751105793811,-0.050532472837810066,0.2886250170634012,0.20223093765569322,0.9259439895912734,0.9407272462054552,nan,nan,nan,nan,nan,nan,1,0
1.6500000000000012,0.10234506190446335,0.2046901238089267,0.5477585671709718,0.4304480345159171,0.8608960690318344,0.8931060712085864,0.04088935420587361,0.07055466748099379,0.8430516623470216,0.35427489227696535,0.6572073013848407,0.8030701422727027,nan,nan,nan,nan,nan,nan,1,0
1.6600000000000013,0.10415317687321068,0.20830635374642137,0.5514928186112193,0.4339475924993591,0.8678951849987183,0.8962203456594174,-0.2705118040982431,-0.11747509858875271,0.4035717975133202,0.42441479086381995,1.0177828375634337,0.8954361213121171,nan,nan,nan,nan,nan,nan,1,0
1.6700000000000013,0.10597583142187593,0.21195166284375186,0.5552399021348836,0.43743709167965994,0.87487418335932,0.8993000456794255,0.3999415223898292,0.33165993936423166,0.7245424621611583,0.4978659939467617,0.8374415811843168,0.92383604637371,nan,nan,nan,nan,nan,nan,1,0
1.6800000000000013,0.1078129833817441,0.2156259667634882,0.5589996733288607,0.44091647036835857,0.8818329407367173,0.9023450865544969,0.3703617748612606,0.17156207676612162,0.8291402318660388,0.44317444665168637,1.0265761524894723,1.0021626029345752,nan,nan,nan,nan,nan,nan,1,0
1.6900000000000013,0.10966459032841068,0.21932918065682136,0.5627719874332537,0.444385667199981,0.8887713343999621,0.9053553850543249,-0.2831847235072059,0.3976693619580068,0.716430328088514,0.5826280577719345,0.7876698356105526,1.038424935941636,nan,nan,nan,nan,nan,nan,1,0
1.7000000000000013,0.11153060958313199,0.22306121916626398,0.5665566993475594,0.4478446211331153,0.8956892422662307,0.9083308594333463,0.23310475985630846,0.07498515460029798,0.3253209659141053,0.5956683334852906,0.8600624017951536,1.0263452457797708,nan,nan,nan,nan,nan,nan,1,0
1.7100000000000013,0.11341099821417977,0.22682199642835954,0.5703536636368577,0.4512932714514661,0.9025865429029323,0.9112714294316021,-0.19028524519497836,0.27474954545523195,1.1458401388075161,0.5342544962545529,1.07059889757651,0.8102018533172207,nan,nan,nan,nan,nan,nan,1,0
1.7200000000000013,0.11530571303820014,0.23061142607640028,0.5741627345380057,0.45473155776488855,0.9094631155297772,0.9141770162755208,0.004858998092859168,0.2672070433662625,0.44235539092518084,0.35523042682335293,0.736691535163902,1.0546328204509505,nan,nan,nan,nan,nan,nan,1,0
1.7300000000000013,0.11721471062157682,0.23442942124315364,0.5779837659658333,0.458159420010402,0.9163188400208041,0.917047542678627,0.001457973232064369,0.30024495916386795,0.569003622191716,0.495519175831513,0.8635851550880426,0.9246770468339662,nan,nan,nan,nan,nan,nan,1,0
1.7400000000000013,0.11913794728179841,0.23827589456359682,0.5818166115193424,0.46157679845318306,0.9231535969063662,0.9198829328421722,0.07250144253865898,0.04041625604845775,0.4989541751678863,0.4063663381415984,0.8960208370342404,0.9568046322042791,nan,nan,nan,nan,nan,nan,1,0
1.7500000000000013,0.12107537908882983,0.24215075817765966,0.5856611244879077,0.46498363368753887,0.9299672673750778,0.9226831124556913,0.3028120392124728,0.2704737316673842,0.7235869472619252,0.4297220251031722,0.9505370153120621,0.8913962251582115,nan,nan,nan,nan,nan,nan,1,0
1.7600000000000013,0.12302696186648758,0.24605392373297516,0.5895171578574806,0.4683798666378598,0.9367597332757197,0.9254480086974831,-0.26402560388784174,0.04840165311745334,0.49547912631149493,0.7346003418649654,0.8780995761129082,0.9550679574414144,nan,nan,nan,nan,nan,nan,1,0
1.7700000000000014,0.12499265119381905,0.2499853023876381,0.5933845643167932,0.4717654385595525,0.9435308771191051,0.9281775502350146,-0.20962848770362089,-0.03635403904066953,0.2859464676728809,0.44626672525137595,0.7246544479575118,1.149715275686329,nan,nan,nan,nan,nan,nan,1,0
1.7800000000000014,0.12697240240648552,0.25394480481297105,0.597263196263565,0.4751402910399527,0.9502805820799055,0.9308716672252509,-0.21232303533225247,0.09095365540693173,0.4741481012059478,0.42754085631107624,0.9706890051328146,1.036034439331806,nan,nan,nan,nan,nan,nan,1,0
1.7900000000000014,0.12896617059814894,0.2579323411962979,0.6011529058107106,0.47850436599921836,0.9570087319984368,0.9335302913149108,0.03535523578354924,0.5169319468709298,0.7773652222749284,0.5446272835262914,1.1622174565044072,0.9278282391100839,nan,nan,nan,nan,nan,nan,1,0
1.8000000000000014,0.13097391062186228,0.26194782124372457,0.6050535447925466,0.481857605691203,0.9637152113824061,0.9361533556406458,0.14438649916346835,0.14716702658178,0.7238909046808839,0.40928953030273857,0.9814424734814551,0.887339870544172,nan,nan,nan,nan,nan,nan,1,0
1.8100000000000014,0.13299557709146356,0.2659911541829271,0.6089649647710014,0.48519995270430916,0.9703999054086184,0.9387407948291464,0.4158374252949093,0.45256623124902357,0.5031549593075271,0.39174237049466654,0.6923835340316193,0.9130725517092432,nan,nan,nan,nan,nan,nan,1,0
1.8200000000000014,0.13503112438297324,0.2700622487659465,0.6128870170418229,0.4885313499623226,0.9770626999246453,0.9412925449971736,-0.1538469602625757,0.18678606783028356,0.509054336966799,0.4615315626104638,0.8358266552173701,0.794236066532804,nan,nan,nan,nan,nan,nan,1,0
1.8300000000000014,0.13708050663599503,0.27416101327199005,0.6168195526407876,0.4918517407252267,0.9837034814504535,0.9438085437515163,-0.04877643603283574,0.13345686116609662,0.8072910140354141,0.4334095415620541,0.792985636012282,0.7666710362165841,nan,nan,nan,nan,nan,nan,1,0
1.8400000000000014,0.13914367775512002,0.27828735551024003,0.6207624223499079,0.49516106858999753,0.9903221371799952,0.9462887301888752,0.16158889463227014,0.40083226022850305,0.47136274945918444,0.5382233436016892,1.0335462819202768,1.0034741776730673,nan,nan,nan,nan,nan,nan,1,0
1.8500000000000014,0.14122059141133408,0.28244118282266817,0.6247154767036398,0.49845927749137964,0.9969185549827594,0.9487330448956732,0.3334266020305676,0.2582544692813873,0.531207005657077,0.5102140238376753,0.871346258745673,0.938725675452777,nan,nan,nan,nan,nan,nan,1,0
1.8600000000000014,0.14331120104342843,0.28662240208685685,0.628678565995089,0.5017463117026426,1.0034926234052854,0.9511414299477933,0.36579201546474827,0.20395078810681722,0.5911436717869191,0.6997556854742382,0.9677862563324491,1.0269231794519944,nan,nan,nan,nan,nan,nan,1,0
1.8700000000000014,0.1454154598594131,0.2908309197188262,0.632651540282215,0.5050221158363184,1.010044231672637,0.9535138289102424,0.11041952892803122,0.17921824239620812,0.8552470409794373,0.45308109340915653,1.0496341852578472,0.8555929106921569,nan,nan,nan,nan,nan,nan,1,0
1.8800000000000014,0.14753332083793358,0.29506664167586716,0.6366342493940348,0.5082866348449194,1.016573269689839,0.9558501868367442,0.11326097545657415,0.37112525737109053,0.714331279660811,0.4964928347752829,1.1748119289256276,1.0001284342987566,nan,nan,nan,nan,nan,nan,1,0
1.8900000000000015,0.1496647367296904,0.2993294734593808,0.6406265429368234,0.5115398140216381,1.0230796280432763,0.9581504502692585,0.42028931598526187,0.2994600532582038,0.7552456944496596,0.46934374194390627,0.9493114272415274,1.0338391177386748,nan,nan,nan,nan,nan,nan,1,0
1.9000000000000015,0.15180966005886135,0.3036193201177227,0.6446282703003127,0.5147815990010269,1.029563198002054,0.9604145672374298,-0.12980071815477692,0.2521228473786973,0.4885289973610175,0.6046106438705882,0.8784552809005391,1.0150980964078367,nan,nan,nan,nan,nan,nan,1,0
1.9100000000000015,0.1539680431245266,0.3079360862490532,0.6486392806638875,0.5180119357596605,1.0360238715193213,0.9626424872579631,0.09837145206136289,0.4186945667220472,0.6688829429616309,0.4326132853643923,1.026381503271978,0.8707669646413854,nan,nan,nan,nan,nan,nan,1,0
1.9200000000000015,0.15613983800209652,0.31227967600419304,0.6526594230027789,0.521230770616778,1.0424615412335563,0.9648341613339297,-0.10966414343398229,0.3611378123740619,0.8290802169375684,0.4653218479282337,1.15602734115661,0.837519002221891,nan,nan,nan,nan,nan,nan,1,0
1.9300000000000015,0.15832499654474197,0.31664999308948394,0.6566885460942539,0.5244380502349075,1.0488761004698153,0.9669895419540011,-0.22318671498581716,-0.030402950923693828,0.6186777827487423,0.6061842774433748,1.0068067193983452,0.9469614721676908,nan,nan,nan,nan,nan,nan,1,0
1.9400000000000015,0.16052347038482725,0.32104694076965457,0.6607264985238023,0.5276337216204717,1.0552674432409437,0.9691085830916127,-0.07697795184601933,0.13788622478924217,0.6164232324946104,0.584258064322975,1.0347785783700456,0.8094213841251396,nan,nan,nan,nan,nan,nan,1,0
1.9500000000000015,0.1627352109353455,0.32547042187069103,0.6647731286913192,0.5308177321243752,1.0616354642487507,0.9711912402040577,0.6551347065090014,0.34468885512154585,0.6482832035397018,0.5031741733171607,1.0024184669672693,0.8233514075190216,nan,nan,nan,nan,nan,nan,1,0
1.9600000000000015,0.16496016939135622,0.3299203387827125,0.6688282848172838,0.5339900294425732,1.0679800588851467,0.97323747023151,0.1477576738539595,0.0026936447022114507,0.3239868550500956,0.5683333270649005,0.9521867310737171,0.8435601661486097,nan,nan,nan,nan,nan,nan,1,0
1.9700000000000015,0.16719829673142547,0.334396593462851,0.6728918149489338,0.5371505616166223,1.074301123233245,0.9752472315959789,0.051620359656226106,0.4808396521452255,0.7824012723503001,0.4239990685484075,1.1440542965197318,0.9202360344229893,nan,nan,nan,nan,nan,nan,1,0
1.9800000000000015,0.16944954371906804,0.3388990874381361,0.6769635669664346,0.5402992770342128,1.0805985540684258,0.9772204842001938,0.09129642360199529,0.6296244999212022,0.524697889848971,0.35862420207352563,1.144179403071856,1.0994920439223435,nan,nan,nan,nan,nan,nan,1,0
1.9900000000000015,0.17171386090419172,0.3434277218083835,0.6810433885890447,0.5434361244296829,1.086872248859366,0.9791571894264198,0.36438948666646964,0.02376590544512741,0.6281540956841367,0.5311580648955269,1.1510623872898635,0.9692791068714373,nan,nan,nan,nan,nan,nan,1,0
2.0000000000000013,0.17399119862454387,0.3479823972490878,0.6851311273812747,0.5465610528845154,1.093122105769031,0.9810573101352059,0.0752616066821905,0.6392501791645255,0.839038322607021,0.5859845170403248,1.041286760447693,1.0190705753086327,nan,nan,nan,nan,nan,nan,1,0
2.010000000000001,0.17628150700715978,0.3525630140143196,0.6892266307590417,0.5496740118278158,1.099348023655632,0.9829208106640641,0.146218302506687,0.35699838199716427,0.779943979797644,0.6366421088456838,0.9878718079155577,1.1060525599614326,nan,nan,nan,nan,nan,nan,1,0
2.020000000000001,0.178584735969813,0.35716947193962606,0.693329745995817,0.5527749510367731,1.1055499020735464,0.9847476568260815,0.3426590291476238,0.2385621667040099,0.562780629436586,0.4514885466771878,0.9242812185757047,0.8990363531850101,nan,nan,nan,nan,nan,nan,1,0
2.0300000000000007,0.18090083522246758,0.3618016704449353,0.6974403202287689,0.5558638206371024,1.111727641274205,0.9865378159084646,0.2975563566689738,0.18465454532419445,0.7389534105854025,0.5049106880140566,1.100541105985909,0.8838956139612815,nan,nan,nan,nan,nan,nan,1,0
2.0400000000000005,0.18322975426873203,0.3664595085374642,0.7015582004648981,0.5589405711034706,1.1178811422069415,0.988291256671017,0.11878237823542147,0.04516461919864162,0.7115355261787537,0.5281077964540485,1.2915058340049685,0.8168341372937343,nan,nan,nan,nan,nan,nan,1,0
2.0500000000000003,0.18557144240731496,0.37114288481463004,0.7056832335871671,0.5620051532599041,1.1240103065198084,0.9900079493445505,0.1777004384881005,0.2504968708776993,0.6161985909913917,0.48763863436967236,1.1823421442281996,1.0443022016506647,nan,nan,nan,nan,nan,nan,1,0
2.06,0.18792584873348236,0.37585169746696484,0.7098152663606222,0.5650575182801788,1.1301150365603578,0.9916878656292296,0.3686425285548659,0.6002179077915857,0.6209542731930183,0.6492852338133039,1.2332999249509098,0.8288328015980315,nan,nan,nan,nan,nan,nan,1,0
2.07,0.19029292214051652,0.38058584428103315,0.7139541454385091,0.5680976176881936,1.1361952353763873,0.9933309786928513,-0.2597819060011042,0.11406441833262715,0.934490042863039,0.4227636615541721,1.1840704262196664,0.9145806425690782,nan,nan,nan,nan,nan,nan,1,0
2.0799999999999996,0.19267261132117622,0.38534522264235255,0.7180997173683802,0.5711254033583255,1.1422508067166512,0.994937263169058,0.06775818933182523,0.7526989496963625,0.610833607776302,0.4825847606538128,0.9262200169943551,0.9565326787178572,nan,nan,nan,nan,nan,nan,1,0
2.0899999999999994,0.1950648647691586,0.3901297295383173,0.7222518285981947,0.5741408275157691,1.1482816550315382,0.9965066951554872,0.030609546281400807,0.20765851250890227,0.790409263606527,0.5419834402216985,1.1814986591346626,0.9465425790984767,nan,nan,nan,nan,nan,nan,1,0
2.099999999999999,0.19746963078056218,0.39493926156112447,0.7264103254824108,0.5771438427368575,1.154287685473715,0.9980392522118553,0.2622802911680021,0.5030994056798785,0.5325161515864996,0.5658212132928765,1.3628924502614352,1.0323749537758624,nan,nan,nan,nan,nan,nan,1,0
2.109999999999999,0.1998868574553512,0.3997737149107025,0.730575054288069,0.5801344019493672,1.1602688038987343,0.9995349133579781,0.14993978468985103,0.5677116359755118,1.035646240814644,0.4814750146932945,0.8277542484121285,0.973515885482657,nan,nan,nan,nan,nan,nan,1,0
2.1199999999999988,0.20231649269882124,0.4046329853976426,0.7347458612008678,0.5831124584328061,1.1662249168656122,1.0009936590717268,0.05426373535192758,0.04417866634296963,0.8064599110504408,0.30850129298002055,1.1750943274298626,0.8912939762152329,nan,nan,nan,nan,nan,nan,1,0
2.1299999999999986,0.20475848422306575,0.4095169684461316,0.73892259233123,0.5860779658186847,1.1721559316373693,1.002415471286922,-0.04593095153319254,0.4221361309839371,1.2794072703591852,0.27841242116597115,1.0803351495589664,1.0088611502086635,nan,nan,nan,nan,nan,nan,1,0
2.1399999999999983,0.20721277954844397,0.41442555909688805,0.7431050937203599,0.5890308780907699,1.1780617561815399,1.0038003333911634,0.4007938963730195,0.2702409764236355,0.7237613942473111,0.6870444604881188,1.1162549326787972,0.8014783974460524,nan,nan,nan,nan,nan,nan,1,0
2.149999999999998,0.2096793260050495,0.4193586520100991,0.7472932113462916,0.5919711495853238,1.1839422991706476,1.005148230223598,-0.09552894225127298,0.47147024914021646,0.9792995953954277,0.41044282317435987,1.2278709023299648,1.0646651286785638,nan,nan,nan,nan,nan,nan,1,0
2.159999999999998,0.21215807073418,0.4243161414683601,0.7514867911299276,0.5948987349913247,1.1897974699826495,1.0064591480726257,0.13966569660483474,0.060222946279222866,0.9576517003255168,0.7306176013638428,1.1592466442545724,0.9637290936923941,nan,nan,nan,nan,nan,nan,1,0
2.1699999999999977,0.2146489606898078,0.4292979213796157,0.7556856789410673,0.5978135893506725,1.195627178701345,1.0077330746735444,0.26324689339844287,0.862728283845023,0.7480422827320979,0.3835469014578068,1.0575737313049858,1.0796478416293167,nan,nan,nan,nan,nan,nan,1,0
2.1799999999999975,0.21715194264005103,0.43430388528010216,0.7598897206044262,0.6007156680583776,1.2014313361167552,1.0089699992061325,0.15592518171843167,0.5550200359150562,0.9237772573050935,0.5868642970464718,1.1880833018139974,0.9580526939076012,nan,nan,nan,nan,nan,nan,1,0
2.1899999999999973,0.21966696316864576,0.4393339263372916,0.7640987619056435,0.6036049268627338,1.2072098537254676,1.010169912292172,0.15867058663347267,0.2773831675010832,1.0334496214680995,0.45509753888449656,1.4247424731625686,1.0445769470326545,nan,nan,nan,nan,nan,nan,1,0
2.199999999999997,0.22219396867641858,0.44438793735283727,0.7683126485972807,0.6064813218654753,1.2129626437309506,1.01133280599291,0.08824060791287411,0.5137543774993247,1.0494858154374904,0.6979370127982236,1.1616718532031503,1.243012688173021,nan,nan,nan,nan,nan,nan,1,0
2.209999999999997,0.2247329053827599,0.4494658107655199,0.7725312264048075,0.6093448095219175,1.218689619043835,1.0124586738064627,0.026608301272531,0.5464681123695265,0.6536061770802846,0.5741989938131468,1.404415663998943,1.006091405388499,nan,nan,nan,nan,nan,nan,1,0
2.2199999999999966,0.22728371932709773,0.4545674386541956,0.776754341032579,0.6121953466410823,1.2243906932821647,1.0135475106651566,0.2672822486985523,0.4076985791673286,1.0565401997402912,0.5313812239383656,1.3934634158170547,0.932927766384854,nan,nan,nan,nan,nan,nan,1,0
2.2299999999999964,0.22984635637037193,0.45969271274074397,0.780981838169799,0.6150328903858077,1.2300657807716153,1.014599312932814,-0.20020885034670854,0.467505951330212,0.8301719402263275,0.6565259711576195,1.2706012634607182,1.0850133223342577,nan,nan,nan,nan,nan,nan,1,0
2.239999999999996,0.23242076219650876,0.4648415243930176,0.785213563496474,0.6178573982728413,1.2357147965456825,1.0156140784019783,0.020837616493056293,0.1894028560027466,0.8774201350895312,0.7105898549731995,1.2872458812002574,1.025493621999733,nan,nan,nan,nan,nan,nan,1,0
2.249999999999996,0.2350068823138959,0.47001376462779193,0.7894493626893535,0.6206688281729194,1.2413376563458387,1.016591806291082,0.15648922759511413,0.592125293586061,0.831401490159364,0.5166686225167961,1.1741610923901131,1.0122530341435583,nan,nan,nan,nan,nan,nan,1,0
2.259999999999996,0.2376046620568577,0.4752093241137155,0.79368908142786,0.6234671383108297,1.2469342766216593,1.0175324972415567,0.34901511604783825,0.7527331636479566,0.6880217308520101,0.529647836980231,1.2810736726406347,1.0868048105960089,nan,nan,nan,nan,nan,nan,1,0
2.2699999999999956,0.24021404658713044,0.480428093174261,0.7979325654000053,0.6262522872654592,1.2525045745309185,1.0184361533148862,0.23023640309342047,0.43178032702715213,1.1651488318295777,0.6478792995442522,1.423353943021639,1.0039449262583413,nan,nan,nan,nan,nan,nan,1,0
2.2799999999999954,0.24283498089533806,0.48566996179067623,0.8021796603082954,0.6290242339698271,1.2580484679396542,1.0193027779896031,0.04236395055929909,0.5497769714696772,0.6459492671585293,0.6938700391220128,1.279572344119482,0.8478037416050002,nan,nan,nan,nan,nan,nan,1,0
2.289999999999995,0.24546740980246765,0.4909348196049354,0.8064302118756213,0.6317829377111023,1.2635658754222046,1.0201323761582286,0.21714837689938926,0.3610762578851499,0.4004144343534534,0.4630556988912659,1.1919974122310784,1.0195143751007942,nan,nan,nan,nan,nan,nan,1,0
2.299999999999995,0.24811127796134516,0.49622255592269043,0.8106840658511386,0.6345283581306065,1.269056716261213,1.0209249541241578,0.32079057850323206,0.08061550086730923,0.9457415740271082,0.4035036268121668,1.089180199786336,1.00180183096356,nan,nan,nan,nan,nan,nan,1,0
2.3099999999999947,0.250766529858111,0.5015330597162221,0.8149410680161323,0.6372604552238019,1.2745209104476038,1.0216805195984888,0.4532098105590585,0.13877045595092058,0.8144115171330017,0.514077693753843,1.2491439052504318,0.9441347210897145,nan,nan,nan,nan,nan,nan,1,0
2.3199999999999945,0.25343310981369543,0.506866219627391,0.8192010641898689,0.6399791893402649,1.2799583786805298,1.0223990816967965,0.08634264394069138,0.7457223040983803,0.6047049122852596,0.7714407081636971,1.3469081948685775,1.0160808761083804,nan,nan,nan,nan,nan,nan,1,0
2.3299999999999943,0.25611096198529393,0.512221923970588,0.823463900235435,0.6426845211836443,1.2853690423672886,1.0230806509358539,0.2785841434258909,0.5418977060268334,0.8358296209248822,0.45481079247249,1.2860421154128594,0.8751550696122439,nan,nan,nan,nan,nan,nan,1,0
2.339999999999994,0.25880003036784227,0.5176000607356847,0.8277294220655613,0.6453764118116063,1.2907528236232126,1.0237252392302978,0.5908859502462125,0.7563105516257086,0.5868975942844685,0.7432273299490603,1.2257073976431236,0.7382049212566355,nan,nan,nan,nan,nan,nan,1,0
2.349999999999994,0.26150025879549127,0.5230005175909826,0.8319974756484332,0.648054822635764,1.296109645271528,1.0243328598892418,0.34090938474177584,0.2866109607975582,1.0613818756924558,0.7785765230843581,1.3580016662361276,1.1017107101515045,nan,nan,nan,nan,nan,nan,1,0
2.3599999999999937,0.2642115909430812,0.5284231818861626,0.8362679070134866,0.650719715421593,1.301439430843186,1.024903527612837,0.2355929856616898,0.734880171767131,0.8245156699383814,0.6947003435524258,1.3320406220058885,1.0344584057168615,nan,nan,nan,nan,nan,nan,1,0
2.3699999999999934,0.26693397032761595,0.533867940655232,0.8405405622571899,0.6533710522883338,1.3067421045766676,1.0254372584887792,0.5413910304875587,0.7643058802403139,0.9903756095161798,0.7066118818801902,1.24289558403391,1.1718541085658873,nan,nan,nan,nan,nan,nan,1,0
2.3799999999999932,0.26966734030973627,0.5393346806194727,0.8448152875488097,0.6560087957088786,1.3120175914177572,1.025934069988764,-0.12213648965720797,0.6564224924574109,0.9976047283393275,0.5130351601585258,1.2892235820273548,1.0525338820894081,nan,nan,nan,nan,nan,nan,1,0
2.389999999999993,0.27241164409519314,0.5448232881903864,0.8490919291361635,0.6586329085096455,1.317265817019291,1.0263939809648925,0.22737420218259635,0.409621267859164,1.2393486924619244,0.6852372667400148,1.3710407962561093,1.170641096049301,nan,nan,nan,nan,nan,nan,1,0
2.399999999999993,0.27516682473632,0.5503336494726401,0.8533703333513553,0.6612433538704384,1.3224867077408768,1.0268170116460231,0.5704147081572266,0.35282582293200093,1.112037353484615,0.6392906445301184,1.2639046601261186,1.034115069655534,nan,nan,nan,nan,nan,nan,1,0
2.4099999999999926,0.27793282513350454,0.5558656502670092,0.8576503466164972,0.6638400953242937,1.3276801906485873,1.0272031836340751,0.2719399112334838,0.6090731185807075,1.3111692946436577,0.6205086357693947,1.1231898414103563,1.008897350437538,nan,nan,nan,nan,nan,nan,1,0
2.4199999999999924,0.28070958803666,0.5614191760733201,0.861931815449415,0.6664230967573124,1.3328461935146247,1.027552519900281,-0.1276429698596221,0.44888721070635035,0.9173863356242995,0.6066236653670231,1.3447332943918269,0.9587422200631499,nan,nan,nan,nan,nan,nan,1,0
2.429999999999992,0.28349705604669534,0.5669941120933908,0.8662145864693375,0.6689923224084803,1.3379846448169606,1.0278650447813893,0.13658041615510824,0.539160759371626,0.7033685559038441,0.8199255168923265,1.306663847897281,1.0719245207142025,nan,nan,nan,nan,nan,nan,1,0
2.439999999999992,0.2862951716169848,0.5725903432339697,0.8704985064025701,0.6715477368694739,1.3430954737389478,1.028140783975819,0.12677621923907087,0.683425520213307,0.6770506081963013,0.43175572993170547,1.3808943909163247,1.0130675477306075,nan,nan,nan,nan,nan,nan,1,0
2.4499999999999917,0.2891038770548367,0.5782077541096735,0.8747834220881524,0.6740893050844533,1.3481786101689066,1.0283797645397648,0.21307077018305387,0.6999917367860449,1.0808254999101905,0.6015194402856405,1.593973162822903,1.0262178992671476,nan,nan,nan,nan,nan,nan,1,0
2.4599999999999915,0.29192311452296105,0.5838462290459222,0.8790691804834992,0.6766169923498423,1.3532339846996846,1.0285820148832536,0.4036216438429436,0.8160566128415745,1.0162742851153743,0.8717925485126595,1.5575362243505833,0.974650866522896,nan,nan,nan,nan,nan,nan,1,0
2.4699999999999913,0.29475282604093644,0.589505652081873,0.8833556286700249,0.6791307643140952,1.3582615286281905,1.0287475647661555,0.42493758975680584,0.43349100560055914,1.1074224253665716,0.5986549158691536,1.4036960101209963,1.1110142719154543,nan,nan,nan,nan,nan,nan,1,0
2.479999999999991,0.2975929534866758,0.5951859069733517,0.8876426138587505,0.6816305869774516,1.3632611739549032,1.0288764452941448,0.39411028275239535,0.36064331832682606,0.9839830251022257,0.8287313666365318,1.4549416410122413,0.9500510300686466,nan,nan,nan,nan,nan,nan,1,0
2.489999999999991,0.30044343859789113,0.6008868771957824,0.8919299833958948,0.684116426691677,1.368232853383354,1.0289686889146166,0.19060170258759074,0.904107549220566,1.0701361522268595,0.8177996477077916,1.3020698545084415,1.0987956213087386,nan,nan,nan,nan,nan,nan,1,0
2.4999999999999907,0.3033042229735569,0.6066084459471139,0.8962175847684472,0.6865882501597929,1.373176500319586,1.0290243294125554,0.4659017200401035,0.39056249742963506,0.6809355271220018,0.6645506724481298,1.3454451409021275,1.0608990788043702,nan,nan,nan,nan,nan,nan,1,0
2.5099999999999905,0.3061752480753727,0.6123504961507455,0.9005052656097237,0.6890460244357923,1.3780920488715849,1.0290434019063601,0.22725671161946287,0.815061262529084,0.7072637614650356,0.8166322165530153,1.4172301292453802,1.0149742197006504,nan,nan,nan,nan,nan,nan,1,0
2.5199999999999902,0.30905645522922415,0.6181129104584484,0.9047928737049055,0.6914897169243447,1.3829794338486896,1.0290259428436213,0.365274189463343,0.6798775292132219,0.7955795936197181,0.696396579922399,1.2907660256508569,1.017389533711271,nan,nan,nan,nan,nan,nan,1,0
2.52999999999999,0.3119477856266428,0.6238955712532858,0.909080256996559,0.6939192953804876,1.3878385907609754,1.0289719899968557,0.29325558993005874,0.576624564232409,0.7186688099296782,0.7751862886794362,1.4616289768834316,0.8879045695608279,nan,nan,nan,nan,nan,nan,1,0
2.53999999999999,0.3148491803262649,0.6296983606525299,0.913367263590139,0.6963347279093066,1.3926694558186135,1.0288815824591955,0.2056573943383707,0.7359346326459684,0.7809141270076894,0.723457975667626,1.2819909148428217,1.024046515036243,nan,nan,nan,nan,nan,nan,1,0
2.5499999999999896,0.31776058025528825,0.6355211605105766,0.9176537417594725,0.6987359829656037,1.3974719659312076,1.028754760640034,0.24074634405348017,0.4865723994486738,0.8830122925850669,0.7153088881739864,1.2389728774958089,1.0515805624142123,nan,nan,nan,nan,nan,nan,1,0
2.5599999999999894,0.32068192621092806,0.6413638524218562,0.9219395399522251,0.701123029353553,1.4022460587071062,1.0285915662606278,0.3455000370997099,0.36065619336087984,1.243060382010241,0.6255494239562946,1.4681498330354532,1.0611620722734425,nan,nan,nan,nan,nan,nan,1,0
2.569999999999989,0.32361315886187114,0.6472263177237424,0.9262245067953486,0.7034958362263453,1.4069916724526907,1.0283920423496562,0.22461340076063643,0.6534544842098581,0.6810902326077053,0.730321410938106,1.3967639617880518,0.910549252477783,nan,nan,nan,nan,nan,nan,1,0
2.579999999999989,0.32655421874972873,0.6531084374994576,0.93050849110051,0.7058543730858211,1.4117087461716424,1.0281562332387388,0.3993084248092792,0.9333681249524308,0.98354163526709,0.8612206557788828,1.3317268275124696,1.041774032382733,nan,nan,nan,nan,nan,nan,1,0
2.5899999999999888,0.32950504629048744,0.659010092580975,0.9347913418695013,0.7081986097820918,1.4163972195641839,1.0278841845579105,0.2777829781976517,0.8362776771453768,1.052167372052081,0.773451297609248,1.3677415875962484,1.0793386207729898,nan,nan,nan,nan,nan,nan,1,0
2.5999999999999885,0.3324655817759589,0.664931163551918,0.9390729082996307,0.7105285165131499,1.4210570330263,1.0275759432310554,0.5148138489938572,0.43790882862962055,0.8749060206893655,0.4751810762833102,1.4307391162253127,1.0358613912812253,nan,nan,nan,nan,nan,nan,1,0
2.6099999999999883,0.3354357653752275,0.6708715307504551,0.9433530397890945,0.7128440638244676,1.4256881276489355,1.0272315574712996,0.4445240268693532,0.5449887716341718,1.185289063807289,0.54218998461185,1.3380720734920524,1.239461756395704,nan,nan,nan,nan,nan,nan,1,0
2.619999999999988,0.3384155371360966,0.6768310742721934,0.9476315859423293,0.715145222608585,1.4302904452171703,1.026851076776364,0.8041138359146618,0.45076009036138387,0.6428680497477073,0.7975786128604859,1.4300787983352228,0.9060645987733182,nan,nan,nan,nan,nan,nan,1,0
2.629999999999988,0.3414048369865328,0.6828096739730657,0.9519083965753454,0.7174319641046863,1.434863928209373,1.0264345519238764,0.17988115722389675,0.9163680511328882,0.9875722604262003,0.5526529976845729,1.3939066599450576,1.0166384212273887,nan,nan,nan,nan,nan,nan,1,0
2.6399999999999877,0.3444036047361085,0.6888072094722171,0.9561833217210398,0.7197042598981662,1.4394085197963327,1.0259820349666453,0.04234624280537441,0.3197425798954427,1.3795690938550302,0.6638553685443622,1.3861261797400535,1.079659927581393,nan,nan,nan,nan,nan,nan,1,0
2.6499999999999875,0.3474117800774426,0.6948235601548853,0.9604562116344894,0.7219620819201847,1.4439241638403697,1.025493579227893,0.31983488574521285,0.44484000796937373,1.0706546373090686,0.721402098398437,1.5265751694690626,1.1788807685692242,nan,nan,nan,nan,nan,nan,1,0
2.6599999999999873,0.3504293025876393,0.7008586051752788,0.9647269167982245,0.724205402447212,1.4484108048944242,1.0249692392964518,0.4740820310295314,0.5879604699362228,0.7822997939951172,0.7146444561103817,1.5138321242077073,0.8094403328086293,nan,nan,nan,nan,nan,nan,1,0
2.669999999999987,0.353456111729725,0.7069122234594502,0.9689952879274826,0.7264341941005624,1.452868388201125,1.0244090710219216,0.42293376355881207,0.5256285827290481,0.9237122504663876,0.7752369899006709,1.6068183600392463,1.079746907508088,nan,nan,nan,nan,nan,nan,1,0
2.679999999999987,0.35649214685408304,0.7129842937081662,0.97326117597544,0.7286484298459183,1.4572968596918368,1.0238131315097896,0.29840366960302345,1.2254513354523986,1.5149959388922083,0.834507745078714,1.43696292673166,0.9643228468711208,nan,nan,nan,nan,nan,nan,1,0
2.6899999999999866,0.35953734719988656,0.7190746943997732,0.9775244321384255,0.7308480829928434,1.461696165985687,1.0231814791165126,0.03733901670147527,0.08598067240898999,1.1355459260528349,0.6685672333588437,1.5156487187829057,1.0767263783890808,nan,nan,nan,nan,nan,nan,1,0
2.6999999999999864,0.3625916518965294,0.725183303793059,0.9817849078611113,0.7330331271942866,1.4660662543885734,1.0225141734445642,0.2810283129561861,0.7158777612114625,1.2943535009543021,0.5554793613145559,1.4653847983608526,0.9848322021969443,nan,nan,nan,nan,nan,nan,1,0
2.709999999999986,0.36565499996505474,0.7313099999301096,0.986042454841684,0.735203536446075,1.4704070728921501,1.0218112753374438,0.10046442177879811,0.7065181549805671,1.0236079216217822,0.7819160352750377,1.6880300252440688,0.9497071561355348,nan,nan,nan,nan,nan,nan,1,0
2.719999999999986,0.3687273303195814,0.7374546606391629,0.990296925036995,0.7373592850863974,1.474718570172795,1.0210728468746517,-0.1850516487680396,0.7345633118084296,0.9908361201708403,0.6908556306717555,1.5409234589562963,1.1623769157512889,nan,nan,nan,nan,nan,nan,1,0
2.7299999999999858,0.3718085817687284,0.7436171635374569,0.9945481706676892,0.7395003477952787,1.4790006955905577,1.0202989513666283,0.18945793225413815,0.3262586735647889,1.0866706919182199,0.8729034684419086,1.635031835016199,1.0281026452938842,nan,nan,nan,nan,nan,nan,1,0
2.7399999999999856,0.3748986930170369,0.7497973860340739,0.9987960442233128,0.7416266995940439,1.483253399188088,1.0194896533496576,0.18692745155590046,0.9457170519057638,0.9613016483446915,0.6476630235370963,1.3421660469181933,0.978380807711627,nan,nan,nan,nan,nan,nan,1,0
2.7499999999999853,0.3779976026663901,0.7559952053327803,1.0030403984673992,0.7437383158447723,1.487476631689545,1.0186450185807379,0.12048138650671814,0.6512787932328974,1.0162409802068735,0.8844937847549432,1.430330464398981,1.0508800058205046,nan,nan,nan,nan,nan,nan,1,0
2.759999999999985,0.3811052492174307,0.7622104984348615,1.0072810864425343,0.7458351722497438,1.4916703444994879,1.0177651140324184,0.2917700966576464,0.7251592384332486,0.999795380938981,0.7310370734701397,1.425809095539329,0.9089225062897992,nan,nan,nan,nan,nan,nan,1,0
2.769999999999985,0.38422157107097604,0.7684431421419522,1.0115179614753993,0.7479172448508743,1.4958344897017488,1.0168500078876017,0.7294077823953848,0.8088171299862473,1.1937200171742286,0.7857168565067219,1.5149938408091779,1.0855867632229934,nan,nan,nan,nan,nan,nan,1,0
2.7799999999999847,0.3873465065294308,0.7746930130588617,1.0157508771817922,0.7499845100291429,1.499969020058286,1.015899769534314,0.26003628773946885,0.9810041998840465,1.1044899265152592,0.7449922579400136,1.5331687959942044,0.8773313675673335,nan,nan,nan,nan,nan,nan,1,0
2.7899999999999845,0.39047999379819753,0.7809599875963952,1.0199796874716274,0.7520369445040103,1.5040738890080207,1.0149144695604422,0.1957836346063897,0.9887284963513632,1.1116641920208847,0.7781750830702396,1.4888438364643413,0.9580149566004215,nan,nan,nan,nan,nan,nan,1,0
2.7999999999999843,0.3936219709870843,0.7872439419741687,1.0242042465539125,0.7540745253328273,1.5081490506656547,1.0138941797484409,0.8781113384933805,0.7662075373780403,1.1052421952719163,0.7380976155929022,1.6126362331006647,1.024861202467676,nan,nan,nan,nan,nan,nan,1,0
2.809999999999984,0.3967723761117103,0.7935447522234207,1.0284244089417043,0.7560972299102356,1.5121944598204715,1.0128389730700051,0.0521129000507316,0.8737170645904531,0.7915995229550754,0.6221436449754302,1.548067050613703,1.1003269031649512,nan,nan,nan,nan,nan,nan,1,0
2.819999999999984,0.39993114709490846,0.799862294189817,1.0326400294570406,0.7581050359675597,1.5162100719351197,1.0117489236807147,0.6532596582217839,0.7158484622376282,1.1996109675227649,0.9177564523487971,1.4405909049057628,1.2469033232038698,nan,nan,nan,nan,nan,nan,1,0
2.8299999999999836,0.40309822176812593,0.806196443536252,1.0368509632358516,0.7600979215721896,1.5201958431443794,1.010624106914646,0.3007946058113977,0.941815697608702,1.2439383775250266,0.7717032536078315,1.40912201222986,0.9578218034968464,nan,nan,nan,nan,nan,nan,1,0
2.8399999999999834,0.40627353787282156,0.8125470757456432,1.0410570657328473,0.7620758651269559,1.524151730253912,1.0094645992789544,0.574331660224539,0.4742427907923381,0.8647286555045481,0.5215932747894342,1.6705762572839902,0.9730381199814426,nan,nan,nan,nan,nan,nan,1,0
2.849999999999983,0.4094570330618611,0.8189140661237224,1.0452581927263824,0.7640388453694968,1.528077690738994,1.0082704784484278,0.6902120395797399,0.9951917621106245,0.6006775285736359,0.8002168703309275,1.4042116987418203,1.146952218659867,nan,nan,nan,nan,nan,nan,1,0
2.859999999999983,0.4126486449009095,0.8252972898018193,1.0494542003232992,0.765986841371616,1.5319736827432322,1.0070418232600091,0.2936152194914421,0.7663473495645584,0.9621862296823587,0.5815591233938153,1.4197512543801538,0.9046963504962389,nan,nan,nan,nan,nan,nan,1,0
2.869999999999983,0.4158483108698205,0.8316966217396412,1.0536449449637462,0.7679198325386333,1.5358396650772668,1.005778713707292,0.4125834886759123,0.7609011491474543,0.7181620227834958,0.7721946257073516,1.577733535993722,1.0189492317178408,nan,nan,nan,nan,nan,nan,1,0
2.8799999999999826,0.41905596836402353,0.8381119367280473,1.0578302834259752,0.7698377986087273,1.5396755972174547,1.0044812309349864,0.2449579215836233,0.9814085623117814,1.2041950587069472,0.6737271967931795,1.4806750413546554,1.0831015113241276,nan,nan,nan,nan,nan,nan,1,0
2.8899999999999824,0.422271554695908,0.8445431093918162,1.0620100728311141,0.7717407196522699,1.54348143930454,1.003149457233358,0.45446022377879464,0.5841902089421539,1.0397523832743134,0.8685919008785515,1.5560549804813375,1.0313097008344396,nan,nan,nan,nan,nan,nan,1,0
2.899999999999982,0.42549500709620447,0.8509900141924092,1.0661841706479167,0.7736285760711535,1.5472571521423073,1.0017834760326383,0.39918867780073947,0.8918434233795278,1.0720531026573745,0.8172476771085083,1.529361863650868,1.0328464752114306,nan,nan,nan,nan,nan,nan,1,0
2.909999999999982,0.42872626271536324,0.8574525254307267,1.0703524346974893,0.7755013485981107,1.5510026971962216,1.0003833718974098,0.7313226580258114,0.8800564228625412,1.316697061992258,0.879826518965709,1.4718529325013943,0.9928840736703255,nan,nan,nan,nan,nan,nan,1,0
2.9199999999999817,0.43196525862493,0.8639305172498603,1.0745147231579932,0.777359018296026,1.5547180365920523,0.9989492305209627,0.5546009533860768,0.8953886428008617,1.3122936500799385,0.8441003942790497,1.5236877765296402,0.9842537595456861,nan,nan,nan,nan,nan,nan,1,0
2.9299999999999815,0.43521193181891854,0.8704238636378373,1.078670894569325,0.7792015665572413,1.5584031331144828,0.9974811387196271,0.34606380621152993,1.1956997101479556,1.3082926380317568,1.0395307523175583,1.42309433260952,0.8455389404024563,nan,nan,nan,nan,nan,nan,1,0
2.9399999999999813,0.4384662192151804,0.8769324384303611,1.0828208078377712,0.7810289751028525,1.5620579502057053,0.9959791844270778,0.28238784326171723,0.6736581678087792,0.7379534794118978,0.7971231933746326,1.4792134734294182,1.0624849649191408,nan,nan,nan,nan,nan,nan,1,0
2.949999999999981,0.4417280576567721,0.8834561153135444,1.0869643222406404,0.7828412259820013,1.565682451964003,0.9944434566886158,0.6551772045997566,0.7578848526621786,1.2311134286357117,0.7781545113197528,1.6636183952541348,0.8143557343078562,nan,nan,nan,nan,nan,nan,1,0
2.959999999999981,0.44499738391331856,0.8899947678266373,1.0911012974308714,0.784638301571158,1.5692766031423162,0.9928740456554235,0.3717838237284291,0.9723377357554778,1.1415133145678216,0.810936196932753,1.5645574328014384,1.01693220889556,nan,nan,nan,nan,nan,nan,1,0
2.9699999999999807,0.44827413468237437,0.896548269364749,1.0952315934416164,0.7864201845733984,1.572840369146797,0.9912710425787961,0.5879531497132602,0.8431017695316965,1.0862689750109196,0.7964233114565629,1.6062941554411643,1.068264648647249,nan,nan,nan,nan,nan,nan,1,0
2.9799999999999804,0.45155824659078136,0.903116493181563,1.099355070690801,0.7881868580176742,1.5763737160353486,0.9896345398043491,0.5935496135558471,0.8444401187516978,1.2201335814735375,0.5942826290482278,1.6088704850260809,1.037885061891098,nan,nan,nan,nan,nan,nan,1,0
2.9899999999999802,0.45484965619602336,0.9096993123920469,1.1034715899856602,0.7899383052580764,1.579876610516153,0.9879646307662022,0.7291840666444899,1.0571371777545355,1.110547688964421,0.9525627237511893,1.5008187762319147,0.969100385377794,nan,nan,nan,nan,nan,nan,1,0
2.99999999999998,0.4581482999875779,0.916296599975156,1.1075810125272483,0.7916745099730922,1.5833490199461846,0.9862614099811398,0.8121043389528999,0.722144707039607,1.1941259733434273,0.7521963328414158,1.618134689344386,1.0087973592033983,nan,nan,nan,nan,nan,nan,1,0
3.00999999999998,0.4614541143882648,0.9229082287765298,1.1116831999149264,0.7933954561648556,1.5867909123297115,0.984524973042749,0.5190129274706557,1.0896403875945437,1.5385875113550824,0.7029449864581115,1.482869358891943,0.8624912680224209,nan,nan,nan,nan,nan,nan,1,0
3.0199999999999796,0.4647670357555914,0.9295340715111831,1.1157780141508244,0.7951011281583923,1.5902022563167848,0.982755416615536,0.43405789280768886,0.9943660914601146,1.0442948745713594,0.6645844319131595,1.5245105641703458,0.9550357222215073,nan,nan,nan,nan,nan,nan,1,0
3.0299999999999794,0.468087000383095,0.9361740007661902,1.1198653176442788,0.7967915106008572,1.5935830212017146,0.9809528384290195,0.29663916731963114,0.795100499705339,1.1775853850166742,1.0212946885667036,1.6448730913362541,0.9489588016786119,nan,nan,nan,nan,nan,nan,1,0
3.039999999999979,0.4714139445016815,0.9428278890033632,1.1239449732162445,0.7984665884607672,1.5969331769215347,0.9791173372718034,0.5890087908244179,1.0386138893877919,1.564475295446104,0.8348883010240108,1.6379572404341416,1.0605750844635997,nan,nan,nan,nan,nan,nan,1,0
3.049999999999979,0.47474780428096164,0.9494956085619235,1.1280168441036846,0.800126347027228,1.6002526940544561,0.9772490129856285,0.5012877220751762,0.5860208666814222,0.9358897043425115,0.8501971471837642,1.6508757380881418,1.0237478776519855,nan,nan,nan,nan,nan,nan,1,0
3.0599999999999787,0.4780885158305831,0.9561770316611664,1.1320807939639321,0.8017707719091535,1.6035415438183072,0.9753479664594031,0.37921320301964545,1.1200848437297921,1.142814928438915,0.7019132194685275,1.5978094186823957,0.9744476517786047,nan,nan,nan,nan,nan,nan,1,0
3.0699999999999785,0.4814360152015601,0.9628720304031204,1.1361366868790288,0.8033998490344819,1.606799698068964,0.9734142996232142,0.43891596198253274,0.7982095366610462,0.963684863248647,0.9942522736166265,1.6409422658161192,1.1460639224270392,nan,nan,nan,nan,nan,nan,1,0
3.0799999999999783,0.4847902383875992,0.9695804767751987,1.1401843873600384,0.8050135646493846,1.6100271292987693,0.971448115442318,0.6006085027931988,0.5972078345004808,1.0698858360841745,0.7367768828548056,1.706829859592859,0.7561066728945511,nan,nan,nan,nan,nan,nan,1,0
3.089999999999978,0.488151121326422,0.9763022426528443,1.1442237603513346,0.8066119053174698,1.61322381063494,0.9694495179111114,0.7236680427987789,0.873550996971687,1.1991680842151786,0.7641379506251491,1.53726374935678,1.0492628650733722,nan,nan,nan,nan,nan,nan,1,0
3.099999999999978,0.49151859990108443,0.9830371998021691,1.148254671234864,0.8081948579189818,1.6163897158379639,0.9674186120470851,0.401323427729099,0.6930403099920599,1.1183178341263422,0.816317824193175,1.5663705695622063,0.8238411456918626,nan,nan,nan,nan,nan,nan,1,0
3.1099999999999777,0.49489260994129275,0.9897852198825857,1.1522769858343838,0.8097624096499937,1.6195248192999876,0.965355503884757,0.2952546354899236,0.9282961887984291,1.302360340977711,0.7451104411328882,1.602118106551757,0.9232345692332184,nan,nan,nan,nan,nan,nan,1,0
3.1199999999999775,0.4982730872247161,0.9965461744494324,1.1562905704196738,0.8113145480215959,1.622629096043192,0.9632603004695883,0.491233630850124,1.1518885151102674,0.9511532116808863,0.8152463173641388,1.6492999376739044,0.8980989145080451,nan,nan,nan,nan,nan,nan,1,0
3.1299999999999772,0.5016599674782956,1.0033199349565913,1.1602952917107232,0.8128512608590795,1.6257025217181593,0.9611331098518815,0.8964153916380948,1.252070860159246,1.3422227480503917,0.879730336527973,1.6209975911652168,0.8994764407827707,nan,nan,nan,nan,nan,nan,1,0
3.139999999999977,0.5050531863795502,1.0101063727591006,1.1642910168818927,0.8143725363011148,1.62874507260223,0.9589740410806606,0.5118547916996717,1.4338903247981816,1.3810638706026104,0.8049178329604592,1.7023153049397288,0.9765552036390092,nan,nan,nan,nan,nan,nan,1,0
3.149999999999977,0.5084526795578791,1.0169053591157584,1.168277613566049,0.8158783627989243,1.631756725597849,0.9567832041975352,0.36359397174336655,0.5992150232902613,0.7927829122453955,0.8720232144394344,1.8998346625732814,1.0859985054786978,nan,nan,nan,nan,nan,nan,1,0
3.1599999999999766,0.5118583825958601,1.0237167651917205,1.1722549498586763,0.8173687291154521,1.6347374582309044,0.9545607102305469,0.627500774758266,0.9512261541601209,1.3868263297618095,0.7567816824193724,1.6039519987700892,1.0821661518181211,nan,nan,nan,nan,nan,nan,1,0
3.1699999999999764,0.5152702310305457,1.0305404620610916,1.1762228943219597,0.818843624324528,1.6376872486490561,0.9523066711880004,0.5717211801232066,0.9357562765944377,1.0466552259688786,0.7242485774129179,1.8150873288649998,0.7835360320504432,nan,nan,nan,nan,nan,nan,1,0
3.179999999999976,0.5186881603547542,1.0373763207095086,1.1801813159888441,0.8203030378100276,1.6406060756200553,0.9500212000522781,0.5808842420159559,1.0355565785923917,1.2993837607004,0.6945507562178701,1.542713768523986,1.0574518843733118,nan,nan,nan,nan,nan,nan,1,0
3.189999999999976,0.5221121060183584,1.0442242120367171,1.1841300843670677,0.8217469592650276,1.6434939185300554,0.9477044107736393,0.6262234237130774,0.7306300751392557,1.3090780557214619,0.9699080666519208,1.6007272652291513,1.0180413943841669,nan,nan,nan,nan,nan,nan,1,0
3.1999999999999758,0.5255420034295708,1.0510840068591418,1.1880690694431677,0.8231753786909575,1.6463507573819152,0.9453564182640046,0.5259904951902631,1.2673078639047337,1.0249771959851772,0.7621859389315669,1.4620590684087955,0.863837251621821,nan,nan,nan,nan,nan,nan,1,0
3.2099999999999755,0.528977787956224,1.0579555759124482,1.1919981416864625,0.8245882863967462,1.6491765727934926,0.9429773383907252,0.5321620180302126,0.7981710673449461,1.188611316027115,0.8753083402695259,1.6713014511012618,0.9565283409539845,nan,nan,nan,nan,nan,nan,1,0
3.2199999999999753,0.5324193949270488,1.0648387898540979,1.1959171720530055,0.8259856729979657,1.6519713459959315,0.940567287970338,0.6602872813704945,0.9973695821408319,1.1880482786251676,0.6016849197709311,1.5759162652173913,0.9544786491537994,nan,nan,nan,nan,nan,nan,1,0
3.229999999999975,0.5358667596329487,1.0717335192658977,1.199826031989515,0.8273675294159697,1.6547350588319396,0.9381263847623067,0.6481697930182778,1.3018768576618767,1.019356384387073,0.6844593345771526,1.6599003304400188,1.036123447319685,nan,nan,nan,nan,nan,nan,1,0
3.239999999999975,0.5393198173282697,1.0786396346565397,1.2037245934372764,0.8287338468770294,1.6574676937540591,0.9356547474627493,0.34024106254851727,1.423362009093787,1.4376883437811556,0.7001677379032647,1.5982542219346534,1.0146373055275644,nan,nan,nan,nan,nan,nan,1,0
3.2499999999999747,0.5427785032320674,1.085557006464135,1.2076127288360188,0.8300846169114654,1.660169233822931,0.9331524956981522,0.3902360657316096,1.0757485994715228,1.577835574636972,0.7750474078093172,1.616941677012523,0.8746581099395263,nan,nan,nan,nan,nan,nan,1,0
3.2599999999999745,0.5462427525293707,1.0924855050587416,1.2114903111277648,0.8314198313527749,1.66283966270555,0.9306197500190709,0.9756921282420845,1.539736726054423,1.262894981440855,0.7403016777603314,1.7359953838642594,0.9900531612524237,nan,nan,nan,nan,nan,nan,1,0
3.2699999999999743,0.5497125003724406,1.0994250007448814,1.2153572137606559,0.8327394823367569,1.665478964673514,0.9280566318938198,0.4402059839088778,0.8326776129046214,1.33240095961165,0.8450056556837168,1.7007729239304474,1.0161144832394813,nan,nan,nan,nan,nan,nan,1,0
3.279999999999974,0.5531876818820265,1.1063753637640532,1.219213310692748,0.8340435623006331,1.6680871246012665,0.9254632637021474,0.332639648487119,1.4982173683175628,1.106705033398579,0.8980740908683305,1.7999734402150833,0.7622824285243268,nan,nan,nan,nan,nan,nan,1,0
3.289999999999974,0.5566682321486188,1.1133364642972379,1.2230584763957852,0.835332063982166,1.6706641279643322,0.9228397687289018,0.842778741410281,1.2897335773847018,1.1368865153264438,0.720144556996954,1.6994158033546325,0.7273608304881681,nan,nan,nan,nan,nan,nan,1,0
3.2999999999999736,0.560154086233697,1.1203081724673942,1.2268925858589423,0.8366049804187727,1.6732099608375457,0.9201862711576834,0.7356634068811567,1.0176981693565996,1.2093417017013135,0.979731846853813,1.7390904471947346,0.8834321008938985,nan,nan,nan,nan,nan,nan,1,0
3.3099999999999734,0.5636451791709747,1.1272903583419496,1.2307155145925444,0.8378623049466372,1.6757246098932745,0.9175028960644865,0.9472422218406699,1.1631916020016155,1.0989758760111936,0.912638535239083,1.652998861532644,0.9953157495988628,nan,nan,nan,nan,nan,nan,1,0
3.319999999999973,0.5671414459676406,1.1342828919352814,1.2345271386317582,0.8391040311998182,1.6782080623996367,0.9147897694113313,0.547221347461048,1.2776337040075818,1.4609493494729615,0.971972162618615,1.6364228076261311,0.8198091956998014,nan,nan,nan,nan,nan,nan,1,0
3.329999999999973,0.5706428216055962,1.1412856432111926,1.2383273345402577,0.8403301531093553,1.6806603062187109,0.9120470180398833,0.8196365002854494,1.2639157901401565,1.0579156975489075,0.8135434026786597,1.4879695568375562,0.9341842690375964,nan,nan,nan,nan,nan,nan,1,0
3.3399999999999728,0.5741492410426894,1.148298482085379,1.242115979413862,0.841540664902371,1.6830813298047422,0.9092747696650648,0.3923909934631463,1.124431784621123,1.6152932322539888,0.7456887724996266,1.6190081474758533,0.9418180858312233,nan,nan,nan,nan,nan,nan,1,0
3.3499999999999726,0.5776606392139443,1.1553212784278888,1.245892950884148,0.8427355611011711,1.6854711222023424,0.9064731528686552,0.5797951781693851,1.1584021709301662,1.3529369157786846,0.8990176991780889,1.7190891972530098,0.9857030644058186,nan,nan,nan,nan,nan,nan,1,0
3.3599999999999723,0.5811769510327873,1.1623539020655749,1.249658127122035,0.843914836522342,1.6878296730446842,0.9036422970928816,0.8572752100051387,1.2311607973637797,1.001248764053781,1.0062928703483123,1.8284757856090905,0.9570820720911486,nan,nan,nan,nan,nan,nan,1,0
3.369999999999972,0.58469811139227,1.1693962227845403,1.2534113868413435,0.8450784862758454,1.690156972551691,0.9007823326340016,0.6692640978067812,1.4357248701708887,1.3775440762481894,0.7470600840415224,1.7865681847385535,0.6542540012452429,nan,nan,nan,nan,nan,nan,1,0
3.379999999999972,0.5882240551662872,1.1764481103325746,1.2571526093023262,0.8462265057641107,1.6924530115282217,0.8978933906358765,0.651985134734547,1.0430115140566674,1.3900296412409254,0.8184459982874465,1.5436330336008128,0.9132405453533075,nan,nan,nan,nan,nan,nan,1,0
3.3899999999999717,0.5917547172107919,1.183509434421584,1.2608816743151743,0.8473588906811252,1.6947177813622507,0.894975603083535,0.5334874253728339,0.5857244980816445,1.2189816922213976,0.9285341862355032,1.6826670207727785,0.9016955888823854,nan,nan,nan,nan,nan,nan,1,0
3.3999999999999715,0.5952900323650065,1.1905800647300133,1.264598462243494,0.8484756370115216,1.6969512740230435,0.8920291027967308,0.6662028681086315,1.1994168162611787,1.582437193725199,1.0885460240430676,1.5754564833028584,1.1029281473628985,nan,nan,nan,nan,nan,nan,1,0
3.4099999999999713,0.5988299354526302,1.1976598709052606,1.2683028540077586,0.8495767410296637,1.6991534820593277,0.8890540234234906,0.643526544361956,1.0279510656821689,1.1592558074563235,0.8926707884826127,1.7072144602627182,0.9643321468634553,nan,nan,nan,nan,nan,nan,1,0
3.419999999999971,0.6023743612830416,1.2047487225660833,1.271994731088732,0.8506621992987302,1.7013243985974607,0.8860504994336557,0.6368702311649561,1.4307183322314252,1.179376422291361,0.7420670590753018,1.833437799790267,0.8072959128958059,nan,nan,nan,nan,nan,nan,1,0
3.429999999999971,0.605923244652499,1.2118464893049983,1.275673975530867,0.8517320086697957,1.7034640173395916,0.8830186661124151,0.45414760611554594,1.5019893841118432,1.1503315965117167,0.8993494991740462,1.7164706455788818,0.8481470684923206,nan,nan,nan,nan,nan,nan,1,0
3.4399999999999706,0.6094765203453362,1.2189530406906726,1.2793404699456747,0.852786166280911,1.7055723325618222,0.8799586595538332,0.8504819178602367,1.0653834394884203,1.461458488799675,0.894452920120013,1.8355711960561085,1.035161001596212,nan,nan,nan,nan,nan,nan,1,0
3.4499999999999704,0.6130341231351536,1.2260682462703074,1.282994097515068,0.8538246695561804,1.707649339112361,0.8768706166543696,0.5588423449577727,0.9042652700962037,1.5575615556688218,0.699138141040661,1.6508410845005719,0.9346533711453692,nan,nan,nan,nan,nan,nan,1,0
3.45999999999997,0.6165959877860071,1.2331919755720144,1.286634741994678,0.8548475162048383,1.709695032409677,0.873754675106393,0.5537801483059397,1.1121146073916817,1.5810325163184165,0.8181353213167392,1.6203549682222924,1.0344103437569738,nan,nan,nan,nan,nan,nan,1,0
3.46999999999997,0.6201620490535917,1.2403240981071837,1.2902622877171432,0.8558547042203235,1.7117094084406472,0.8706109733916897,0.6044967617091491,1.1706570654526487,1.668244181369914,0.8400411183884163,1.6848562448091131,0.84373107313628,nan,nan,nan,nan,nan,nan,1,0
3.47999999999997,0.6237322416864224,1.247464483372845,1.2938766195953724,0.856846231879352,1.7136924637587043,0.8674396507749651,0.36023613390212433,0.8446321411278592,1.5945473118385742,0.9431324253674095,1.6917619737543275,1.0647443081193448,nan,nan,nan,nan,nan,nan,1,0
3.4899999999999696,0.6273065004270099,1.25461300085402,1.2974776231257779,0.857822097740989,1.7156441954819783,0.8642408472973412,0.5100161123300091,1.572856675399457,1.3333723076652393,0.93681338939122,1.6908529235884744,0.8202844962310529,nan,nan,nan,nan,nan,nan,1,0
3.4999999999999694,0.6308847600130337,1.2617695200260677,1.3010651843914856,0.8587823006457187,1.7175646012914376,0.8610147037698477,0.41878597091025227,1.3440148382068398,1.1950475299800574,0.9670925165291734,1.6765004228234581,0.7162082775549662,nan,nan,nan,nan,nan,nan,1,0
3.509999999999969,0.6344669551785108,1.2689339103570219,1.3046391900655143,0.859726839714513,1.7194536794290263,0.8577613617669091,0.7313736314291189,1.3477292775970973,1.4294717706717932,1.0812716431155587,1.6528845639626175,0.8819354465517261,nan,nan,nan,nan,nan,nan,1,0
3.519999999999969,0.6380530206549604,1.276106041309921,1.3081995274139302,0.8606557143478999,1.7213114286958,0.8544809636198268,0.8024783416053111,1.2319211834787491,1.2695608413985013,0.8337293687135656,1.6102926063924135,0.8150473300867705,nan,nan,nan,nan,nan,nan,1,0
3.5299999999999687,0.6416428911725647,1.2832857823451296,1.311746084298973,0.8615689242250292,1.7231378484500586,0.8511736524102573,0.7383476293784831,1.7008483459031565,1.2809162882998,0.764912811313256,1.528053939614741,0.7665567062968581,nan,nan,nan,nan,nan,nan,1,0
3.5399999999999685,0.645236501461326,1.2904730029226523,1.315278749182155,0.8624664693027386,1.7249329386054775,0.8478395719636859,0.6986020399579619,1.0945268535119526,1.329527377062253,0.798480112593469,1.6391976480672035,0.9504193576455764,nan,nan,nan,nan,nan,nan,1,0
3.5499999999999683,0.6488337862522203,1.2976675725044409,1.3187974111273337,0.863348349814618,1.7266966996292363,0.8444788668428969,0.6916392880012546,1.2325962673200226,0.9399272423390439,1.0571625320726996,1.7843464229326458,0.8029311827017445,nan,nan,nan,nan,nan,nan,1,0
3.559999999999968,0.6524346802783456,1.3048693605566914,1.3223019598037564,0.8642145662700733,1.7284291325401469,0.8410916823414407,0.405690240137342,1.020742405494216,1.1409459929600496,0.8320285048113367,1.742839023536028,0.6551833209593333,nan,nan,nan,nan,nan,nan,1,0
3.569999999999968,0.6560391182760681,1.3120782365521364,1.3257922854890776,0.865065119453389,1.7301302389067783,0.8376781644770973,0.43229877890795043,1.4873975640150279,1.3530730294077122,0.7534368791122111,1.7357228613027207,1.069653886468089,nan,nan,nan,nan,nan,nan,1,0
3.5799999999999677,0.6596470349861631,1.3192940699723263,1.3292682790723498,0.8659000104227909,1.731800020845582,0.834238459985337,0.7364823639295022,0.8983244772228599,1.4963396077695423,0.9113970039009166,1.8524945582640724,0.6812704554811247,nan,nan,nan,nan,nan,nan,1,0
3.5899999999999674,0.6632583651549526,1.3265167303099055,1.3327298320569865,0.866719240509507,1.7334384810190142,0.8307727163127782,0.7479797555730635,1.543828037089892,1.3378945334941847,0.9801373509800853,1.7773348075932711,1.1241893183675487,nan,nan,nan,nan,nan,nan,1,0
3.5999999999999672,0.6668730435354394,1.333746087070879,1.3361768365636975,0.8675228113168292,1.7350456226336586,0.8272810816106435,0.6819176415184852,1.2381790471440521,1.363690628890119,0.917383845282034,1.6993033634670105,0.7606142473417261,nan,nan,nan,nan,nan,nan,1,0
3.609999999999967,0.6704910048884359,1.340982009776872,1.3396091853333985,0.868310724719173,1.7366214494383463,0.8237637047282133,0.5150129833234026,1.3291287588068266,1.2643249113994603,0.9862372372004489,1.7974579992684978,0.8699069925644666,nan,nan,nan,nan,nan,nan,1,0
3.619999999999967,0.6741121839836907,1.3482243679673815,1.3430267717300912,0.8690829828611382,1.7381659657222766,0.820220735206277,0.6529605148300153,1.5176818017748743,1.6444165143440412,0.8435040579143134,1.7529228577391038,0.8675412452199825,nan,nan,nan,nan,nan,nan,1,0
3.6299999999999666,0.6777365156010097,1.3554730312020196,1.3464294897437186,0.8698395881565681,1.7396791763131365,0.8166523232705838,0.8523923551891236,1.0648798753140414,1.3340159870988264,1.0076870835151273,1.6579546535796488,0.8778322849570761,nan,nan,nan,nan,nan,nan,1,0
3.6399999999999664,0.6813639345313747,1.3627278690627496,1.3498172339929906,0.8705805432876096,1.7411610865752194,0.8130586198252909,0.32488944708640044,1.7110651359991433,1.5037753502056856,0.9805420959370348,1.8251343683367633,0.8675490306666783,nan,nan,nan,nan,nan,nan,1,0
3.649999999999966,0.6849943755780571,1.3699887511561144,1.353189899728184,0.8713058512037717,1.7426117024075436,0.8094397764464115,0.5073033171946192,1.7307684740259917,1.3336426237262566,0.8602498994927559,1.6254829203026415,0.9578941796726826,nan,nan,nan,nan,nan,nan,1,0
3.659999999999966,0.6886277735577279,1.377255547115456,1.3565473828339143,0.8720155151209853,1.7440310302419708,0.8057959453752616,0.7371929683955202,1.7088455636089668,1.6221817216589014,0.7056380226547334,1.6858450421769675,0.6996931407678822,nan,nan,nan,nan,nan,nan,1,0
3.6699999999999657,0.692264063301564,1.3845281266031282,1.3598895798318806,0.8727095385206621,1.7454190770413245,0.8021272795119057,0.5776432679603508,1.3235088161634385,1.7502846540730397,0.8111121439065028,1.821742761532457,0.80822816662499,nan,nan,nan,nan,nan,nan,1,0
3.6799999999999655,0.6959031796563504,1.391806359312701,1.3632163878835832,0.8733879251487537,1.7467758502975077,0.7984339324086033,0.7287205784197011,1.2733599182231625,1.2237610540762025,1.0229962702106394,1.969176094752323,0.7124989595778147,nan,nan,nan,nan,nan,nan,1,0
3.6899999999999653,0.6995450574855788,1.3990901149711579,1.3665277047930136,0.8740506790148108,1.7481013580296219,0.7947160582632543,0.7384023362572751,1.4168754134253776,1.2336540147855424,0.8763824705702898,1.6697826320142912,0.6118049793895141,nan,nan,nan,nan,nan,nan,1,0
3.699999999999965,0.7031896316705415,1.4063792633410832,1.369823429009317,0.8746978043910426,1.7493956087820854,0.7909738119128448,0.39569014821217713,1.7578788656054756,1.1462944981466219,0.9097392094650287,1.7628549642757325,0.6284218935423743,nan,nan,nan,nan,nan,nan,1,0
3.709999999999965,0.7068368371114222,1.4136736742228446,1.373103459629429,0.8753293058113766,1.7506586116227534,0.787207348826893,0.8842369603167124,1.5206961973258006,1.3338248892595632,0.8017555908202352,1.8133014192573405,0.7538425673150323,nan,nan,nan,nan,nan,nan,1,0
3.7199999999999647,0.7104866087283827,1.4209732174567655,1.3763676964006826,0.8759451880705181,1.7518903761410365,0.7834168251008964,0.7704439355280581,1.4813092894918825,1.352397360419328,0.8046584547661326,1.558558861957855,0.7181492546156911,nan,nan,nan,nan,nan,nan,1,0
3.7299999999999645,0.7141388814626451,1.4282777629252905,1.37961603972339,0.8765454562230109,1.753090912446022,0.7796023974497787,0.6309155781669445,1.241399809533544,1.0709545410862875,0.9509113012322413,1.889112438177207,0.8846270012323668,nan,nan,nan,nan,nan,nan,1,0
3.7399999999999642,0.7177935902775714,1.435587180555143,1.3828483906533957,0.8771301155822979,1.754260231164596,0.7757642232013386,0.9270236987762058,1.4865000291451405,1.4627580797633595,0.7658238856505654,1.803685207771487,0.7648349540304274,nan,nan,nan,nan,nan,nan,1,0
3.749999999999964,0.7214506701597372,1.4429013403194746,1.3860646509046028,0.8776991717197822,1.7553983434395646,0.7719024602896998,0.5928866989731754,1.214665252442093,1.1283499842263511,0.7837186997222743,1.7927974495223749,0.7034995897463577,nan,nan,nan,nan,nan,nan,1,0
3.759999999999964,0.7251100561200033,1.450220112240007,1.3892647228514727,0.8782526304638887,1.7565052609277776,0.7680172672487614,0.859692112678469,1.9020040889527243,1.1940517300043885,0.8851296451912292,1.6940901336206138,0.9122927838420897,nan,nan,nan,nan,nan,nan,1,0
3.7699999999999636,0.7287716831945831,1.4575433663891664,1.3924485095314962,0.8787904978991268,1.7575809957982538,0.7641088032056516,0.6347167444322428,1.1478663522302797,1.1906379031700371,0.9578829385726046,1.6799800348296001,0.9003921469980039,nan,nan,nan,nan,nan,nan,1,0
3.7799999999999634,0.7324354864461046,1.4648709728922094,1.3956159146476386,0.8793127803651531,1.7586255607303065,0.760177227874182,0.675218639957684,1.469365504677624,1.229269733970767,0.7227142755543354,1.806154576595759,0.7594370534363921,nan,nan,nan,nan,nan,nan,1,0
3.789999999999963,0.7361014009646706,1.4722028019293414,1.3987668425707565,0.8798194844558358,1.7596389689116718,0.7562227015483045,0.7828056212277108,1.3875079590963073,1.5945071340753425,0.8331331590692159,1.6581450455238123,0.8253876147835156,nan,nan,nan,nan,nan,nan,1,0
3.799999999999963,0.7397693618689136,1.4795387237378275,1.401901198341988,0.8803106170183185,1.7606212340366372,0.7522453850955707,1.0476822584037253,1.4201058628939391,1.0297941814066198,0.9584597930358169,1.911865070461926,0.5827691338682308,nan,nan,nan,nan,nan,nan,1,0
3.8099999999999627,0.7434393043070473,1.4868786086140948,1.4050188876751155,0.8807861851520861,1.7615723703041724,0.7482454399505932,1.185759215544467,1.6947832330294295,1.7107547648193058,0.8216771559107112,1.9055892394441774,0.6061017565100284,nan,nan,nan,nan,nan,nan,1,0
3.8199999999999625,0.7471111634579141,1.4942223269158283,1.4081198169589009,0.881246196208031,1.7624923924160623,0.7442230281085103,0.7370942790474848,1.7534594151369416,1.183462295843003,0.9951950415466673,1.6983024689124604,0.7709754769610482,nan,nan,nan,nan,nan,nan,1,0
3.8299999999999623,0.7507848745320287,1.5015697490640576,1.4112038932593944,0.8816906577875208,1.7633813155750417,0.740178312118453,0.8845675029313089,1.6243308536428636,1.8603293128656229,0.8619601135498005,1.811246123575375,0.6963638665201072,nan,nan,nan,nan,nan,nan,1,0
3.839999999999962,0.7544603727726181,1.5089207455452365,1.4142710243222154,0.8821195777414661,1.7642391554829324,0.7361114550770157,0.841345929788002,1.5882180533579089,1.2333021955444414,1.0149476789109695,1.9419682855974314,0.8365145813963544,nan,nan,nan,nan,nan,nan,1,0
3.849999999999962,0.7581375934566572,1.5162751869133146,1.417321118574806,0.8825329641693905,1.7650659283387813,0.7320226206217298,1.0917666271046484,1.7529370965604298,1.3438986597934104,0.9978493587588151,1.9261169106946747,0.7492795377185457,nan,nan,nan,nan,nan,nan,1,0
3.8599999999999617,0.761816471895901,1.5236329437918021,1.4203540851286582,0.8829308254185011,1.7658616508370024,0.7279119729245411,0.7582487242786105,1.1388275239977166,1.147399156847479,0.8506109695500682,1.747311741123637,0.7780993698956412,nan,nan,nan,nan,nan,nan,1,0
3.8699999999999615,0.7654969434379124,1.530993886875825,1.4233698337815137,0.8833131700827598,1.7666263401655198,0.7237796766852904,0.4389543882471636,1.7748640197006844,1.4543527858670289,0.9450818189339261,1.7052938027974553,0.8650847735190791,nan,nan,nan,nan,nan,nan,1,0
3.8799999999999613,0.7691789434670873,1.5383578869341747,1.4263682750195354,0.883680007001957,1.7673600140039143,0.7196258971251985,0.8079831246413556,1.6401074935923978,1.2700208604686631,0.817144162563075,1.7375912692995223,0.7924970149442504,nan,nan,nan,nan,nan,nan,1,0
3.889999999999961,0.7728624074056739,1.545724814811348,1.4293493200194536,0.8840313452607859,1.768062690521572,0.7154507999803552,0.8713948438481118,1.4727889232796252,1.4728557311100328,0.9277870924039985,1.8282393169361764,0.6546663980101214,nan,nan,nan,nan,nan,nan,1,0
3.899999999999961,0.7765472707147902,1.5530945414295807,1.4323128806506837,0.8843671941879176,1.7687343883758355,0.7112545514952122,1.1173086008402087,1.3437948674394404,1.2998313040398568,0.8519133012836297,1.8198044399494062,0.709853016189228,nan,nan,nan,nan,nan,nan,1,0
3.9099999999999606,0.7802334688954364,1.560466937790873,1.4352588694774173,0.8846875633550794,1.769375126710159,0.7070373184160809,0.6569330410724686,1.6055837603562493,1.3972492940582637,0.908259109917597,1.6302254347328142,0.7740676837284783,nan,nan,nan,nan,nan,nan,1,0
3.9199999999999604,0.7839209374895036,1.5678418749790075,1.4381871997606865,0.884992462576132,1.7699849251522641,0.7027992679846342,0.8821221041845269,1.6026962507017937,1.6926570117366628,1.0049657838998642,1.856051663902214,0.7597653475168079,nan,nan,nan,nan,nan,nan,1,0
3.92999999999996,0.7876096120807793,1.5752192241615588,1.4410977854604008,0.8852819019061506,1.7705638038123015,0.698540567931414,0.8693180010639074,1.3694893076680619,1.2607289311483176,0.7982903963515919,1.986166214129275,0.616195987761,nan,nan,nan,nan,nan,nan,1,0
3.93999999999996,0.791299428295948,1.5825988565918963,1.4439905412373564,0.8855558916405064,1.771111783281013,0.6942613864693423,0.9102018720793741,1.5073186412798092,1.2645015913635307,0.9957458130572783,1.7429595580470914,0.7061405752433471,nan,nan,nan,nan,nan,nan,1,0
3.9499999999999598,0.7949903218055895,1.5899806436111792,1.4468653824552198,0.8858144423139495,1.7716288846278991,0.6899618922872394,0.7142335000407652,1.6408015276734753,1.776057124474857,0.9027822286207127,1.817142160200429,0.7819935562770691,nan,nan,nan,nan,nan,nan,1,0
3.9599999999999596,0.7986822283251716,1.5973644566503433,1.4497222251824837,0.8860575646996939,1.772115129399388,0.685642254543345,1.1551705394223042,1.9649684877749438,1.379934190833909,0.8415672052116049,1.7877977828691756,0.9741691194014475,nan,nan,nan,nan,nan,nan,1,0
3.9699999999999593,0.8023750836160404,1.604750167232081,1.4525609861943956,0.8862852698085045,1.7725705396170093,0.681302642858847,1.2455604979676946,1.7002201649713622,1.563728344903986,0.8611609204275259,1.7374963623489126,0.8087143975861157,nan,nan,nan,nan,nan,nan,1,0
3.979999999999959,0.8060688234864062,1.6121376469728126,1.4553815829748598,0.8864975688877851,1.7729951377755704,0.6769432273114143,0.8506238503262984,1.4780637048932583,1.0291394526742283,0.8386910200879966,1.799987246520958,0.6851356336142386,nan,nan,nan,nan,nan,nan,1,0
3.989999999999959,0.8097633837923256,1.6195267675846514,1.458183933718313,0.8866944734206683,1.7733889468413369,0.6725641784287362,0.965046021351813,1.7047441230848086,1.3051869143473571,1.0155330475243698,1.6527093983372694,0.5937764563038316,nan,nan,nan,nan,nan,nan,1,0
3.9999999999999587,0.8134587004386802,1.6269174008773606,1.4609679573315715,0.8868759951251082,1.7737519902502166,0.6681656671820676,0.8872061747718348,1.7176625044921052,1.5520971007459894,0.9416861843230057,1.7253472230411313,0.7083552518679713,nan,nan,nan,nan,nan,nan,1,0
4.009999999999959,0.8171547093801509,1.634309418760302,1.4637335734356538,0.8870421459529734,1.774084291905947,0.6637478649797804,0.7835450830082596,1.5762674130378742,1.1230168424227323,0.9160339943897987,1.6194092618078966,0.5173966441571165,nan,nan,nan,nan,nan,nan,1,0
4.019999999999959,0.820851346622189,1.6417026932443781,1.4664807023675743,0.8871929380891431,1.7743858761782865,0.6593109436609208,1.0329291140647476,1.8509704136786285,1.3906436841217797,0.8590153748653654,1.8810622926709473,0.5900664653313284,nan,nan,nan,nan,nan,nan,1,0
4.0299999999999585,0.8245485482219831,1.6490970964439664,1.469209265182111,0.8873283839506051,1.7746567679012104,0.6548550754887731,0.8302903176326091,1.676575404904055,1.4826503676390432,0.9934895598782628,1.8095625994606446,0.42008577667378855,nan,nan,nan,nan,nan,nan,1,0
4.039999999999958,0.8282462502894229,1.656492500578846,1.4719191836535461,0.8874484961855549,1.77489699237111,0.6503804331444306,1.0430850389858408,1.7484203854446296,1.4278066774360099,0.9866436874416996,1.8143189156244754,0.5731237145665893,nan,nan,nan,nan,nan,nan,1,0
4.049999999999958,0.8319443889880583,1.663888777976117,1.4746103802773811,0.8875532876724979,1.775106575344996,0.6458871897203727,1.0184204928401184,1.8455100002041467,1.6643298532903907,1.0474989780357493,1.8781306473267332,0.7268620436756155,nan,nan,nan,nan,nan,nan,1,0
4.059999999999958,0.8356429005360556,1.6712858010721114,1.477282778272023,0.8876427715193527,1.7752855430387056,0.6413755187140487,0.9440013813772241,1.8883678775247323,1.30612040865027,0.9324641857291459,1.8895912584923886,0.628996931611043,nan,nan,nan,nan,nan,nan,1,0
4.069999999999958,0.8393417212071496,1.6786834424142993,1.4799363015804459,0.8877169610625576,1.7754339221251154,0.6368455940214691,0.8788395077560353,2.082131276747048,1.7657847373067073,0.9303600009980784,1.8177314858010087,0.5872159394768843,nan,nan,nan,nan,nan,nan,1,0
4.079999999999957,0.8430407873315919,1.686081574663184,1.4825708748718243,0.8877758698661782,1.7755517397323566,0.6322975899308036,1.0120377697203273,1.8151261155538998,1.642816814774144,0.9301549037111265,1.8488662446882176,0.5889904174433259,nan,nan,nan,nan,nan,nan,1,0
4.089999999999957,0.8467400352970962,1.6934800705941926,1.485186423543141,0.8878195117210177,1.7756390234420356,0.6277316811159869,0.6893411235259557,1.6569667756174113,1.488023688254456,1.0075617157599372,1.7443666620545746,0.5702286872451809,nan,nan,nan,nan,nan,nan,1,0
4.099999999999957,0.8504394015497784,1.700878803099557,1.4877828737207672,0.8878479006437295,1.7756958012874593,0.623148042630331,0.9394557441843896,1.4935017955667402,1.289168823580989,0.9010225144012806,1.8529181617332202,0.686587560780035,nan,nan,nan,nan,nan,nan,1,0
4.109999999999957,0.8541388225950948,1.7082776451901898,1.4903601522620178,0.8878610508759318,1.7757221017518638,0.6185468499001462,1.1899357889901514,1.284758486936251,1.3771051707786113,1.0271728414863677,1.7489892165848901,0.38975917328278764,nan,nan,nan,nan,nan,nan,1,0
4.119999999999957,0.8578382349987753,1.7156764699975509,1.4929181867566776,0.8878589768833244,1.775717953766649,0.613928278718369,0.7936200972560766,1.8724718414482326,1.8573854859876904,0.8761338667902158,1.747741773847207,0.808785381834276,nan,nan,nan,nan,nan,nan,1,0
4.129999999999956,0.8615375753877537,1.7230751507755075,1.4954569055285034,0.8878416933548083,1.775683386709617,0.6092925052381979,0.6716875491185542,1.552255902477727,2.0817066857640536,0.8243283703122023,1.7326631021402512,0.6638793541549808,nan,nan,nan,nan,nan,nan,1,0
4.139999999999956,0.8652367804510936,1.7304735609021875,1.497976237636698,0.8878092152016072,1.7756184304032145,0.6046397059667374,1.1439570309122051,1.9950178919943187,1.627195323180273,0.9107570400330859,1.6430058276272446,0.5018022152147495,nan,nan,nan,nan,nan,nan,1,0
4.149999999999956,0.8689357869409119,1.737871573881824,1.5004761128773592,0.8877615575563913,1.7755231151127828,0.59997005775865,0.8218806949856406,1.8464945563008353,1.4507701006885207,0.9543506483138853,1.7503169944966464,0.5291087014308226,nan,nan,nan,nan,nan,nan,1,0
4.159999999999956,0.872634531673297,1.7452690633465942,1.5029564617849,0.8876987357724043,1.7753974715448089,0.595283737809816,0.8790833570156061,1.5052080050503531,1.4413074078039645,1.133956850666324,1.6136845204121755,0.663633490223615,nan,nan,nan,nan,nan,nan,1,0
4.1699999999999555,0.8763329515292244,1.752665903058449,1.505417215633446,0.8876207654225918,1.7752415308451839,0.5905809236510022,0.9060858682300388,1.5844071400282134,1.3178828449121855,0.7437725497538721,1.8086382959301144,0.4929864657258507,nan,nan,nan,nan,nan,nan,1,0
4.179999999999955,0.8800309834554692,1.7600619669109385,1.5078583064382025,0.8875276622987327,1.7750553245974656,0.5858617931415389,1.2586777181764819,1.592331495032775,1.328497531700457,0.7860854634553823,1.8700117836279557,0.6874202996585802,nan,nan,nan,nan,nan,nan,1,0
4.189999999999955,0.8837285644655132,1.7674571289310266,1.5102796669567984,0.8874194424105731,1.7748388848211465,0.5811265244630046,0.9693628434948306,1.5582106982462096,1.5281298401161039,0.9738264956438535,1.686859295999587,0.5243693317955097,nan,nan,nan,nan,nan,nan,1,0
4.199999999999955,0.8874256316404505,1.7748512632809013,1.5126812306906021,0.8872961219849629,1.774592243969926,0.5763752961129213,0.6075759780933628,1.5074600863526224,1.2090688848371516,1.0270400702658655,1.7674213462564146,0.549858676222415,nan,nan,nan,nan,nan,nan,1,0
4.209999999999955,0.891122122129888,1.7822442442597761,1.5150629318860123,0.8871577174649943,1.7743154349299888,0.5716082868984561,0.839561670498731,1.3739610936693234,1.3415148332709932,0.9302876805016057,1.619868610711065,0.4080681127110327,nan,nan,nan,nan,nan,nan,1,0
4.2199999999999545,0.8948179731528427,1.7896359463056857,1.517424705535721,0.8870042455091435,1.7740084910182872,0.5668256759301339,0.8320692992641987,1.9324038220740554,1.5983924425145706,0.9463135762429387,1.701655530000541,0.4701327669986658,nan,nan,nan,nan,nan,nan,1,0
4.229999999999954,0.8985131219986361,1.7970262439972724,1.5197664873799526,0.8868357229904149,1.77367144598083,0.5620276426155575,0.8853896668489154,1.6960938492292486,1.602712261885461,0.7759252603325248,1.8224540486258987,0.5975964559825716,nan,nan,nan,nan,nan,nan,1,0
4.239999999999954,0.902207506027784,1.8044150120555682,1.522088213907674,0.8866521669954877,1.7733043339909755,0.5572143666531381,1.0051288668385723,2.020318453929396,1.4488200969508884,0.9150325605223584,1.81792949998335,0.4953951908695937,nan,nan,nan,nan,nan,nan,1,0
4.249999999999954,0.9059010626728834,1.811802125345767,1.5243898223577816,0.8864535948238651,1.7729071896477304,0.5523860280258339,1.0019278992184761,1.9596245412098097,1.5503784550185231,0.9936866696835629,1.778607075529157,0.567515685641306,nan,nan,nan,nan,nan,nan,1,0
4.259999999999954,0.909593729439496,1.8191874588789922,1.5266712507202604,0.8862400239870267,1.7724800479740537,0.547542806994899,1.2315936550598088,1.6482798896351325,1.990746003433461,0.9248149405587713,1.7273936068056905,0.32316186021585025,nan,nan,nan,nan,nan,nan,1,0
4.269999999999953,0.9132854439070276,1.8265708878140554,1.5289324377373172,0.8860114722075831,1.7720229444151665,0.5426848840936408,0.7331285166835562,1.8073940508259252,2.0514898624915183,0.8989151147991484,1.6772786547148515,0.5474582085502618,nan,nan,nan,nan,nan,nan,1,0
4.279999999999953,0.9169761437296045,1.8339522874592091,1.5311733229044888,0.8857679574184334,1.771535914836867,0.5378124401211879,1.0448514840970071,1.9125979913634938,1.3521793969574054,1.064563692205214,1.8095305434972226,0.5715768724519141,nan,nan,nan,nan,nan,nan,1,0
4.289999999999953,0.9206657666369458,1.8413315332738918,1.5333938464717232,0.8855094977619249,1.77101899552385,0.5329256561362669,1.085610785540914,2.050730116081991,1.3389035781660088,0.7396368679168797,1.869844286539802,0.348285470567767,nan,nan,nan,nan,nan,nan,1,0
4.299999999999953,0.9243542504352333,1.848708500870467,1.5355939494444357,0.8852361115890168,1.7704722231780339,0.5280247134509891,1.1548556822610692,1.7418039827122052,1.35996485603717,0.9106570387872948,1.9126329133828142,0.4763935282678536,nan,nan,nan,nan,nan,nan,1,0
4.3099999999999525,0.9280415330079769,1.856083066015954,1.5377735735845384,0.8849478174584455,1.7698956349168913,0.5231097936246474,1.0024777475337125,1.7166313018258272,1.1760557836469834,0.9642058990691882,1.5882385002618868,0.47618284774207964,nan,nan,nan,nan,nan,nan,1,0
4.319999999999952,0.9317275523168764,1.863455104633753,1.5399326614114448,0.8846446341358931,1.7692892682717865,0.5181810784575227,0.727382159434562,1.9169192904802943,1.512818661788252,0.8107505035120937,1.8621186281626734,0.42442759491063675,nan,nan,nan,nan,nan,nan,1,0
4.329999999999952,0.9354122464026813,1.8708244928053628,1.5420711562030478,0.8843265805931587,1.7686531611863177,0.5132387499847005,1.1336740873389168,2.2559575077376652,1.6303371474534847,0.8230866820797683,1.8943118882217553,0.5905627836719801,nan,nan,nan,nan,nan,nan,1,0
4.339999999999952,0.9390955533860451,1.8781911067720904,1.5441890019966724,0.8839936760073329,1.767987352014666,0.5082829904698978,1.2747054940873996,1.474146982430014,1.441582457762551,0.6962295060909456,1.7818660395797516,0.4353369005193559,nan,nan,nan,nan,nan,nan,1,0
4.349999999999952,0.9427774114683783,1.885554822936757,1.5462861435900028,0.8836459397599743,1.7672918795199488,0.5033139823992994,1.1464017599919192,1.535530067139424,1.7254337880409583,0.8654868662102787,1.7904837688414976,0.6189197386963894,nan,nan,nan,nan,nan,nan,1,0
4.3599999999999515,0.9464577589326962,1.8929155178653927,1.5483625265419836,0.8832833914362895,1.7665667828725793,0.4983319084754057,1.2352718424669065,1.5780539692526276,1.409164400270268,1.0127027813839378,1.8677241033311152,0.3410658560789801,nan,nan,nan,nan,nan,nan,1,0
4.369999999999951,0.9501365341444642,1.9002730682889286,1.5504180971736956,0.8829060508243161,1.7658121016486323,0.49333695161089025,1.1178823575056263,1.7264295157786302,1.4564403732819247,0.9175563053642096,1.6536811160804528,0.5756765262264267,nan,nan,nan,nan,nan,nan,1,0
4.379999999999951,0.9538136755524397,1.9076273511048796,1.552452802569206,0.8825139379141078,1.7650278758282159,0.4883292949224674,0.824123588481773,1.864039437370832,1.9448703775350573,0.9416071887618147,1.6776128125693799,0.39278137961575244,nan,nan,nan,nan,nan,nan,1,0
4.389999999999951,0.9574891216895102,1.9149782433790206,1.5544665905763926,0.8821070728969235,1.7642141457938472,0.48330912172477125,0.9152970405381029,2.019321190444968,1.797424915096057,0.9116634693301845,1.9536883580978748,0.5299487174468553,nan,nan,nan,nan,nan,nan,1,0
4.399999999999951,0.9611628111735285,1.9223256223470573,1.5564594098077436,0.8816854761644181,1.7633709523288363,0.4782766155242447,1.2031903027135773,2.2305441693792627,1.2825419988978428,0.8795803819217379,1.8074636741490107,0.3496310813030854,nan,nan,nan,nan,nan,nan,1,0
4.40999999999995,0.9648346827081445,1.9296693654162893,1.5584312096411312,0.8812491683078372,1.7624983366156746,0.4732319600130396,1.1241662409225048,2.211768986649764,1.407367167573293,1.0005382305969195,1.8686667538904955,0.41805806742992685,nan,nan,nan,nan,nan,nan,1,0
4.41999999999995,0.9685046750836329,1.937009350167266,1.56038194022056,0.8807981701172144,1.761596340234429,0.4681753390629272,1.4839329439117876,2.1662983006388594,1.61861497939467,0.8680006080414184,2.004939043459301,0.408632528173109,nan,nan,nan,nan,nan,nan,1,0
4.42999999999995,0.9721727271777186,1.9443454543554375,1.5623115524568902,0.8803325025805713,1.7606650051611428,0.46310693671922015,0.8324448009751759,2.2842230280460396,1.4624516320552048,0.7750109988042543,1.6437547233512984,0.41529416215152337,nan,nan,nan,nan,nan,nan,1,0
4.43999999999995,0.9758387779563983,1.9516775559127968,1.564219998028535,0.8798521868831207,1.7597043737662417,0.45802693719470483,0.5322259975212352,2.3613391637084886,1.5442191166302945,0.9582423602449338,1.8174559146482647,0.505857712188162,nan,nan,nan,nan,nan,nan,1,0
4.4499999999999496,0.9795027664747585,1.9590055329495173,1.5661072293821332,0.879357244406473,1.7587144888129462,0.45293552486358507,1.0207842549938648,2.1238417898579867,1.5311719394756622,0.8409671806150572,1.656167682908074,0.5574289896795961,nan,nan,nan,nan,nan,nan,1,0
4.459999999999949,0.9831646318777912,1.9663292637555827,1.5679731997331976,0.8788476967278449,1.75769539345569,0.44783288425543677,0.9343499083326896,2.4065423995062343,1.4762210874097987,0.9070370787494038,1.7604481025465768,0.3474849697977801,nan,nan,nan,nan,nan,nan,1,0
4.469999999999949,0.9868243134012049,1.97364862680241,1.5698178630667359,0.8783235656192718,1.7566471312385439,0.442719200049174,0.7999286511856961,1.7052503667510068,1.669075079763742,0.7879022916584003,1.7118065273581213,0.5258260772693759,nan,nan,nan,nan,nan,nan,1,0
4.479999999999949,0.9904817503722333,1.9809635007444668,1.5716411741378484,0.8777848730468227,1.7555697460936457,0.4375946570670259,0.7238749313330164,2.108701707268281,1.3262771036168364,0.9547434172107162,1.5965303962541149,0.4557996488561829,nan,nan,nan,nan,nan,nan,1,0
4.489999999999949,0.9941368822104408,1.9882737644208819,1.5734430884723005,0.8772316411698184,1.754463282339637,0.43245944026852545,1.0595815716277566,2.450617786032736,1.3084176148160236,0.792889891289193,1.6688799226345077,0.5183010828558673,nan,nan,nan,nan,nan,nan,1,0
4.4999999999999485,0.9977896484285244,1.995579296857049,1.5752235623670694,0.8766638923400524,1.753327784680105,0.42731373474450907,1.1792895337083824,2.1712241847453106,1.380593045379786,0.8527750329166027,1.8528242334193665,0.4930207438051007,nan,nan,nan,nan,nan,nan,1,0
4.509999999999948,1.001439988633112,2.002879977266224,1.5769825528908659,0.8760816491010149,1.75216329820203,0.42215772571112814,1.0276944978083797,1.9510184213955122,1.4676353492958438,0.7799824590388116,1.653619680930575,0.25397416012544155,nan,nan,nan,nan,nan,nan,1,0
4.519999999999948,1.00508850126498,2.01017700252996,1.578720017884632,0.8756430316482829,1.751286063296566,0.41699159850387174,0.7838846477395989,2.285702739502482,1.319760927958987,0.81543812664778,1.6437552928037344,0.5605131150201648,nan,nan,nan,nan,nan,nan,1,0
4.529999999999948,1.0087351884803537,2.0174703769607074,1.580435915861889,0.8752049316896942,1.7504098633793885,0.41181551454168663,1.2542452595222613,2.1690801831379294,1.1803586065801819,0.7496695690130215,1.732133575144603,0.3912748542934999,nan,nan,nan,nan,nan,nan,1,0
4.539999999999948,1.0123800524265583,2.0247601048531165,1.5821302061024183,0.874767347089076,1.7495346941781522,0.40662965772702936,1.4007947585069,1.811597047256352,1.6034115074310362,0.8977050213717704,1.759185246311523,0.5716259261906406,nan,nan,nan,nan,nan,nan,1,0
4.549999999999947,1.0160230952419482,2.0320461904838965,1.583802848653061,0.874330275693598,1.7486605513871962,0.4014342121542724,0.8879512907946876,1.6717136304129268,1.307019425093332,0.8843754364523534,1.4919057790496906,0.39774822544109756,nan,nan,nan,nan,nan,nan,1,0
4.559999999999947,1.0196643190558399,2.0393286381116797,1.5854538043284947,0.8738937153340111,1.7477874306680223,0.3962293621040843,0.7752040391113413,1.9689451241304354,1.528224649977612,0.8033060661834155,1.7815909433907762,0.35984479218922294,nan,nan,nan,nan,nan,nan,1,0
4.569999999999947,1.0233037259884437,2.0466074519768873,1.5870830347119855,0.8734576638248898,1.7469153276497797,0.39101529203780366,0.8447829665658273,2.0634745677964648,1.3716975543387422,0.8227046056348079,1.6602313412261855,0.5506606892672963,nan,nan,nan,nan,nan,nan,1,0
4.579999999999947,1.0269413181507974,2.0538826363015947,1.588690502156118,0.8730221189648777,1.7460442379297556,0.3857921865918056,0.7514877865031852,1.9496970713038504,2.0097368485848532,0.8101195952489034,1.698921972226217,0.3877630743850216,nan,nan,nan,nan,nan,nan,1,0
4.589999999999947,1.0305770976447013,2.0611541952894026,1.5902761697835006,0.8725870785369362,1.7451741570738726,0.3805602305718623,0.8707886598863704,2.3620882468798747,1.645549945623969,0.8363384479144452,1.6909067821179047,0.43026118328889335,nan,nan,nan,nan,nan,nan,1,0
4.599999999999946,1.0342110665626538,2.0684221331253076,1.5918400014874485,0.8721525403085956,1.7443050806171914,0.375319608947496,1.559398954138919,1.7644562997905282,1.5808935230427277,0.9498563084646967,1.772662107317618,0.3475575021827487,nan,nan,nan,nan,nan,nan,1,0
4.609999999999946,1.037843226987788,2.075686453975576,1.5933819619326415,0.87171850203221,1.7434370040644203,0.3700705068463255,0.7597943404135792,2.2000082360797584,1.4018930115757355,0.9139298564942578,1.749369471669607,0.3561669165898898,nan,nan,nan,nan,nan,nan,1,0
4.619999999999946,1.0414735809938096,2.082947161987619,1.59490201655576,0.8712849614452152,1.7425699228904306,0.36481310954840535,0.6991795540551045,1.896282795571049,1.8174339273215177,1.0894178953015903,1.9315785547506734,0.3996199535047904,nan,nan,nan,nan,nan,nan,1,0
4.629999999999946,1.0451021306449362,2.0902042612898724,1.5964001315660956,0.8708519162703888,1.7417038325407779,0.35954760248055817,0.8286695524118732,1.8500992422024596,1.35684957330976,0.8002182689788321,1.588858707317905,0.2632222201733972,nan,nan,nan,nan,nan,nan,1,0
4.6399999999999455,1.0487288779958366,2.097457755991673,1.5978762739461403,0.8704193642161144,1.740838728432229,0.3542741712106997,1.2572110230993168,2.142488433549618,1.4846072686278329,0.9245631696560795,1.8118371875425814,0.24158469965058843,nan,nan,nan,nan,nan,nan,1,0
4.649999999999945,1.0523538250915727,2.1047076501831454,1.5993304114521494,0.8699873029766477,1.7399746059532957,0.3489930014421565,1.0661621080553936,2.2913538081513525,1.1937797780726431,0.8290663808354312,1.7387500510964116,0.2645800017287848,nan,nan,nan,nan,nan,nan,1,0
4.659999999999945,1.055976973967541,2.111953947935082,1.6007625126146827,0.8695557302323857,1.7391114604647717,0.34370427900797657,1.2066125232047429,2.14403347984559,1.6150255277689696,0.7220039692383218,1.5526616560738098,0.3308035243953853,nan,nan,nan,nan,nan,nan,1,0
4.669999999999945,1.0595983266494167,2.1191966532988333,1.6021725467391212,0.8691246436501396,1.7382492873002795,0.3384081898652326,1.2429272762890426,2.289827634556524,1.6739009064893864,0.8792320696425927,1.8020814806500778,0.2959880691378306,nan,nan,nan,nan,nan,nan,1,0
4.679999999999945,1.0632178851530976,2.126435770306195,1.6035604839061601,0.8686940408834093,1.7373880817668188,0.3331049200893175,0.9766247260483135,2.035779283705282,1.6182232441427515,0.95496502297925,1.717810128426897,0.3411080534728312,nan,nan,nan,nan,nan,nan,1,0
4.689999999999944,1.0668356514846504,2.133671302969301,1.6049262949722778,0.8682639195726615,1.7365278391453232,0.327794655868233,0.9146500682644644,1.801193326583516,1.723226716598734,0.8356738484418078,1.8337486884983984,0.43873630787754264,nan,nan,nan,nan,nan,nan,1,0
4.699999999999944,1.0704516276402571,2.1409032552805143,1.6062699515701815,0.86783427734561,1.7356685546912203,0.3224775834968697,0.9903520515815003,1.9913186008957642,1.696481473614115,0.886908160665899,1.5320543383205714,0.1872418095476699,nan,nan,nan,nan,nan,nan,1,0
4.709999999999944,1.0740658156061633,2.1481316312123266,1.6075914261092286,0.8674051118174996,1.7348102236349994,0.3171538893712811,1.2270185489590633,2.025672600834644,1.6419621553318795,1.1099189580860795,1.7275247375954301,0.43970330061877205,nan,nan,nan,nan,nan,nan,1,0
4.719999999999944,1.0776782173586275,2.155356434717255,1.6088906917758241,0.866976420591391,1.7339528411827823,0.3118237599829481,1.173058465555673,2.2744161231198277,1.3480395335104265,0.8095575466375595,1.7720948727795343,0.3101562466429742,nan,nan,nan,nan,nan,nan,1,0
4.729999999999944,1.081288834863871,2.162577669727742,1.6101677225337951,0.8665482012584506,1.7330964025169013,0.30648738191303737,0.9498163066412065,2.369340437393842,1.5788255196875745,0.7338768145756736,1.8521285530849854,0.053465441195425345,nan,nan,nan,nan,nan,nan,1,0
4.739999999999943,1.0848976700780304,2.169795340156061,1.6114224931247396,0.8661204513982402,1.7322409027964807,0.30114494182665114,1.5357514407828086,2.2317796548362696,1.3557185990384344,0.8835628701192988,1.6085092609972496,0.2748160809061431,nan,nan,nan,nan,nan,nan,1,0
4.749999999999943,1.0885047249471096,2.177009449894219,1.6126549790683524,0.8656931685790121,1.7313863371580245,0.29579662646706933,1.1058549200788192,2.329983584668667,1.3282492953959462,0.7763336859140619,1.6725232574893374,0.3073132144699773,nan,nan,nan,nan,nan,nan,1,0
4.759999999999943,1.0921100014069347,2.1842200028138694,1.6138651566627273,0.8652663503580041,1.7305327007160085,0.29044262264998405,1.1096714120100473,2.2360370698220695,1.728905081414319,0.8135403079057212,1.6202407271620511,0.41234890261150686,nan,nan,nan,nan,nan,nan,1,0
4.769999999999943,1.0957135013831085,2.191427002766217,1.6150530029846346,0.8648399942817385,1.7296799885634773,0.2850831172577258,1.0128072484653132,1.872936729759814,1.7199929285301887,0.9317657371821084,1.9476398531509345,0.3667336533105696,nan,nan,nan,nan,nan,nan,1,0
4.7799999999999425,1.0993152267909683,2.1986304535819365,1.616218495889774,0.8644140978863231,1.7288281957726463,0.27971829723348224,0.764899877478104,2.233504918786213,1.3830783907730728,1.0638311226340131,1.7932737695219527,0.3633020024309618,nan,nan,nan,nan,nan,nan,1,0
4.789999999999942,1.1029151795355423,2.2058303590710846,1.6173616140130054,0.8639886586977541,1.7279773173955084,0.2743483495755088,1.4446234988681623,2.085885961159928,1.56822657368837,0.9643134568479974,1.8105069521996047,0.2776047910008815,nan,nan,nan,nan,nan,nan,1,0
4.799999999999942,1.10651336151151,2.21302672302302,1.6184823367685526,0.8635636742322221,1.7271273484644445,0.26897346133133115,0.7595784776556369,1.8628407466787744,1.843920117919742,0.978077506771721,1.8673845524679367,0.2127361171394054,nan,nan,nan,nan,nan,nan,1,0
4.809999999999942,1.1101097746031616,2.2202195492063233,1.6195806443501857,0.8631391419964198,1.72627828399284,0.26359381959194,1.0922317425687105,2.654799524678598,1.8105839536560562,0.8938246604875207,1.5634434529080399,0.24926609546421538,nan,nan,nan,nan,nan,nan,1,0
4.819999999999942,1.113704420684361,2.227408841368722,1.6206565177313772,0.8627150594878517,1.7254301189757035,0.25820961148597754,0.9991847197152699,2.2298821997024363,1.6969996673885663,0.7628558193463634,1.6182648773066517,0.2684530170534592,nan,nan,nan,nan,nan,nan,1,0
4.8299999999999415,1.1172973016185073,2.2345946032370145,1.6217099386654352,0.8622914241951462,1.7245828483902925,0.2528210241739162,1.2443951946984708,2.034089988527009,1.8356395761777005,0.8933463439024018,1.658502728747731,0.3169053693939541,nan,nan,nan,nan,nan,nan,1,0
4.839999999999941,1.1208884192585005,2.241776838517001,1.6227408896856113,0.8618682335983702,1.7237364671967406,0.2474282448422291,1.0917629554837736,2.0777950915737935,1.7153228220843633,0.9045349140913095,1.6415341955713785,0.3542270815720586,nan,nan,nan,nan,nan,nan,1,0
4.849999999999941,1.1244777754467061,2.2489555508934123,1.6237493541051844,0.8614454851693447,1.7228909703386897,0.24203146069755244,1.082828148232816,2.1674868657239896,1.7052725282618333,0.8204628859378125,1.8180386826436004,0.28348722941579235,nan,nan,nan,nan,nan,nan,1,0
4.859999999999941,1.1280653720149227,2.2561307440298455,1.6247353160175213,0.8610231763719635,1.7220463527439271,0.23663085896084007,1.0876617432240778,2.429364336819739,1.4278666915619946,0.9053644402838786,1.5694330451583138,0.09907137635686852,nan,nan,nan,nan,nan,nan,1,0
4.869999999999941,1.13165121078435,2.2633024215687,1.6256987602961108,0.8606013046625126,1.7212026093250254,0.23122662686150977,0.8048352622335873,2.3425544565532386,1.0046183254117276,0.8309057317710792,1.813081493297741,0.28490089681358566,nan,nan,nan,nan,nan,nan,1,0
4.87999999999994,1.1352352935655583,2.2704705871311166,1.6266396725945758,0.8601798674899928,1.7203597349799857,0.22581895163158153,1.2778378276684959,2.2855700643803436,1.6589520992956903,0.6166473790211566,1.71205200148284,0.3495660391728696,nan,nan,nan,nan,nan,nan,1,0
4.88999999999994,1.13881762215846,2.27763524431692,1.6275580393466582,0.8597588622964424,1.719517724592885,0.22040802049980787,1.3693284356053883,2.277246309872231,1.8545686622026778,0.753740544331818,1.7775066680526466,0.3527371354315871,nan,nan,nan,nan,nan,nan,1,0
4.89999999999994,1.142398198352282,2.284796396704564,1.6284538477661823,0.8593382865172636,1.7186765730345275,0.21499402068579604,0.9752497179071851,2.1297418835666617,1.7988111993708567,0.9495062056855241,1.7505516820451865,0.08819112810992122,nan,nan,nan,nan,nan,nan,1,0
4.90999999999994,1.1459770239255385,2.291954047851077,1.629327085846991,0.8589181375815489,1.717836275163098,0.20957713939412223,0.6916113423785367,2.3264734494928727,1.3953294986512303,1.032063352343667,1.6836569651935192,0.07944871972082668,nan,nan,nan,nan,nan,nan,1,0
4.9199999999999395,1.1495541006460068,2.2991082012920137,1.6301777423628596,0.8584984129124097,1.7169968258248196,0.20415756380843783,1.0942073373021854,1.803534729476017,1.7884663285592146,0.9726028822308046,1.9428163548611872,0.27077382528117344,nan,nan,nan,nan,nan,nan,1,0
4.929999999999939,1.153129430270704,2.306258860541408,1.6310058068673827,0.8580791099273066,1.7161582198546135,0.19873548108556768,1.4845834378233727,2.31335558237083,1.5003725401607761,0.7531846632684212,1.634600979815747,0.41952887809210915,nan,nan,nan,nan,nan,nan,1,0
4.939999999999939,1.1567030145458639,2.3134060290917278,1.6318112696938394,0.857660226038381,1.7153204520767622,0.19331107834960048,0.9267552114025506,2.215723993802711,1.7355405277666438,0.9482050424573343,1.8564020846986067,0.2562805911244776,nan,nan,nan,nan,nan,nan,1,0
4.949999999999939,1.160274855206917,2.320549710413834,1.6325941219550308,0.8572417586527878,1.714483517305576,0.18788454268597118,1.0342800213347974,2.2195453408281405,1.478443768355099,0.8246023534053342,1.9251683608031938,0.3402227311633232,nan,nan,nan,nan,nan,nan,1,0
4.959999999999939,1.1638449539784714,2.327689907956943,1.6333543555430956,0.8568237051730303,1.7136474103460608,0.18245606113553572,1.3412235612094854,2.2410129102734038,1.8083977173585117,0.7072734611387983,1.5271801250299861,0.20038362166464582,nan,nan,nan,nan,nan,nan,1,0
4.9699999999999385,1.1674133125742936,2.334826625148587,1.6340919631292983,0.856406062997295,1.7128121259945903,0.17702582068863779,0.6661884966537214,2.300644533673683,1.9382563837727589,0.8858611152899022,1.8576092358568985,0.18470299373304122,nan,nan,nan,nan,nan,nan,1,0
4.979999999999938,1.1709799326972927,2.3419598653945854,1.6348069381637949,0.855988829519789,1.7119776590395783,0.17159400827916796,1.553124408577292,2.1566909547099615,1.786221694090884,0.6991058476192072,1.8158830828220158,0.11864255780918338,nan,nan,nan,nan,nan,nan,1,0
4.989999999999938,1.1745448160395056,2.349089632079011,1.6354992748753725,0.8555720021310774,1.711144004262155,0.1661608107786152,1.2302152634920387,2.471220032777554,1.7910490259810117,0.7685154788549621,1.7480532328439438,0.07614729146397906,nan,nan,nan,nan,nan,nan,1,0
4.999999999999938,1.1781079642820824,2.356215928564165,1.6361689682711646,0.8551555782184226,1.7103111564368454,0.16072641499011064,1.2419648728657107,2.327771846439327,1.5793169689429873,0.9825337246144722,1.7082131441332005,0.2159105999217668,nan,nan,nan,nan,nan,nan,1,0
5.009999999999938,1.1816693790952746,2.363338758190549,1.6368160141363415,0.8547395551661239,1.709479110332248,0.15529100764246404,1.386415327841543,2.1089261287724215,1.4869335287640972,0.7127000033556359,1.717238485178701,0.20991051699352875,nan,nan,nan,nan,nan,nan,1,0
5.019999999999937,1.185229062138424,2.370458124276848,1.6374404090337755,0.8543239303558583,1.7086478607117168,0.14985477538419245,1.2794549229751866,2.5127436042842035,1.5323025149665281,0.7627349280469571,1.698014782546931,0.2613676102015088,nan,nan,nan,nan,nan,nan,1,0
5.029999999999937,1.1887870150599533,2.3775740301199066,1.638042150303682,0.8539087011670224,1.707817402334045,0.14441790477754188,1.5138395816612553,2.294053774267795,1.6356779763060076,0.8382861004429161,1.6613607469493885,-0.1383164534762327,nan,nan,nan,nan,nan,nan,1,0
5.039999999999937,1.1923432394973579,2.3846864789947158,1.638621236063234,0.8534938649770746,1.7069877299541494,0.13898058229250143,1.571859058409031,2.3092649107441456,1.531750501768188,0.8559041515178628,1.6652892376001989,0.06249042631045584,nan,nan,nan,nan,nan,nan,1,0
5.049999999999937,1.195897737077199,2.391795474154398,1.639177665206154,0.8530794191618778,1.7061588383237558,0.13354299430081049,1.26461968579695,2.1348975964878925,1.4177958784900355,0.582694339785097,1.7030921691172407,0.11130378516556177,nan,nan,nan,nan,nan,nan,1,0
5.0599999999999365,1.1994505094150991,2.3989010188301982,1.639711437402279,0.8526653610960437,1.7053307221920877,0.12810532706995859,1.0848621448073053,2.65463491558833,1.73119958876797,0.9312078274847484,1.8409876252578743,0.20485830386234066,nan,nan,nan,nan,nan,nan,1,0
5.069999999999936,1.2030015581157378,2.4060031162314757,1.6402225530971006,0.8522516881532768,1.7045033763065538,0.12266776675717847,0.9990472785530806,2.4421628599626986,1.56682972605067,0.9053505721399799,1.5711220244308512,0.2589200884190804,nan,nan,nan,nan,nan,nan,1,0
5.079999999999936,1.2065508847728492,2.4131017695456984,1.6407110135112817,0.8518383977067185,1.7036767954134373,0.11723049940343232,1.1658432761920539,2.342680446988072,1.4843251235216701,0.768160124517745,1.783083552440349,0.0261820239559689,nan,nan,nan,nan,nan,nan,1,0
5.089999999999936,1.2100984909692212,2.4201969819384423,1.6411768206401458,0.851425487129293,1.7028509742585862,0.11179371092739111,1.06249317644964,2.3921558226451,1.5054819932594976,0.8474953882266195,1.781419520199924,0.18663782923234984,nan,nan,nan,nan,nan,nan,1,0
5.099999999999936,1.2136443782766964,2.4272887565533927,1.6416199772531432,0.8510129537940518,1.702025907588104,0.10635758711940757,0.9530549219940777,2.4665326218605466,1.3274163704761284,0.9250178962677414,1.9462449885402786,0.14323901806057077,nan,nan,nan,nan,nan,nan,1,0
5.1099999999999355,1.2171885482561735,2.434377096512347,1.6420404868932912,0.85060079507452,1.7012015901490403,0.10092231363548249,1.131765828523772,2.4744829111857753,1.9003595854046695,0.7989179743930185,1.7171539595387828,0.19666028781386952,nan,nan,nan,nan,nan,nan,1,0
5.119999999999935,1.2207310024576112,2.4414620049152225,1.6424383538765879,0.8501890083450411,1.7003780166900824,0.0954880759912248,0.9648239592267855,2.6626565634697523,1.361400359310564,0.8468107564778167,1.6663532229684885,0.08368304139104116,nan,nan,nan,nan,nan,nan,1,0
5.129999999999935,1.2242717424200327,2.4485434848400653,1.6428135832914037,0.8497775909811235,1.6995551819622472,0.09005505955580559,1.3857843411380741,2.2660127560838,1.9183533939342357,0.8363835657924871,1.8340285155010785,0.1318679895608977,nan,nan,nan,nan,nan,nan,1,0
5.139999999999935,1.2278107696715317,2.4556215393430634,1.643166180997845,0.8493665403597858,1.6987330807195717,0.08462344954590582,1.2629741129156327,2.4312131812464806,2.0197874321854083,0.6508273309197581,1.8714868527705661,0.332041184917478,nan,nan,nan,nan,nan,nan,1,0
5.149999999999935,1.2313480857292813,2.4626961714585627,1.6434961536270936,0.8489558538599027,1.6979117077198056,0.07919343101965848,1.519303070946315,2.3463370125587812,2.139257499389835,0.811245146481618,1.7291613451844605,0.21903724335475497,nan,nan,nan,nan,nan,nan,1,0
5.159999999999934,1.234883692099542,2.469767384199084,1.643803508580721,0.8485455288625502,1.6970910577251006,0.07376518887058489,1.2680467307644079,2.5663092276666477,1.6725323185775294,0.7221552529821135,1.715690072884777,0.11631848080534055,nan,nan,nan,nan,nan,nan,1,0
5.169999999999934,1.2384175902776726,2.4768351805553452,1.6440882540299773,0.8481355627513508,1.6962711255027019,0.06833890782152548,1.1051775529403531,2.495082181012256,2.166716868947317,0.7253554521594384,1.7584262076632406,0.10431512302921828,nan,nan,nan,nan,nan,nan,1,0
5.179999999999934,1.2419497817481426,2.4838995634962853,1.6443503989150545,0.8477259529128188,1.6954519058256379,0.06291477241856533,1.1165103938486862,2.8239994959510306,1.5612619141219344,0.8057600925035062,1.7704420091707012,0.14906322279424952,nan,nan,nan,nan,nan,nan,1,0
5.189999999999934,1.2454802679845456,2.490960535969091,1.644589952944325,0.8473166967367041,1.6946333934734084,0.05749296702495451,1.2513568745554495,2.6104235352979344,1.8829360693586525,0.9057645014206187,1.9993739380182667,-0.028777800818738382,nan,nan,nan,nan,nan,nan,1,0
5.199999999999934,1.2490090504496136,2.4980181008992273,1.6448069265935543,0.8469077916163363,1.693815583232673,0.05207367581502346,1.4517463898202814,2.595923520649334,1.3452108880915459,0.8347130234125014,1.654192387093319,0.010498004363076248,nan,nan,nan,nan,nan,nan,1,0
5.209999999999933,1.2525361305952343,2.5050722611904686,1.645001331105088,0.8464992349489686,1.6929984698979375,0.04665708276809362,0.983949752662112,2.800523342875231,1.788624476987898,0.8125518307502806,1.6444727094577507,0.17583734132467704,nan,nan,nan,nan,nan,nan,1,0
5.219999999999933,1.2560615098624681,2.5121230197249362,1.6451731784870145,0.8460910241361197,1.6921820482722396,0.0412433716623836,1.2111011050434215,2.7566013550455915,1.7536201056056808,0.9022445515704406,1.6402441247990154,-0.04639492716903137,nan,nan,nan,nan,nan,nan,1,0
5.229999999999933,1.2595851896815677,2.5191703793631355,1.6453224815123015,0.8456831565839164,1.691366313167833,0.03583272606891085,1.4810073121192493,2.417038794736798,1.8968054716075269,0.6328552291711943,1.90187604002288,0.08817700935078254,nan,nan,nan,nan,nan,nan,1,0
5.239999999999933,1.2631071714719988,2.5262143429439976,1.6454492537179073,0.8452756297034343,1.6905512594068688,0.030425329345389426,1.6180903391055979,2.595955948742099,1.8612070211240563,0.8946374546329767,1.7015595927023226,-0.08513683792011117,nan,nan,nan,nan,nan,nan,1,0
5.2499999999999325,1.2666274566424616,2.533254913284923,1.6455535094038662,0.8448684409110384,1.689736881822077,0.025021364630123694,1.370064665451589,2.5997150478053883,1.584524198455291,0.6317286397516383,1.5219193342606008,0.1282370900412614,nan,nan,nan,nan,nan,nan,1,0
5.259999999999932,1.2701460465909147,2.5402920931818294,1.6456352636323492,0.8444615876287221,1.6889231752574445,0.019621014835898523,0.945924589930625,2.5801323307443487,1.5759036334886818,0.7321852447063656,1.51107385788552,-0.015504747641960422,nan,nan,nan,nan,nan,nan,1,0
5.269999999999932,1.2736629427045998,2.5473258854091996,1.6456945322266987,0.8440550672844455,1.6881101345688911,0.014224462643866048,1.334177980049472,2.270944654201003,1.8094640498039731,0.8190515603381793,1.6425784029988046,0.20466923525802755,nan,nan,nan,nan,nan,nan,1,0
5.279999999999932,1.2771781463600684,2.554356292720137,1.645731331770438,0.8436488773124721,1.6872977546249444,0.008831890497429211,1.5056007140680863,2.4943558700130186,1.2678271566567352,0.8101103938919205,1.6547730469070225,0.14400408484828567,nan,nan,nan,nan,nan,nan,1,0
5.289999999999932,1.280691658923209,2.561383317846418,1.6457456796062553,0.8432430151537051,1.6864860303074105,0.0034434805961224358,1.283177907752429,2.599847493285633,1.60004411886436,0.7991526371865983,1.7254019704888686,0.07849970753003395,nan,nan,nan,nan,nan,nan,1,0
5.299999999999931,1.2842034817492756,2.568406963498551,1.6457375938349614,0.8428374782560218,1.685674956512044,-0.0019405851105102545,1.2931715180452201,2.6105008891381614,1.4642596525193694,0.7856005989853814,1.856922848052731,0.1708702855706033,nan,nan,nan,nan,nan,nan,1,0
5.309999999999931,1.2877136161829197,2.5754272323658394,1.6457070933144238,0.8424322640746066,1.6848645281492134,-0.0073201249290396056,1.102998095604287,2.42371215362889,1.7582148125524673,0.86926210464667,1.637406370271847,0.02572414496268019,nan,nan,nan,nan,nan,nan,1,0
5.319999999999931,1.2912220635582208,2.5824441271164416,1.6456541976584727,0.8420273700722825,1.6840547401445651,-0.01269495742827758,1.3923452326504682,2.206485976619841,1.3247707828759876,0.8070365011344626,1.6012024990934628,0.02121710223790506,nan,nan,nan,nan,nan,nan,1,0
5.329999999999931,1.2947288251987201,2.5894576503974402,1.6455789272357835,0.8416227937198414,1.683245587439683,-0.018064901445405547,1.267707281222758,2.6009306249967126,1.740577378494499,0.8895327765065439,1.7926044664568341,-0.0286076734679354,nan,nan,nan,nan,nan,nan,1,0
5.339999999999931,1.298233902417455,2.59646780483491,1.645481303168733,0.8412185324963728,1.6824370649927458,-0.023429776092104053,1.3329796022869846,2.627563753087495,1.7910784964594677,0.7719557419614568,1.8798675377830725,-0.30211693413647767,nan,nan,nan,nan,nan,nan,1,0
5.34999999999993,1.3017372965169949,2.6034745930339898,1.6453613473322302,0.8408145838895902,1.6816291677791806,-0.02878940076068385,1.6204628111864567,2.5105317435284085,1.7474743969741129,0.8708526500810071,1.6339223842623172,0.17394233259992917,nan,nan,nan,nan,nan,nan,1,0
5.35999999999993,1.305239008789479,2.610478017578958,1.645219082352521,0.8404109453961562,1.6808218907923127,-0.034143595130217815,1.3937487504809805,2.3164391221371208,1.7268417437409826,1.0321574441654042,1.7087670752929112,-0.03630554300929517,nan,nan,nan,nan,nan,nan,1,0
5.36999999999993,1.308739040516654,2.617478081033308,1.6450545316059682,0.8400076145220061,1.6800152290440125,-0.03949217917267354,1.028924691114838,2.7064554204430262,1.670913644722285,0.9864628602567548,1.6930561528421304,0.03455360380674014,nan,nan,nan,nan,nan,nan,1,0
5.37999999999993,1.312237392969915,2.62447478593983,1.6448677192178054,0.8396045887826683,1.6792091775653368,-0.04483497315904617,1.2474358932732923,2.309805794393326,1.5042494824721733,0.7151099790246572,1.6918827620785564,-0.07063562558095624,nan,nan,nan,nan,nan,nan,1,0
5.3899999999999295,1.3157340674103466,2.631468134820693,1.6446586700608659,0.8392018657035841,1.6784037314071685,-0.05017179766549136,1.6203127446635457,2.599866710100025,1.6672241495277265,0.8559457154979595,1.5916058028782807,0.09776879668360831,nan,nan,nan,nan,nan,nan,1,0
5.399999999999929,1.319229065088765,2.63845813017753,1.6444274097542848,0.838799442820425,1.6775988856408501,-0.05550247357945781,1.4753100961531103,2.5413791572764093,1.7267039231612735,0.9429163722301571,1.6146354648560801,-0.010405132998435727,nan,nan,nan,nan,nan,nan,1,0
5.409999999999929,1.3227223872457625,2.645444774491525,1.6441739646621771,0.8383973176794067,1.6767946353588137,-0.06082682210581915,1.3188603378319632,2.467698731210675,1.6324320457413122,0.7388068776898533,1.841281303769444,0.0029483592415422144,nan,nan,nan,nan,nan,nan,1,0
5.419999999999929,1.3262140351117526,2.6524280702235052,1.6438983618922896,0.8379954878376031,1.6759909756752065,-0.06614466477300487,1.3129907820771074,2.476658917185607,1.3054134183836812,0.9111768062735538,1.5645649215741448,0.042617112776060034,nan,nan,nan,nan,nan,nan,1,0
5.429999999999929,1.329704009907016,2.659408019814032,1.6436006292946266,0.8375939508632558,1.6751879017265119,-0.07145582343912996,1.6313918057631707,2.654830674270233,1.6852157631310087,0.753949501014032,1.6661128166827188,-0.1492787918528787,nan,nan,nan,nan,nan,nan,1,0
5.4399999999999284,1.3331923128417498,2.6663846256834995,1.643280795460051,0.8371927043360825,1.6743854086721652,-0.07676012029812275,1.270054386244483,2.846222611854518,1.540906941839021,0.8431609544147096,1.7836000796528135,-0.055969854829907184,nan,nan,nan,nan,nan,nan,1,0
5.449999999999928,1.3366789451161147,2.6733578902322295,1.64293888971886,0.8367917458475826,1.6735834916951655,-0.0820573778858508,1.4625472806094892,2.4523936982940437,1.9727795991115609,0.7195193377604827,1.7382898345533475,-0.0148118716811175,nan,nan,nan,nan,nan,nan,1,0
5.459999999999928,1.340163907920287,2.680327815840574,1.6425749421393339,0.8363910730013403,1.6727821460026808,-0.0873474190862444,1.2529696605957683,2.604928192416214,1.4991502183129737,0.9761271088514234,1.6376111591434401,0.006757589723011173,nan,nan,nan,nan,nan,nan,1,0
5.469999999999928,1.3436472024345092,2.6872944048690184,1.6421889835262613,0.8359906834133247,1.6719813668266497,-0.09263006713741728,1.2345260934301303,2.827907590868313,1.8895450287902864,0.7772390407246883,1.637134749447358,0.043897427468699124,nan,nan,nan,nan,nan,nan,1,0
5.479999999999928,1.3471288298291433,2.6942576596582866,1.6417810454194373,0.8355905747121884,1.6711811494243771,-0.09790514563778425,1.7021466401520517,2.5935212381325954,1.363892611199991,0.9822736071818282,1.8666134799709482,-0.1529623285257665,nan,nan,nan,nan,nan,nan,1,0
5.489999999999927,1.3506087912647249,2.7012175825294498,1.6413511600921364,0.8351907445395619,1.670381489079124,-0.10317247855217526,1.3977303562114716,2.6848232844324347,1.9575852053363274,0.7564210027887112,1.7262088995978966,-0.10146816054566019,nan,nan,nan,nan,nan,nan,1,0
5.499999999999927,1.354087087892018,2.708174175784036,1.6408993605495616,0.834791190550346,1.6695823811006922,-0.10843189021794561,1.6939199018599274,2.743022050128555,1.8542003248837602,0.6312453823340887,1.7283509941315325,-0.2212313687111551,nan,nan,nan,nan,nan,nan,1,0
5.509999999999927,1.357563720852072,2.715127441704144,1.6404256805272655,0.8343919104130018,1.6687838208260037,-0.11368320535108199,1.428715941509001,2.9794714124425545,1.509496033299347,1.043697841346314,1.7383803147511503,-0.1033391300809972,nan,nan,nan,nan,nan,nan,1,0
5.519999999999927,1.3610386912762797,2.7220773825525595,1.6399301544895475,0.8339929018098363,1.6679858036196729,-0.1189262490523037,1.3683901854579879,2.968524778311324,1.8980597545704818,0.7765020063525565,1.6868157053256436,-0.056465128432607065,nan,nan,nan,nan,nan,nan,1,0
5.5299999999999265,1.364512000286435,2.72902400057287,1.639412817627826,0.8335941624372869,1.667188324874574,-0.12416084681315898,1.2888080252362544,2.8862203241113327,1.675354403829738,0.5937542649610349,1.781285635968927,-0.13906757718573226,nan,nan,nan,nan,nan,nan,1,0
5.539999999999926,1.3679836489947943,2.7359672979895886,1.6388737058589837,0.8331956900062012,1.6663913800124026,-0.12938682452211575,1.0836499431260238,2.7452622162815983,1.4500213886412234,0.7366036155673231,1.6895619180169752,-0.26832003061169496,nan,nan,nan,nan,nan,nan,1,0
5.549999999999926,1.3714536385041365,2.742907277008273,1.6383128558236895,0.8327974822421145,1.6655949644842292,-0.13460400847064663,1.3560685765270724,2.986362122545745,1.5441848878513285,0.8554102089781047,1.746537407394161,-0.15066968604175332,nan,nan,nan,nan,nan,nan,1,0
5.559999999999926,1.3749219699078261,2.7498439398156522,1.6377303048846923,0.8323995368855241,1.6647990737710485,-0.1398122253593077,1.3494633119097563,2.6541330014261946,1.8417967250143592,0.8032258218238207,1.5564903627507778,-0.3104315219102183,nan,nan,nan,nan,nan,nan,1,0
5.569999999999926,1.3783886442898767,2.7567772885797535,1.637126091125093,0.8320018516921605,1.6640037033843211,-0.14501130230381043,0.9591152014773816,2.7970352132990524,1.7464226395355138,0.7453868466059885,1.5181781541186372,-0.02224180240441087,nan,nan,nan,nan,nan,nan,1,0
5.5799999999999255,1.3818536627250153,2.7637073254500306,1.6365002533465887,0.8316044244332541,1.6632088488665084,-0.15020106684108667,1.3796124395500189,2.2406637823433417,1.5259233864742214,0.6588619808469338,1.6022611398826232,-0.2859814737505724,nan,nan,nan,nan,nan,nan,1,0
5.589999999999925,1.3853170262787478,2.7706340525574955,1.6358528310676914,0.8312072528958009,1.662414505791602,-0.15538134693534617,1.3867516568760778,2.6558389661601023,2.02370432728347,0.8393933980359147,1.599553602607191,-0.09600330047143726,nan,nan,nan,nan,nan,nan,1,0
5.599999999999925,1.3887787360074262,2.7775574720148524,1.6351838645219243,0.8308103348828223,1.6616206697656448,-0.16055197098412605,1.4561099092285816,2.991123173583087,1.600687325599958,0.8218835720692338,1.5312240660627179,-0.22551349911887622,nan,nan,nan,nan,nan,nan,1,0
5.609999999999925,1.3922387929583162,2.7844775859166324,1.6344933946559896,0.8304136682136231,1.6608273364272463,-0.165712767824332,1.2603770193904813,2.3829979486116404,1.664269217446661,0.9566039368850565,1.757973241508512,-0.09362704024907993,nan,nan,nan,nan,nan,nan,1,0
5.619999999999925,1.3956971981696664,2.791394396339333,1.6337814631279135,0.8300172507240451,1.6600345014480904,-0.17086356673827063,1.4830884618344145,2.9995938723737496,1.8710008948275925,0.9788940791437528,1.746426740020872,-0.18799543659779952,nan,nan,nan,nan,nan,nan,1,0
5.629999999999924,1.3991539526707777,2.7983079053415554,1.6330481123051648,0.829621080266718,1.6592421605334362,-0.17600419745967272,1.2356048065260885,2.8007241322439094,1.554539726293821,0.8157075212254411,1.6894321760744908,-0.3892249866346017,nan,nan,nan,nan,nan,nan,1,0
5.639999999999924,1.4026090574820749,2.8052181149641497,1.6322933852627493,0.8292251547113055,1.6584503094226113,-0.18113449017970668,1.2615563721975251,2.722299693060956,1.5586096576659842,0.7214763873588629,1.633528555807219,-0.20414719171024512,nan,nan,nan,nan,nan,nan,1,0
5.649999999999924,1.406062513615178,2.812125027230356,1.6315173257812785,0.828829471944749,1.6576589438894982,-0.18625427555298196,1.705441823193006,2.9230889954366734,1.5148208302873598,0.8624401115923968,1.4991354327713384,-0.27880887190451603,nan,nan,nan,nan,nan,nan,1,0
5.659999999999924,1.409514322072976,2.819028644145952,1.6307199783450137,0.8284340298715066,1.6568680597430134,-0.19136338470354203,1.629177168987043,2.9623700109044893,1.949220625040984,0.8197937736282466,1.891950129098981,-0.12799280752223413,nan,nan,nan,nan,nan,nan,1,0
5.6699999999999235,1.4129644838497002,2.8259289676994004,1.6299013881398852,0.8280388264137891,1.6560776528275785,-0.19646164923084614,1.3394160365584853,2.7972710665738343,1.7207631184486827,0.6702682590092142,1.721531774302585,-0.30847401258783,nan,nan,nan,nan,nan,nan,1,0
5.679999999999923,1.4164129999309993,2.8328259998619987,1.6290616010514862,0.8276438595117915,1.6552877190235833,-0.20154890121573987,1.5393894267973853,2.704108053670367,1.4493565893938523,0.8235248280357912,1.5430152870706408,-0.330876940995126,nan,nan,nan,nan,nan,nan,1,0
5.689999999999923,1.4198598712940156,2.839719742588031,1.6282006636630428,0.8272491271239213,1.6544982542478428,-0.20662497322641377,1.4673124817475138,3.0392333089389774,1.5539788443991862,0.8838857729080073,1.6826263364224465,-0.2541825760800878,nan,nan,nan,nan,nan,nan,1,0
5.699999999999923,1.4233050989074616,2.846610197814923,1.627318623253358,0.8268546272270222,1.6537092544540446,-0.21168969832434942,1.2560970106038771,2.472323356291703,1.5228284881285465,0.8778094977966402,1.5277758994332318,-0.018044249982725635,nan,nan,nan,nan,nan,nan,1,0
5.709999999999923,1.4267486837316974,2.8534973674633948,1.626415527794732,0.826460357816595,1.6529207156331902,-0.21674291007025312,1.380860053743253,2.855079612754323,1.5262975291066057,0.732491758625071,1.5363532219458982,-0.08991636637692035,nan,nan,nan,nan,nan,nan,1,0
5.7199999999999225,1.43019062671881,2.86038125343762,1.6254914259508573,0.8260663169070132,1.6521326338140265,-0.22178444252997592,2.0201136945939586,3.0326507029846796,1.5762916678823957,0.7672171552972762,1.523128107959438,-0.17291988958185428,nan,nan,nan,nan,nan,nan,1,0
5.729999999999922,1.4336309288126923,2.8672618576253845,1.624546367074689,0.8256725025317353,1.6513450050634708,-0.22681413028042022,1.5483750900490965,2.9202237882194244,1.6643434860098487,0.7229054726146968,1.6725954602024742,-0.2230975101681687,nan,nan,nan,nan,nan,nan,1,0
5.739999999999922,1.4370695909491236,2.874139181898247,1.6235804012062913,0.8252789127435136,1.6505578254870275,-0.23183180841543202,2.2174817906789404,2.895640310279569,1.7186612615594157,0.8869553495489323,1.8174116279120227,-0.31789046359862305,nan,nan,nan,nan,nan,nan,1,0
5.749999999999922,1.4405066140558511,2.8810132281117022,1.6225935790706594,0.8248855456145978,1.6497710912291959,-0.2368373125516787,1.4958266810722372,2.455747241489652,1.5830860220394214,0.7067278445192315,1.8620423525874064,-0.25708629989486115,nan,nan,nan,nan,nan,nan,1,0
5.759999999999922,1.4439419990526716,2.8878839981053432,1.6215859520755156,0.8244923992369351,1.6489847984738704,-0.2418304788345116,1.2429611682813433,2.919975664918597,1.7121217878198491,0.7978590816168972,1.5813121182171705,-0.18219003557069202,nan,nan,nan,nan,nan,nan,1,0
5.769999999999921,1.4473757468515147,2.8947514937030294,1.620557572309083,0.824099471722366,1.6481989434447322,-0.24681114394381304,1.1922433257900902,2.726111179929426,1.8223006275402138,0.9677853001025218,1.599610167206438,-0.1366792072262103,nan,nan,nan,nan,nan,nan,1,0
5.779999999999921,1.4508078583565265,2.901615716713053,1.6195084925378338,0.8237067612028165,1.6474135224056332,-0.2517791450998274,1.538975963873551,3.0601042013123942,1.575403164141862,0.8256514157302985,1.5025790900966427,-0.41294042757006777,nan,nan,nan,nan,nan,nan,1,0
5.789999999999921,1.4542383344641534,2.908476668928307,1.618438766204213,0.8233142658304854,1.646628531660971,-0.2567343200689757,1.762081801833383,3.0204230655190667,1.4994465588862063,0.7432981409464507,1.6537720397894722,-0.24054919904071592,nan,nan,nan,nan,nan,nan,1,0
5.799999999999921,1.4576671760632285,2.915334352126457,1.6173484474243394,0.8229219837780274,1.645843967556055,-0.2616765071696529,1.3426470939939277,2.889789716108889,1.9038706264570706,0.726181762611329,1.7143599367002371,-0.3347382774219123,nan,nan,nan,nan,nan,nan,1,0
5.809999999999921,1.4610943840350565,2.922188768070113,1.616237590985681,0.8225299132387325,1.6450598264774652,-0.26660554527800856,1.3017392195122552,3.2168360202380524,1.6376418627879943,0.8827422139568231,1.5458807115390731,-0.15551645410355464,nan,nan,nan,nan,nan,nan,1,0
5.81999999999992,1.4645199592535012,2.9290399185070024,1.6151062523447073,0.8221380524267008,1.6442761048534018,-0.2715212738337086,1.406027850757916,2.9304239385633717,1.4155565923169626,0.7272434922794316,1.6692646064155812,-0.4242345744565247,nan,nan,nan,nan,nan,nan,1,0
5.82999999999992,1.467943902585072,2.935887805170144,1.6139544876245169,0.8217463995770129,1.643492799154026,-0.2764235328456796,1.3255807387900334,2.812790903267203,1.2065868033541118,0.8433741413352261,1.75686537513789,-0.19021335679516493,nan,nan,nan,nan,nan,nan,1,0
5.83999999999992,1.4713662148890132,2.9427324297780264,1.6127823536124426,0.8213549529458962,1.6427099058917927,-0.2813121628978335,1.716956160566784,2.8430319301088094,1.587664795100842,0.7200345735576137,1.5375914285720387,-0.15876677336891704,nan,nan,nan,nan,nan,nan,1,0
5.84999999999992,1.4747868970173919,2.9495737940347837,1.611589907757631,0.8209637108108869,1.641927421621774,-0.28618700515477374,1.2000702183896452,2.6928069264660177,1.5178963812671846,0.6889447146992749,1.713380806083166,-0.18328053523675447,nan,nan,nan,nan,nan,nan,1,0
5.8599999999999195,1.4782059498151876,2.956411899630375,1.6103772081685999,0.8205726714709876,1.6411453429419753,-0.2910479013674811,1.6838651756188003,3.0110256521615257,1.6112771438627709,0.8909901793148414,1.4959817081285518,-0.30742744407889044,nan,nan,nan,nan,nan,nan,1,0
5.869999999999919,1.4816233741203826,2.963246748240765,1.6091443136107708,0.82018183324682,1.6403636664936403,-0.29589469387897954,1.4206154663421426,2.8268774036683073,1.6694786195616185,0.8569916492897027,1.6399867060255233,-0.2778292910917747,nan,nan,nan,nan,nan,nan,1,0
5.879999999999919,1.4850391707640525,2.970078341528105,1.6078912835039791,0.8197911944807746,1.6395823889615495,-0.3007272256299812,1.9081435420269313,2.7683390113626074,1.1313718896826974,0.7932441144879441,1.7907704885135327,-0.33701749376101464,nan,nan,nan,nan,nan,nan,1,0
5.889999999999919,1.4884533405704572,2.9769066811409144,1.6066181779199604,0.8194007535371545,1.6388015070743092,-0.3055453401645105,1.1228560266879413,2.8001405073317236,1.3666176502634453,0.9050846192797791,1.5707779958541501,-0.3665937433356784,nan,nan,nan,nan,nan,nan,1,0
5.899999999999919,1.4918658843571335,2.983731768714267,1.6053250575798126,0.8190105088023154,1.638021017604631,-0.3103488816355064,1.3313805248274058,3.0012521748001095,1.3190210774070965,0.8465140511541402,1.4887184312700668,-0.2714266795982534,nan,nan,nan,nan,nan,nan,1,0
5.909999999999918,1.4952768029349868,2.9905536058699735,1.604011983851436,0.8186204586848017,1.6372409173696036,-0.31513769481040244,1.4463734806624424,2.6130496069883375,1.4941776743177417,0.8231338109204405,1.734546896215479,-0.24087308254593004,nan,nan,nan,nan,nan,nan,1,0
5.919999999999918,1.4986860971083846,2.9973721942167693,1.6026790187469497,0.8182306016154774,1.6364612032309551,-0.3199116250766847,1.1236935411644162,3.5004090645447152,1.0686676713447245,0.9496588064660021,1.4373236826307574,-0.3688284762277366,nan,nan,nan,nan,nan,nan,1,0
5.929999999999918,1.50209376767525,3.0041875353505,1.6013262249200855,0.8178409360476531,1.6356818720953064,-0.32467051844742617,1.4510036248103262,2.9572466713439143,1.6809603081395361,0.8106544166277903,1.6664828025452847,-0.5347869625290398,nan,nan,nan,nan,nan,nan,1,0
5.939999999999918,1.505499815427155,3.01099963085431,1.5999536656635571,0.8174514604572078,1.634902920914416,-0.3294142215667982,1.3924911619043798,3.032018328597031,1.6971533038118283,0.78474564558174,1.8394853167259058,-0.31905515068165063,nan,nan,nan,nan,nan,nan,1,0
5.949999999999918,1.5089042411494162,3.0178084822988325,1.598561404906409,0.8170621733427078,1.6341243466854158,-0.33414258171555755,1.802674582215357,2.941198805425657,1.4083528492091295,0.8545294472852059,1.574628817794244,-0.48491616096934054,nan,nan,nan,nan,nan,nan,1,0
5.959999999999917,1.5123070456211893,3.0246140912423787,1.5971495072113402,0.8166730732255193,1.6333461464510388,-0.33885544681650936,1.5383266603696402,3.124601044340134,1.8760740961863813,0.7292665649749751,1.654884756553977,-0.2723104860271858,nan,nan,nan,nan,nan,nan,1,0
5.969999999999917,1.515708229615564,3.031416459231128,1.595718037772007,0.8162841586499179,1.632568317299836,-0.34355266543994506,1.4792825237315876,2.714994498684513,1.3418346933185132,0.6247431745095298,1.513308991793235,-0.3414019166652961,nan,nan,nan,nan,nan,nan,1,0
5.979999999999917,1.5191077938996607,3.0382155877993213,1.5942670624103026,0.815895428183193,1.6317908563663863,-0.34823408680905527,1.6605434901873533,2.8970485919285753,1.2023935543088669,0.932516107209959,1.5660675603612917,-0.3622995091572496,nan,nan,nan,nan,nan,nan,1,0
5.989999999999917,1.5225057392347263,3.0450114784694526,1.5927966475736137,0.8155068804157484,1.631013760831497,-0.3528995608053167,1.880072894685941,3.2032532366943864,1.5517352805321687,0.7643698487470386,1.7017116971005644,-0.18846335142866139,nan,nan,nan,nan,nan,nan,1,0
5.9999999999999165,1.5259020663762313,3.0518041327524625,1.591306860332056,0.8151185139611973,1.6302370279223948,-0.357548937973853,1.8145131756798976,3.1290168705157404,1.949094164188802,0.9340651995628234,1.6681052430294896,-0.2948147601284967,nan,nan,nan,nan,nan,nan,1,0
6.009999999999916,1.5292967760739664,3.058593552147933,1.589797768375686,0.8147303274564544,1.629460654912909,-0.3621820695287688,1.6719731997592193,3.2485474813146364,1.856353525157155,0.6529703947175002,1.5004724895735966,-0.38115580262923854,nan,nan,nan,nan,nan,nan,1,0
6.019999999999916,1.5326898690721407,3.0653797381442813,1.5882694400116926,0.8143423195618223,1.628684639123645,-0.366798807358457,1.6849409035251874,3.0200528132931477,1.8518526411854683,0.8563649915068127,1.6229295360808067,-0.38740584844678166,nan,nan,nan,nan,nan,nan,1,0
6.029999999999916,1.5360813461094784,3.072162692218957,1.5867219441615639,0.8139544889610744,1.627908977922149,-0.3713990040308782,1.4752580705424,2.669692533809712,1.2264515157069937,0.8564132291461048,1.5219196530363084,-0.4269658660484677,nan,nan,nan,nan,nan,nan,1,0
6.039999999999916,1.539461312153407,3.078922624306814,1.5851553503582354,0.8111918505428536,1.6223837010857074,-0.3759825127988125,1.3930162420432104,3.2603257322792363,1.4358451311205933,0.5318043908860448,1.6785976524593615,-0.5005953596414923,nan,nan,nan,nan,nan,nan,1,0
6.0499999999999154,1.5428297188930626,3.0856594377861253,1.5835697273853948,0.8084176175173257,1.6168352350346515,-0.38054951348171806,1.5380740509678645,2.8928771015707104,1.5504162048318384,0.6248159264824422,1.675450594220348,-0.3397736118557383,nan,nan,nan,nan,nan,nan,1,0
6.059999999999915,1.5461865182360632,3.0923730364721265,1.5819651445953993,0.8056318423201427,1.6112636846402857,-0.3850998695989464,1.4989490305806563,2.9235900653329923,1.6131933407726362,0.8802148019884566,1.639221640774257,-0.36301750055531257,nan,nan,nan,nan,nan,nan,1,0
6.069999999999915,1.5495316623089401,3.0990633246178803,1.580341671906508,0.8028345774904724,1.605669154980945,-0.3896334453339032,1.8954338215811273,3.37316243076168,1.6566084670461567,0.9327770538015407,1.4990783117416082,-0.25704192054585406,nan,nan,nan,nan,nan,nan,1,0
6.079999999999915,1.5528651034575662,3.1057302069151325,1.5786993798001032,0.800025875670285,1.6000517513405703,-0.3941501055371483,1.5623285516152494,3.143127085777704,1.7001526061767536,0.8296184173154786,1.5063241711850284,-0.4019409627595053,nan,nan,nan,nan,nan,nan,1,0
6.089999999999915,1.5561867942475813,3.1123735884951627,1.577038339317897,0.7972057896036426,1.5944115792072855,-0.3986497157294721,1.1242117375906593,3.170870805605193,1.3689576448388119,0.8225283546941626,1.7093972185209092,-0.4640613413972935,nan,nan,nan,nan,nan,nan,1,0
6.099999999999914,1.5594966874648146,3.1189933749296292,1.5753586220591265,0.7943743721359894,1.588748744271979,-0.4031321421049489,1.200386811114741,3.0829962804139046,1.516081848799483,0.8821629942662716,1.5487453949046552,-0.46244850404649773,nan,nan,nan,nan,nan,nan,1,0
6.109999999999914,1.562794736115704,3.125589472231408,1.573660300177735,0.7915316762134439,1.583063352426888,-0.40759725153396675,1.6901174699255712,2.9217432712612816,1.1130404615042693,0.6917616809750803,1.5334127605610424,-0.3168979150184904,nan,nan,nan,nan,nan,nan,1,0
6.119999999999914,1.5660808934277126,3.1321617868554252,1.5719434463795423,0.788677754882094,1.5773555097641883,-0.41204491156623374,1.5312135231029527,3.0126780106213347,1.6712317532086858,0.7216683179296614,1.5464892142492623,-0.4526658428345175,nan,nan,nan,nan,nan,nan,1,0
6.129999999999914,1.569355112849743,3.138710225699486,1.5702081339194016,0.7858126612872921,1.5716253225745844,-0.4164749904337609,1.5635578794127325,3.2411017074242348,1.794100142201926,0.554953967982364,1.6879369881913684,-0.4849970772844171,nan,nan,nan,nan,nan,nan,1,0
6.1399999999999135,1.572617348052547,3.145234696105094,1.568454436598344,0.7829364486729534,1.565872897345907,-0.4208873570538217,1.5142715499675201,3.147377435845577,1.7298579124234905,0.8002034152174372,1.565468180106688,-0.4995791802482736,nan,nan,nan,nan,nan,nan,1,0
6.149999999999913,1.575867552929134,3.151735105858268,1.566682428760711,0.7800491703808553,1.5600983407617108,-0.4252818810318876,1.5031710678505374,3.4112105209498416,1.425723513770416,0.652911973726527,1.4516663703808712,-0.3668434434853958,nan,nan,nan,nan,nan,nan,1,0
6.159999999999913,1.5791056815951754,3.158211363190351,1.5648921852912754,0.7771508798499386,1.5543017596998774,-0.4296584326645404,1.4793477941827649,3.257523875005207,1.6627385152829053,0.8436363415760231,1.5553136008698396,-0.39531199395984273,nan,nan,nan,nan,nan,nan,1,0
6.169999999999913,1.5823316883894072,3.1646633767788144,1.5630837816123488,0.7742416306156108,1.5484832612312218,-0.4340168829423606,1.592489168685656,3.1912836903847417,1.3424606728329107,0.7727200599794698,1.4863994233578255,-0.45317032517363515,nan,nan,nan,nan,nan,nan,1,0
6.179999999999913,1.5855455278740282,3.1710910557480565,1.5612572936808788,0.7713214763090509,1.542642952618102,-0.4383571035527921,1.3920442936014847,3.1804711638766223,1.980834723265768,0.8031924824863587,1.5661304666111036,-0.5594118707098011,nan,nan,nan,nan,nan,nan,1,0
6.1899999999999125,1.588747154835097,3.177494309670194,1.559412797985533,0.768390470656516,1.5367809413130322,-0.4426789668829832,1.9520216296156236,3.448361484537841,1.7032316740229079,0.764282921586675,1.370796880136988,-0.3605577511697095,nan,nan,nan,nan,nan,nan,1,0
6.199999999999912,1.5919365242829249,3.1838730485658497,1.5575503715437722,0.7654486674786497,1.5308973349572996,-0.4469823460226036,1.7807877926072497,3.278690683525037,1.8893100939726248,0.8135347259939,1.721994406223575,-0.4637866242665811,nan,nan,nan,nan,nan,nan,1,0
6.209999999999912,1.5951135914524657,3.1902271829049313,1.5556700918989113,0.7624961206897926,1.5249922413795853,-0.45126711476663794,1.2926441343802482,3.143220765096383,1.1391349408612106,0.9539078680253079,1.559469926560679,-0.5091018803361824,nan,nan,nan,nan,nan,nan,1,0
6.219999999999912,1.5982783118037045,3.196556623607409,1.553772037117169,0.7595328842972936,1.5190657685945874,-0.4555331476181547,1.5718887196140783,3.2281520585702146,1.763070584543154,0.6485414679389467,1.447375983663988,-0.49211600684217705,nan,nan,nan,nan,nan,nan,1,0
6.229999999999912,1.6014306410220414,3.2028612820440827,1.5518562857847062,0.7565590124008246,1.5131180248016494,-0.45978031979105194,1.5743243513140621,3.36668202651063,1.3951141713785395,0.84237510573361,1.5342447070970864,-0.6399224956061766,nan,nan,nan,nan,nan,nan,1,0
6.239999999999911,1.6045705350186734,3.209141070037347,1.549922917004653,0.7535745591916952,1.5071491183833907,-0.46400850721277836,1.5545507278717818,3.13926142563064,1.7060399023458737,0.8640323504227396,1.7789408953596992,-0.402224697846943,nan,nan,nan,nan,nan,nan,1,0
6.249999999999911,1.607697949930974,3.215395899861948,1.5479720103941237,0.7505795789521708,1.5011591579043417,-0.4682175865270307,1.4905396994988716,3.02400041204162,1.257612985860801,0.8389580785212456,1.3762587479194281,-0.46042462711245763,nan,nan,nan,nan,nan,nan,1,0
6.259999999999911,1.610812842122869,3.221625684245738,1.5460036460812219,0.7475741260547908,1.4951482521095818,-0.4724074350964269,1.3746971863870194,3.144785830162009,1.9608543321414376,0.8078345482264305,1.2721214221568045,-0.46567843483675775,nan,nan,nan,nan,nan,nan,1,0
6.269999999999911,1.6139151681852093,3.2278303363704186,1.5440179047020337,0.7445582549616906,1.4891165099233814,-0.4765779310051549,1.5398361067542405,3.1501955307094116,1.6595187814612031,0.8723266805258625,1.5422511648221422,-0.38024976419310186,nan,nan,nan,nan,nan,nan,1,0
6.2799999999999105,1.6170048849361423,3.2340097698722845,1.5420148673976104,0.7415320202239237,1.4830640404478477,-0.4807289530615974,1.718501690357832,2.9297519647380885,1.647730995501776,0.7721093275753529,1.616300889943158,-0.41129175804371454,nan,nan,nan,nan,nan,nan,1,0
6.28999999999991,1.6200819494214789,3.2401638988429577,1.5399946158109399,0.7384954764807864,1.476990952961573,-0.4848603808009327,1.3490720295073886,3.2773942648992214,1.5552106654132587,0.8322282565792745,1.5214445145507702,-0.2708077291924613,nan,nan,nan,nan,nan,nan,1,0
6.29999999999991,1.6231463189150586,3.246292637830117,1.5379572320839077,0.7354486784591443,1.4708973569182888,-0.4889720944877103,1.629277017524221,3.3516431818163506,1.2225945829667695,0.4441316947526288,1.2547657102470302,-0.5303373039479572,nan,nan,nan,nan,nan,nan,1,0
6.30999999999991,1.6261979509191118,3.2523959018382236,1.5359027988542477,0.7323916809727606,1.4647833619455215,-0.49306397511840305,1.1809745642140812,3.373641661368356,1.6177011003435626,0.6027734367162545,1.568422531188928,-0.46603828388942165,nan,nan,nan,nan,nan,nan,1,0
6.31999999999991,1.6292368031646185,3.258473606329237,1.5338313992524812,0.7293245389216261,1.4586490778432524,-0.49713590442393446,1.7143954594484305,3.4462186508475012,1.335389737650159,0.6103980590631425,1.4164229783949616,-0.5053261270357476,nan,nan,nan,nan,nan,nan,1,0
6.3299999999999095,1.6322628336116656,3.264525667223331,1.5317431168988471,0.7262473072912909,1.452494614582582,-0.5011877648721814,1.6585176401183335,3.449216676917067,1.6971742412700563,0.8513279525757786,1.515550292489529,-0.5784348058246684,nan,nan,nan,nan,nan,nan,1,0
6.339999999999909,1.6352760004497997,3.2705520008995994,1.5296380359002202,0.723160041152199,1.4463200823043982,-0.5052194396704529,1.4127212866365935,3.415120563418162,1.617146540952806,0.6952535294540958,1.518247185773932,-0.419707534684585,nan,nan,nan,nan,nan,nan,1,0
6.349999999999909,1.638276262098379,3.276552524196758,1.5275162408470204,0.7200627956590231,1.4401255913180464,-0.5092308127679434,1.8498166554974749,3.0559179436267914,1.5563829328352699,0.8451052731952641,1.4790849761986933,-0.4830552464192895,nan,nan,nan,nan,nan,nan,1,0
6.359999999999909,1.6412635772069208,3.2825271544138417,1.5253778168101113,0.7169556260500028,1.433911252100006,-0.5132217688581622,1.657082519898105,3.272349422812562,1.4904837049538184,0.7657439588739196,1.5888290753278502,-0.3401113307153969,nan,nan,nan,nan,nan,nan,1,0
6.369999999999909,1.644237904655447,3.288475809310894,1.5232228493376891,0.713838587646284,1.4276771752925683,-0.517192193381338,1.4050922334530345,2.788829620941024,1.3097678879431345,0.79427919483206,1.4396153391267028,-0.5916981167195826,nan,nan,nan,nan,nan,nan,1,0
6.379999999999908,1.6471992035548273,3.2943984071096546,1.521051424452161,0.7107117358512602,1.4214234717025207,-0.5211419725267988,1.7589071372853116,3.2673909717565888,1.3302061486330767,0.6412348893689005,1.473104660072743,-0.693605037011263,nan,nan,nan,nan,nan,nan,1,0
6.389999999999908,1.6501474332471187,3.3002948664942373,1.5188636286470136,0.7075751261499161,1.4151502522998325,-0.5250709932353266,1.4104944714175551,3.5261603863332422,1.5880995303450118,0.8322808108667779,1.3604569320512476,-0.6268464994728088,nan,nan,nan,nan,nan,nan,1,0
6.399999999999908,1.6530825533059028,3.3061651066118056,1.516659548883674,0.7044288141081729,1.408857628216346,-0.5289791432014875,1.7601387552166672,3.4415547911302644,1.534635266849613,0.6606046530199189,1.4748764122896645,-0.6107066505162705,nan,nan,nan,nan,nan,nan,1,0
6.409999999999908,1.6560045235366205,3.312009047073241,1.5144392725883575,0.7012728553722355,1.4025457107444712,-0.5328663108759375,1.5955026312749967,3.528336642331872,1.4940166031265114,0.8354298213757109,1.3430359404447045,-0.39099159871486233,nan,nan,nan,nan,nan,nan,1,0
6.419999999999908,1.6589133039769037,3.3178266079538075,1.5122028876489089,0.6981073056679419,1.396214611335884,-0.5367323854677023,1.73644321924601,3.892796948692474,1.4507208821172213,0.9308437319718122,1.4193433400468725,-0.6433586272561773,nan,nan,nan,nan,nan,nan,1,0
6.429999999999907,1.661808854896904,3.323617709793808,1.509950482411632,0.6949322208001149,1.38986444160023,-0.5405772569464332,1.7371339157557162,3.433108582481821,1.9210407831433018,0.5317344658728296,1.2750999217589314,-0.5777468278199773,nan,nan,nan,nan,nan,nan,1,0
6.439999999999907,1.6646911367996204,3.329382273599241,1.5076821456781129,0.6917476566519148,1.38349531330383,-0.5444008160446371,1.9050172592733832,3.0928323259414054,0.873431236145268,0.632158569602736,1.3956443663462106,-0.4085787996648371,nan,nan,nan,nan,nan,nan,1,0
6.449999999999907,1.6675601104212212,3.3351202208424424,1.50539796670203,0.6885536691841958,1.3771073383683918,-0.5482029542598819,1.9522677240481623,3.5260890976506114,1.7304366448055808,0.6692748019866606,1.4085567547530624,-0.40757696250285536,nan,nan,nan,nan,nan,nan,1,0
6.459999999999907,1.6704157367313666,3.340831473462733,1.5030980351859593,0.6853503144348626,1.3707006288697254,-0.5519835638569764,1.8154162815319939,3.1543011707963697,1.3706378439654152,0.6631889034091477,1.4467350314091083,-0.6253077085653396,nan,nan,nan,nan,nan,nan,1,0
6.4699999999999065,1.6732579769335258,3.3465159538670517,1.5007824412781672,0.6821376485182308,1.3642752970364618,-0.5557425378701261,1.5083365771187731,3.3112655146326535,1.3815502259743355,0.6261570100619079,1.4094268039151894,-0.6415965200320313,nan,nan,nan,nan,nan,nan,1,0
6.479999999999906,1.6760867924652942,3.3521735849305885,1.4984512755693962,0.6789157276243882,1.357831455248777,-0.5594797701050617,1.4912664916445837,3.3184646275469354,1.243871226959856,0.6269123695571409,1.4338213357930727,-0.5246274894509458,nan,nan,nan,nan,nan,nan,1,0
6.489999999999906,1.678902144998705,3.35780428999741,1.4961046290896414,0.6756846080185593,1.3513692160371191,-0.5631951551411445,1.5170018487392278,3.4533458046907906,1.4484342268878962,0.7435886505186514,1.3386995664790722,-0.6575007288960322,nan,nan,nan,nan,nan,nan,1,0
6.499999999999906,1.6817039964405402,3.3634079928810805,1.4937425933049187,0.6724443460404711,1.3448886920809426,-0.5668885883334451,1.4830624856512062,3.3812525789541192,1.3658199053006692,0.5957177718037985,1.5167091756814104,-0.5415089043710597,nan,nan,nan,nan,nan,nan,1,0
6.509999999999906,1.6844923089326391,3.3689846178652783,1.4913652601140237,0.6691949981037213,1.338389996207443,-0.5705599658147973,1.7528625321280684,2.965518175486795,1.7674410613154228,0.8234283206670523,1.240005063689969,-0.4525639417846904,nan,nan,nan,nan,nan,nan,1,0
6.519999999999905,1.6872670448522022,3.3745340897044045,1.4889727218452828,0.6659366206951495,1.3318732413902994,-0.5742091844978262,1.514769346836482,3.225095265233641,1.2803022527279835,0.5975506715817167,1.2922280155728412,-0.5014345033177589,nan,nan,nan,nan,nan,nan,1,0
6.529999999999905,1.690028166812095,3.38005633362419,1.4865650712532956,0.6626692703742098,1.32533854074842,-0.5778361420769512,1.3494271809680747,3.3984200168832417,1.3063131757332,0.7042066624782056,1.2532509884337961,-0.6600675792120363,nan,nan,nan,nan,nan,nan,1,0
6.539999999999905,1.6927756376611462,3.3855512753222925,1.484142401515669,0.659393003772346,1.3187860075446924,-0.5814407370303631,0.9511269127766904,3.4266664310498145,1.74099856312895,0.8439057077733587,1.348421080565333,-0.3211159356789142,nan,nan,nan,nan,nan,nan,1,0
6.549999999999905,1.6955094204844479,3.3910188409688957,1.4817048062297442,0.6561078775923695,1.3122157551847395,-0.5850228686219759,1.811967412152094,3.117777293134266,1.231347288936097,0.7103116642591502,1.3417274864792785,-0.796696769203504,nan,nan,nan,nan,nan,nan,1,0
6.559999999999905,1.6982294786036471,3.3964589572072943,1.4792523794093135,0.6528139486078391,1.3056278972156787,-0.5885824369033529,1.5982970206821852,3.392893688437021,1.4709036747045094,0.5723740945271899,1.4193729178776302,-0.5178498491760746,nan,nan,nan,nan,nan,nan,1,0
6.569999999999904,1.7009357755772407,3.4018715511544815,1.476785215481332,0.6495112736624434,1.2990225473248873,-0.5921193427156067,1.6367009100544807,3.4274159731297256,1.3748639580766748,0.6484206386805281,1.1217382700638254,-0.6280371277923246,nan,nan,nan,nan,nan,nan,1,0
6.579999999999904,1.7036282752008631,3.4072565504017263,1.4743034092826182,0.6461999096693858,1.292399819338772,-0.5956334876912747,1.5929936456102305,3.995847196586208,1.2323111140863992,0.5658807063979895,1.266155223770936,-0.5236666888471474,nan,nan,nan,nan,nan,nan,1,0
6.589999999999904,1.7063069415075747,3.4126138830151493,1.4718070560565508,0.6428799136107716,1.2857598272215436,-0.5991247742561667,1.630513441213003,3.6660931627693403,1.3652702853261118,0.8029269567431339,1.2625285251265759,-0.5340438781342252,nan,nan,nan,nan,nan,nan,1,0
6.599999999999904,1.7089717387681456,3.417943477536291,1.4692962514497543,0.6395513425369984,1.2791026850739973,-0.6025931056311892,1.7563696039093106,3.4165654377901773,1.4965760470760894,0.5309619942264501,1.2271660089340723,-0.5558427710984524,nan,nan,nan,nan,nan,nan,1,0
6.6099999999999035,1.7116226314913379,3.4232452629826757,1.4667710915087786,0.6362142535661485,1.2724285071322974,-0.6060383858341415,1.8946564923876628,3.3991492675697987,1.5564742159751528,0.6618187363529646,1.409139251405016,-0.6279256975507665,nan,nan,nan,nan,nan,nan,1,0
6.619999999999903,1.7142595844241852,3.4285191688483705,1.4642316726767723,0.6328687038833837,1.2657374077667678,-0.6094605196814877,1.7728359864423484,3.7623382415747346,1.6362207196833163,0.5786840749335703,1.2842692089849028,-0.6872935588680343,nan,nan,nan,nan,nan,nan,1,0
6.629999999999903,1.7168825625522701,3.4337651251045402,1.4616780917901468,0.6295147507403435,1.2590295014806874,-0.6128594127901015,1.9653569377474311,2.9678125971590767,1.2177429236582122,0.5408295951852133,1.2453785401652813,-0.4857328204600412,nan,nan,nan,nan,nan,nan,1,0
6.639999999999903,1.7194915310999974,3.438983062199995,1.4591104460752344,0.6261524514545457,1.2523049029090918,-0.6162349715789855,1.7352670644225634,3.527246909345046,1.250232830042123,0.7472479457294964,1.3524072343268059,-0.8312931831512945,nan,nan,nan,nan,nan,nan,1,0
6.649999999999903,1.7220864555308675,3.444172911061735,1.4565288331449386,0.6227818634087896,1.2455637268175797,-0.6195871032709648,1.4338348212661747,3.1723208242461727,1.2318225841554693,0.6421392883936106,1.3553418654213927,-0.6048500413759136,nan,nan,nan,nan,nan,nan,1,0
6.659999999999902,1.7246673015477447,3.4493346030954894,1.453933350995379,0.6194030440505621,1.2388060881011247,-0.6229157158943531,1.7725634033396211,3.6854596091646963,1.549624683136143,0.6106474583939588,1.1036078900107518,-0.8231180842389472,nan,nan,nan,nan,nan,nan,1,0
6.669999999999902,1.7272340350931257,3.4544680701862513,1.4513240980025264,0.616016050891447,1.2320321017828944,-0.6262207182845948,1.8417411052930652,3.43369803488132,1.5438663875566176,0.46426275814902285,1.3543611126560207,-0.5074053135664318,nan,nan,nan,nan,nan,nan,1,0
6.679999999999902,1.729786622349403,3.459573244698806,1.4487011729188353,0.6126209415065365,1.2252418830130734,-0.6295020200858787,1.7915167562462158,3.333859114013664,1.507679030362246,0.6389216177489726,1.1105674725477581,-0.4546081449364385,nan,nan,nan,nan,nan,nan,1,0
6.689999999999902,1.7323250297391273,3.4646500594782546,1.4460646748698656,0.6092177735338469,1.2184355470676942,-0.6327595317527274,1.7284089509289433,3.5610599767552666,1.44011009706551,0.5783302465186178,1.04872402687197,-0.5476513187069032,nan,nan,nan,nan,nan,nan,1,0
6.699999999999902,1.7348492239252677,3.4696984478505355,1.4434147033509008,0.6058066046737358,1.211613209347472,-0.6359931645515584,1.8100511661455114,3.2904397149638953,1.059329443396116,0.5808794565711377,1.033945921444044,-0.5770600474724555,nan,nan,nan,nan,nan,nan,1,0
6.709999999999901,1.7373591718114691,3.4747183436229383,1.4407513582235583,0.602387492688324,1.2047749853766485,-0.639202830562221,1.629004653285372,3.382374716009828,1.6011791020479038,0.6903380011267796,1.0527000513408897,-0.6260716603863958,nan,nan,nan,nan,nan,nan,1,0
6.719999999999901,1.7398548405423062,3.4797096810846124,1.4380747397123936,0.5989604954009192,1.197920990801839,-0.6423884426795053,1.9720721810029247,3.777045482413202,1.1829714525202237,0.6995851736369325,1.2872232093984157,-0.517798215395134,nan,nan,nan,nan,nan,nan,1,0
6.729999999999901,1.7423361975035372,3.4846723950070744,1.4353849484014993,0.5955256706954436,1.1910513413908876,-0.6455499146146251,1.7174809150482455,3.157677340788766,1.2425450681428543,0.44549760504412866,1.3506878283592778,-0.6199269696790229,nan,nan,nan,nan,nan,nan,1,0
6.739999999999901,1.7448032103223532,3.4896064206447064,1.4326820852310964,0.5920830765158648,1.18416615303173,-0.6486871608966749,1.9209309375520396,3.4259733529465386,1.2440491069015773,0.5455610396962849,1.2249102252162825,-0.7333797878577504,nan,nan,nan,nan,nan,nan,1,0
6.7499999999999005,1.7472558468676267,3.4945116937352534,1.4299662514941212,0.58863277086563,1.1772655417312605,-0.6518000968740599,1.4271350765742035,3.592428498295442,1.8816344507913827,0.6393820690774229,1.1943664000541943,-0.76121844057277,nan,nan,nan,nan,nan,nan,1,0
6.7599999999999,1.7496940752501562,3.4993881505003124,1.4272375488328048,0.5851748118071037,1.170349623614208,-0.6548886387158999,1.7964431621122263,3.625927674433244,1.3401541739150677,0.746480389495637,1.2465468470896286,-0.6262132905042516,nan,nan,nan,nan,nan,nan,1,0
6.7699999999999,1.7521178638229105,3.504235727645821,1.424496079235249,0.5817092574610083,1.163418514922017,-0.6579527034134056,2.1361410536060226,3.2613362410291167,1.409710768155703,0.652211676449461,1.2166322104069938,-0.6594774101217851,nan,nan,nan,nan,nan,nan,1,0
6.7799999999999,1.7545271811812682,3.5090543623625363,1.421741945031994,0.5782361660058691,1.1564723320117387,-0.6609922087812302,1.76164411356625,3.5079720936813774,1.7017776734434376,0.6461443239052355,1.1059082902445874,-0.6125857866553951,nan,nan,nan,nan,nan,nan,1,0
6.7899999999999,1.7569219961632576,3.5138439923265152,1.4189752488925822,0.5747555956774626,1.1495111913549256,-0.6640070734587923,2.0255124943086003,3.2685922606642333,1.5805001716940394,0.4106077442682998,1.156334586342888,-0.77568615898874,nan,nan,nan,nan,nan,nan,1,0
6.7999999999998995,1.759302277849792,3.518604555699584,1.4161960938221172,0.5712676047682683,1.142535209536537,-0.6669972169115735,1.8078417169307635,3.766179855774945,1.2784985750416467,0.49102918611707724,1.1283469949451579,-0.625539097858686,nan,nan,nan,nan,nan,nan,1,0
6.809999999999899,1.7616679955649042,3.5233359911298083,1.4134045831578155,0.5677722516269248,1.13554450325385,-0.6699625594323891,1.864008650556999,3.3158818552005256,1.396237362221673,0.5242186186709251,0.9530808476377597,-0.7600529194776443,nan,nan,nan,nan,nan,nan,1,0
6.819999999999899,1.764019118875978,3.528038237751956,1.4106008205655545,0.5642695946576892,1.1285391893153789,-0.6729030221426314,1.7176649705837423,3.41704200983767,1.5096626955782861,0.530581933974863,1.122965683967562,-0.6878982060266552,nan,nan,nan,nan,nan,nan,1,0
6.829999999999899,1.7663556175939776,3.5327112351879553,1.407784910036415,0.560759692319901,1.1215193846398024,-0.6758185269934873,1.9820772798172817,3.7987555311964525,1.2045014411483794,0.5049821298206938,1.0736168243697768,-0.7273750127497586,nan,nan,nan,nan,nan,nan,1,0
6.839999999999899,1.7686774617736754,3.5373549235473507,1.4049569558832187,0.5572426031274493,1.114485206254899,-0.678708996767128,1.5327792985824018,3.7944580866231523,1.5673164867893137,0.3445024073405053,1.3132972274746193,-0.7990032220426733,nan,nan,nan,nan,nan,nan,1,0
6.849999999999898,1.7709846217138763,3.5419692434277525,1.402117062737061,0.5537183856482456,1.1074367712964917,-0.6815743550778729,1.755728869602729,3.511647975209967,1.788410610284513,0.4200235235747845,1.150433007520327,-0.7735477491521262,nan,nan,nan,nan,nan,nan,1,0
6.859999999999898,1.7732770679576417,3.5465541359152835,1.3992653355438387,0.5501870985036987,1.100374197007398,-0.6844145263733261,1.6685064786932957,3.5242239562791147,1.1345521487593395,0.42241861079599907,1.2754107405586073,-0.754720038935761,nan,nan,nan,nan,nan,nan,1,0
6.869999999999898,1.7755547712925093,3.5511095425850185,1.3964018795607742,0.5466488003681961,1.0932976007363926,-0.6872294359354862,1.882647054605227,3.645241487366715,1.662317629224685,0.36265047734599243,0.9394250244213299,-0.5974372596176311,nan,nan,nan,nan,nan,nan,1,0
6.879999999999898,1.7778177027507118,3.5556354055014237,1.3935268003529333,0.5431035499685879,1.0862070999371762,-0.6900190098818295,1.4193326241665294,3.474899331044945,1.5853107448482213,0.3941420586237314,1.1668819266997081,-0.6975928202557269,nan,nan,nan,nan,nan,nan,1,0
6.8899999999998975,1.7800658336093937,3.5601316672187875,1.39064020378974,0.5395514060836769,1.0791028121673543,-0.6927831751663656,1.4229613725816779,3.0100466841755997,1.182351905367555,0.7197558746690549,0.9781405148376616,-0.5432968689643242,nan,nan,nan,nan,nan,nan,1,0
6.899999999999897,1.782299135390826,3.564598270781652,1.3877421960414873,0.5359924275437121,1.0719848550874247,-0.695521859580667,1.7890328621014,3.394026565066144,1.8941266154673753,0.574379794973843,1.129917461342792,-0.7533891996159848,nan,nan,nan,nan,nan,nan,1,0
6.909999999999897,1.7845175798626172,3.5690351597252343,1.3848328835758419,0.5324266732298873,1.0648533464597751,-0.6982349917548716,1.6575513716711203,3.509162382771944,1.3467798665792652,0.6012061965619824,0.9321682277066965,-0.8454211318646967,nan,nan,nan,nan,nan,nan,1,0
6.919999999999897,1.786721139037925,3.57344227807585,1.3819123731543475,0.5288542020738448,1.05770840414769,-0.7009225011586573,1.8860009447724102,3.661999760197506,1.6072410105460413,0.5797257344978926,0.9405697602421365,-0.6589297205893696,nan,nan,nan,nan,nan,nan,1,0
6.929999999999897,1.7889097851756632,3.5778195703513265,1.3789807718289218,0.5252750730571836,1.0505501461143676,-0.7035843181021915,2.242360545237635,3.8949794975110406,1.246566199806308,0.48485005610631343,1.0333035156705486,-0.7268800548207445,nan,nan,nan,nan,nan,nan,1,0
6.9399999999998965,1.791083490780709,3.582166981561418,1.3760381869383507,0.5216893452109728,1.043378690421946,-0.7062203737370519,1.659833372674689,4.006352605863414,1.6700550036836228,0.554003238839823,1.0370893122893639,-0.9157426852669077,nan,nan,nan,nan,nan,nan,1,0
6.949999999999896,1.7932422286041059,3.5864844572082117,1.3730847261047794,0.5180970776152702,1.036194155230541,-0.7088306000571217,1.536505329775927,3.423924955546692,1.2652101214579257,0.5946364214063702,1.0109485599350951,-0.7973572939131364,nan,nan,nan,nan,nan,nan,1,0
6.959999999999896,1.795385971643267,3.590771943286534,1.3701204972301984,0.5144983293986466,1.0289966587972936,-0.7114149298994571,1.6934615844046215,3.533154766657845,1.3601269276157202,0.5162249330248442,0.967568873929599,-0.7849470618766807,nan,nan,nan,nan,nan,nan,1,0
6.969999999999896,1.7975146931421742,3.5950293862843483,1.367145608492927,0.5108931597377141,1.0217863194754286,-0.713973296945128,1.5628266190773248,3.4165224181133516,1.1880604312640881,0.6499768485614084,1.0606960694737162,-0.590637626037762,nan,nan,nan,nan,nan,nan,1,0
6.979999999999896,1.7996283665915769,3.5992567331831538,1.3641601683440936,0.5072816278566616,1.0145632557133237,-0.7165056357200325,1.574230696066175,3.7892732021795013,1.3335625420478767,0.4659008231876072,0.772940531502544,-0.7223934427251514,nan,nan,nan,nan,nan,nan,1,0
6.989999999999895,1.8017269657291886,3.603453931458377,1.3611642855041115,0.5036637930267952,1.0073275860535909,-0.7190118815956834,2.1420051921538756,3.311073089030977,1.312948757716683,0.5211309513550588,0.8955861491928503,-0.726584334559815,nan,nan,nan,nan,nan,nan,1,0
6.999999999999895,1.8038104645398805,3.607620929079761,1.3581580689591533,0.5000397145660836,1.0000794291321677,-0.7214919707899691,1.7952000085563196,3.6399981355380646,1.1565067629058288,0.5869416658920336,0.8915217063962444,-0.6155012075352935,nan,nan,nan,nan,nan,nan,1,0
7.009999999999895,1.8058788372558752,3.6117576745117503,1.3551416279576205,0.496409451838711,0.9928189036774224,-0.7239458403678862,1.6238621150349268,3.5698650396665648,1.459723571242039,0.5117206359050148,0.8648057260077099,-0.8588209428380069,nan,nan,nan,nan,nan,nan,1,0
7.019999999999895,1.807932058356936,3.615864116713872,1.352115072006611,0.49277306425463446,0.9855461285092694,-0.726373428242247,1.7519556911209053,3.72214502695138,1.3918389085009484,0.5290751432322264,1.1250565073640229,-0.7494293401845847,nan,nan,nan,nan,nan,nan,1,0
7.0299999999998946,1.8099701025705575,3.619940205141115,1.3490785108683845,0.48913061126914875,0.978261222538298,-0.7287746731743587,2.010885069824618,3.6843204475191347,1.6118759040074657,0.4984777687522285,1.190553905809111,-0.762088404087134,nan,nan,nan,nan,nan,nan,1,0
7.039999999999894,1.811992944872151,3.623985889744302,1.3460320545568234,0.48548215238245634,0.9709643047649131,-0.7311495147746765,2.041646770007337,3.712218636324637,1.7096577552460333,0.49246229698675487,0.7095182626430074,-0.7338645427882111,nan,nan,nan,nan,nan,nan,1,0
7.049999999999894,1.8140005604852312,3.6280011209704623,1.3429758133338925,0.4818277471392447,0.9636554942784898,-0.7334978935034303,1.8904462538685143,3.8348241712510247,1.165200764350068,0.36571103463298255,1.0119806842822376,-0.664042251061506,nan,nan,nan,nan,nan,nan,1,0
7.059999999999894,1.815992924881599,3.631985849763198,1.3399098977060957,0.47816745512826975,0.9563349102565399,-0.7358197506712244,1.890461004303796,3.5551862630579545,1.0270773232033013,0.4667734066240762,0.9621106079128882,-0.6904029083517678,nan,nan,nan,nan,nan,nan,1,0
7.069999999999894,1.8179700137815238,3.6359400275630476,1.3368344184209306,0.4745013359819461,0.9490026719638927,-0.7381150284396104,1.7875799743694123,3.391888252155512,1.0718884998809193,0.5403368744318867,0.9765029653957102,-0.7721601598479019,nan,nan,nan,nan,nan,nan,1,0
7.0799999999998935,1.8199318031539236,3.639863606307847,1.3337494864633406,0.47082944937594445,0.9416588987518894,-0.740383669821634,1.8645798048805315,3.6442182508955363,1.2899527531197883,0.37866198868475986,0.9995651704300905,-0.7924600110174737,nan,nan,nan,nan,nan,nan,1,0
7.089999999999893,1.8218782692165436,3.643756538433087,1.330655213052164,0.46715185502879564,0.9343037100575917,-0.7426256186823549,1.7906956468812971,3.5820285815556203,1.131727807472176,0.6410308651246093,0.9780829594858327,-0.8567543298481339,nan,nan,nan,nan,nan,nan,1,0
7.099999999999893,1.8238093884361333,3.6476187768722665,1.3275517096365834,0.4634686127015022,0.9269372254030048,-0.7448408197393409,1.9091029566843487,3.7106007174444926,1.2833115144793361,0.4064015580656508,1.0762540338075757,-0.6134369129681494,nan,nan,nan,nan,nan,nan,1,0
7.109999999999893,1.8257251375286214,3.651450275057243,1.3244390878925703,0.45977978219715726,0.919559564394315,-0.7470292185631351,1.5565358239538574,3.7551183320527977,1.334330360658613,0.41095718223784883,1.084749481834862,-0.8068576049173234,nan,nan,nan,nan,nan,nan,1,0
7.119999999999893,1.8276254934592904,3.6552509869185807,1.3213174597193298,0.45608542336057084,0.9121708467211421,-0.7491907615776969,1.8573172578807484,3.671889660488834,1.0650745225571145,0.38912553422058344,0.9425376261884836,-0.8771814064521329,nan,nan,nan,nan,nan,nan,1,0
7.129999999999892,1.8295104334429484,3.659020866885897,1.318186937235743,0.4523855960779039,0.9047711921558083,-0.7513253960608172,1.9306435103691897,3.5770424252392248,1.1939280581123306,0.34710486666411544,0.8109639779486607,-0.630811375906274,nan,nan,nan,nan,nan,nan,1,0
7.139999999999892,1.8313799349440998,3.6627598698881996,1.3150476327768077,0.44868036027631036,0.8973607205526212,-0.7534330701445071,1.558459519707263,3.8594170440905295,1.3270919283943368,0.4288749246954362,0.9114165945207797,-0.6602497220087652,nan,nan,nan,nan,nan,nan,1,0
7.149999999999892,1.8332339756771148,3.6664679513542295,1.311899658890077,0.44496977592358716,0.8899395518471748,-0.7555137328153614,1.492482576271809,3.42728901672417,1.1651984477594473,0.46700772459217305,0.8534550763670284,-0.8543103036133128,nan,nan,nan,nan,nan,nan,1,0
7.159999999999892,1.8350725336063973,3.6701450672127947,1.3087431283320983,0.44125390302783246,0.8825078060556654,-0.7575673339148952,1.8205202324766652,3.645689009513309,1.4450312616351753,0.438902800428438,0.9233072480626751,-0.5915855622446421,nan,nan,nan,nan,nan,nan,1,0
7.169999999999892,1.836895586946552,3.673791173893104,1.3055781540648488,0.43753280163711233,0.8750656032742251,-0.7595938241398555,1.8907149235536302,3.513756995329827,1.3535226421145163,0.44194808032832034,0.6833466735748592,-0.7701161236102566,nan,nan,nan,nan,nan,nan,1,0
7.179999999999891,1.8387031141625483,3.6774062283250966,1.3024048492521716,0.4338065318391359,0.8676130636782723,-0.7615931550425075,1.8528982223077997,3.9004152880586833,1.394435692612768,0.28710074398109053,0.8972710994051064,-0.929971853425005,nan,nan,nan,nan,nan,nan,1,0
7.189999999999891,1.8404950939698854,3.680990187939771,1.2992233272562095,0.43007515376093974,0.8601503075218799,-0.7635652790308944,2.3795941245506467,3.749842872313844,1.1641480061725675,0.5135270206638238,0.7710714027811261,-0.6612790444269151,nan,nan,nan,nan,nan,nan,1,0
7.199999999999891,1.8422715053347545,3.684543010669509,1.2960337016338384,0.42633872756858054,0.8526774551371615,-0.7655101493690735,1.8365257743648493,3.573785151326731,1.7984664329348885,0.44767520236533015,0.8619798542960645,-0.7364858496080297,nan,nan,nan,nan,nan,nan,1,0
7.209999999999891,1.8440323274741997,3.6880646549483993,1.2928360861330994,0.4225973134668376,0.8451946269336756,-0.7674277201773252,1.9956828304227168,3.7004628509299478,1.3798423817411563,0.5070928923341579,0.8168269513582173,-0.778873164601896,nan,nan,nan,nan,nan,nan,1,0
7.2199999999998905,1.8457775398562786,3.691555079712557,1.2896305946896314,0.41885097169892427,0.837701943397849,-0.769317946432339,1.5290779833607004,4.076565902658171,1.212015824205976,0.23262042084407683,0.9345968614066312,-0.9247811721620505,nan,nan,nan,nan,nan,nan,1,0
7.22999999999989,1.847507122200221,3.695014244400442,1.2864173414231006,0.4150997625462092,0.8301995250924189,-0.7711807839673734,1.9034462665734162,3.4006616451914065,1.4003789223329226,0.4680320689107293,0.7379902782253772,-0.7727234157026228,nan,nan,nan,nan,nan,nan,1,0
7.23999999999989,1.8492210544765875,3.698442108953175,1.2831964406336323,0.41134374632794746,0.8226874926558954,-0.7730161894723921,2.193808891271834,3.694602773812192,1.350062532946408,0.5022936721231686,0.7439193852181858,-0.7243356442398136,nan,nan,nan,nan,nan,nan,1,0
7.24999999999989,1.850919316907425,3.70183863381485,1.2799680067982397,0.4075829834010211,0.8151659668020427,-0.7748241204941754,1.9060647284275698,3.6465713683651786,1.2690002093408483,0.5380033194999012,0.8260002741958249,-1.00304821039748,nan,nan,nan,nan,nan,nan,1,0
7.25999999999989,1.8526018899664236,3.705203779932847,1.2767321545672548,0.4038175341596908,0.807635068319382,-0.7766045354364072,1.6342737928057822,3.9897750597374695,1.52908146036556,0.5380223266243237,0.7327140144600678,-0.8318109689182535,nan,nan,nan,nan,nan,nan,1,0
7.269999999999889,1.854268754379071,3.708537508758142,1.2734889987607558,0.40004745903535693,0.8000949180707143,-0.7783573935597392,2.0147186108287953,3.7620120491828186,1.1741959057414015,0.5530061379008859,0.5652271777659079,-0.5443244633318447,nan,nan,nan,nan,nan,nan,1,0
7.279999999999889,1.8559198911228056,3.7118397822456113,1.2702386543649982,0.39627281849633217,0.7925456369926648,-0.7800826549818304,2.0973344473145827,3.7074678928082725,1.057173354009867,0.2633167335029588,0.7928279892353506,-0.8592716795825851,nan,nan,nan,nan,nan,nan,1,0
7.289999999999889,1.8575552814271707,3.7151105628543415,1.2669812365288424,0.3924936730476244,0.7849873460952492,-0.7817802806773635,2.3937996506905357,3.5302711673605662,1.4524461225851728,0.4354612081973078,0.7356223976469022,-0.7071055539209224,nan,nan,nan,nan,nan,nan,1,0
7.299999999999889,1.8591749067739654,3.7183498135479307,1.2637168605601838,0.38871008323073075,0.777420166461462,-0.7834502324780385,1.5829502434315192,3.917457647723581,1.185062859630033,0.3249644422579322,0.8536433391207809,-0.7736739536100097,nan,nan,nan,nan,nan,nan,1,0
7.309999999999889,1.8607787488973964,3.7215574977947927,1.2604456419223815,0.3849221096234431,0.7698442192468866,-0.7850924730725434,1.793808837031409,3.788100145562545,1.3954771101467522,0.553921384001985,0.6754792492346375,-0.8628959137034105,nan,nan,nan,nan,nan,nan,1,0
7.319999999999888,1.8623667897842282,3.7247335795684564,1.2571676962306877,0.38112981283966496,0.7622596256793304,-0.7867069660065021,1.9080358134424698,3.708721574851353,1.0756414191000663,0.5128239976621145,0.6772119990274228,-0.8078546253016452,nan,nan,nan,nan,nan,nan,1,0
7.329999999999888,1.8639390116739334,3.7278780233478668,1.2538831392486778,0.3773332535292403,0.754666507058481,-0.7882936756824009,2.046599068834532,3.7189559635788556,1.5762957933511312,0.30004314362139295,0.7043505690343403,-0.7974935991668806,nan,nan,nan,nan,nan,nan,1,0
7.339999999999888,1.8654953970588408,3.7309907941176816,1.2505920868846798,0.37353249237779385,0.7470649847555881,-0.7898525673594923,1.7829450970853757,3.4834994801006833,1.3292488610874316,0.4056842156783662,0.7062608620567598,-0.8363339086847256,nan,nan,nan,nan,nan,nan,1,0
7.349999999999888,1.867035928684285,3.73407185736857,1.2472946551882063,0.36972759010658435,0.7394551802131691,-0.7913836071536776,1.6239341346338407,3.6826265545444454,1.2853467430772514,0.3453773236705179,0.806697427508337,-0.8397994841672347,nan,nan,nan,nan,nan,nan,1,0
7.3599999999998875,1.8685605895487531,3.7371211790975063,1.243990960346384,0.3659186074723696,0.7318372149447396,-0.7928867620373694,2.1886694176367114,3.917236842973921,1.357390142927392,0.45655858423765505,0.5280378446457139,-0.8342098584434092,nan,nan,nan,nan,nan,nan,1,0
7.369999999999887,1.8700693629040335,3.740138725808067,1.2406811186803868,0.3621056052672845,0.7242112105345695,-0.794361999839332,2.08226014254597,3.8145623747997752,1.0383688152879347,0.4479967335258482,0.5757426080576744,-0.6924058495906061,nan,nan,nan,nan,nan,nan,1,0
7.379999999999887,1.8715622322553616,3.743124464510723,1.237365246641868,0.358288644318732,0.7165772886374644,-0.7958092892445022,1.898140463261302,3.7272639067533153,1.455977025889149,0.25534959164546817,0.6307034716122032,-0.7489676280631833,nan,nan,nan,nan,nan,nan,1,0
7.389999999999887,1.873039181361567,3.746078362723134,1.234043460809394,0.35446778548928676,0.708935570978574,-0.7972285997937911,1.8835794224425897,3.6165221712969364,1.1784611724311738,0.2772087619112718,0.6467956255580011,-0.9684610296747784,nan,nan,nan,nan,nan,nan,1,0
7.399999999999887,1.8745001942352195,3.749000388470439,1.230715877884878,0.35064308967661306,0.7012861793532266,-0.7986199018838651,1.5966377462035828,4.152385769556718,1.0299334618014906,0.4617749135390124,0.8813661900864913,-0.794398032315448,nan,nan,nan,nan,nan,nan,1,0
7.4099999999998865,1.8759452551427753,3.7518905102855507,1.2273826146900157,0.34681461781339545,0.6936292356267914,-0.7999831667669093,1.6613239487112321,3.886902339376056,1.0918864032798792,0.38148801338183536,0.6982908675828106,-0.6861057738705277,nan,nan,nan,nan,nan,nan,1,0
7.419999999999886,1.8773743486047223,3.7547486972094446,1.2240437881627226,0.3429824308672837,0.6859648617345678,-0.8013183665503717,2.084370390098987,3.4813464138600096,1.5151823678094976,0.29334914499131504,0.6919090513468452,-0.7878211847721134,nan,nan,nan,nan,nan,nan,1,0
7.429999999999886,1.878787459395726,3.757574918791452,1.2206995153535698,0.3391465898408516,0.6782931796817037,-0.8026254741966906,1.9569368097489486,3.5760256169903055,1.5602109316911847,0.39364319440589884,0.6895846433069464,-0.7441009246222555,nan,nan,nan,nan,nan,nan,1,0
7.439999999999886,1.8801845725447741,3.7603691450895482,1.2173499134222239,0.33530715577157044,0.6706143115431413,-0.8039044635230038,1.946260389240098,3.7224723167026377,1.2127585149065956,0.32800884520957807,0.45588159518835425,-0.8931911937873949,nan,nan,nan,nan,nan,nan,1,0
7.449999999999886,1.8815656733353232,3.7631313466706464,1.213995099633887,0.33146418973179653,0.6629283794635935,-0.8051553092008417,2.0657484863634092,3.6433842206297333,1.1925655142508327,0.33800590323847585,0.5924655747150446,-0.9012359618736602,nan,nan,nan,nan,nan,nan,1,0
7.459999999999885,1.882930747305443,3.765861494610886,1.2106351913557378,0.3276177528287739,0.6552355056575483,-0.8063779867558042,2.097643549804933,3.49674674494425,1.3211274034465725,0.4626372585684112,0.5570376525306324,-0.7843815779630896,nan,nan,nan,nan,nan,nan,1,0
7.469999999999885,1.8842797802479625,3.768559560495925,1.2072703060533745,0.32376790620465185,0.6475358124093041,-0.8075724725672226,2.0344141818657704,3.9949413717989724,1.1690354768235711,0.2599496803059102,0.6410810093725043,-1.0093099104596428,nan,nan,nan,nan,nan,nan,1,0
7.479999999999885,1.8856127582106146,3.771225516421229,1.2039005612872586,0.3199147110365176,0.6398294220730356,-0.8087387438678063,2.0682891345735133,3.653353142399632,0.9453717590846105,0.32112477112670706,0.45118383957715447,-0.6887898629797691,nan,nan,nan,nan,nan,nan,1,0
7.489999999999885,1.886929667496183,3.773859334992366,1.2005260747091617,0.3160582285364446,0.6321164570728897,-0.8098767787432753,1.903695470228905,3.5961741885055454,0.8980655070959913,0.2599525861080148,0.6898793053125201,-0.7161941087955476,nan,nan,nan,nan,nan,nan,1,0
7.4999999999998845,1.8882304946626478,3.7764609893252956,1.1971469640586119,0.3121985199515565,0.6243970399031135,-0.8109865561319805,1.8385978204006042,3.846048310159855,1.186585103321123,0.2837016242905158,0.8555061220907799,-0.834842385903965,nan,nan,nan,nan,nan,nan,1,0
7.509999999999884,1.8895152265233315,3.779030453046663,1.1937633471593432,0.3083356465641067,0.6166712931282139,-0.8120680558245098,1.9957968609962216,3.5448730770004446,1.1576877343529357,0.35439710420647724,0.5662625654583668,-0.8528142545891041,nan,nan,nan,nan,nan,nan,1,0
7.519999999999884,1.8907838501470464,3.781567700294093,1.1903753419157461,0.30446966969157424,0.6089393393831489,-0.8131212584632844,1.9833102892202432,3.944940617663895,1.128961368351478,0.23689939256286505,0.737852158746276,-0.8598253808928575,nan,nan,nan,nan,nan,nan,1,0
7.529999999999884,1.8920363528582413,3.7840727057164827,1.1869830663093206,0.30060065068677594,0.6012013013735523,-0.8141461455421424,1.7592500361756274,3.8577247468430476,1.007306427527462,0.2879259245743246,0.6619561727329883,-0.9149258596356529,nan,nan,nan,nan,nan,nan,1,0
7.539999999999884,1.8932727222371497,3.7865454444742994,1.1835866383951292,0.2967286509379949,0.5934573018759902,-0.815142699405913,1.7417744622652949,3.47052763857194,1.171864009821322,0.31624448516322196,0.5972681907257136,-0.8366126403104118,nan,nan,nan,nan,nan,nan,1,0
7.5499999999998835,1.8944929461199378,3.7889858922398756,1.1801861762982544,0.2928537318691257,0.5857074637382519,-0.816110903249982,1.8114788771745887,3.9678026526794783,1.3886750235696343,0.4288653987617487,0.4709034254145348,-0.9273196885350279,nan,nan,nan,nan,nan,nan,1,0
7.559999999999883,1.8956970125988537,3.7913940251977074,1.176781798210255,0.2889759549398366,0.5779519098796736,-0.8170507411198483,1.8490134983141706,4.130819864289648,1.0846823274276969,0.14171203142521818,0.6519098377383229,-1.0229808910640408,nan,nan,nan,nan,nan,nan,1,0
7.569999999999883,1.8968849100223777,3.7937698200447554,1.1733736223856273,0.2850953816457481,0.5701907632914966,-0.8179621979106729,1.8481431098715813,4.135583781054031,1.2193413758686413,0.29190909106259694,0.7197258701401801,-0.898054052545312,nan,nan,nan,nan,nan,nan,1,0
7.579999999999883,1.898056626995372,3.796113253990744,1.1699617671382656,0.28121207351862976,0.56242414703726,-0.8188452593668223,1.4812387952396098,3.856040871681316,1.1509420095164167,0.3235796148247466,0.6312267034138668,-0.8930050498048991,nan,nan,nan,nan,nan,nan,1,0
7.589999999999883,1.899212152379233,3.798424304758466,1.1665463508379263,0.2773260921266132,0.5546521842532268,-0.8196999120814059,2.316383078489948,3.770803165479619,0.8168467849187371,0.14376608954082343,0.5628962862539472,-0.6950415188104235,nan,nan,nan,nan,nan,nan,1,0
7.599999999999882,1.900351475292043,3.800702950584086,1.1631274919066938,0.273437499074423,0.5468749981488464,-0.8205261434958094,2.0615548202148797,3.522879430105224,1.0913486796435128,0.2211920880709658,0.38374757871982057,-0.9153313962996472,nan,nan,nan,nan,nan,nan,1,0
7.609999999999882,1.9014745851087247,3.8029491702174494,1.159705308815447,0.2695463560036255,0.5390927120072514,-0.8213239418992251,2.0268862009143076,3.8204519170369133,1.3071686930840183,0.10762908223115966,0.6138710160627444,-0.9544342281172439,nan,nan,nan,nan,nan,nan,1,0
7.619999999999882,1.902581471461195,3.80516294292239,1.1562799200803295,0.26565272459289435,0.5313054491857891,-0.8220932964281793,2.107845321706219,3.7384506515430824,0.9952627667903367,0.17217610140785544,0.5457599765057217,-0.7035733164068207,nan,nan,nan,nan,nan,nan,1,0
7.629999999999882,1.9036721242385213,3.8073442484770426,1.152851444259221,0.2617566665582949,0.5235133331165902,-0.8228341970660599,1.6505268072541481,3.7280799589971703,1.0449348546583794,0.4636976773692709,0.5991934513313849,-0.7641232340349561,nan,nan,nan,nan,nan,nan,1,0
7.6399999999998816,1.904746533587078,3.809493067174156,1.14941999994821,0.2578582436535853,0.515716487307171,-0.8235466346426433,1.6637747091505428,4.231199546440838,1.1817475872322516,0.4001004470637771,0.7857554786173576,-0.6351712204701652,nan,nan,nan,nan,nan,nan,1,0
7.649999999999881,1.905804689910705,3.81160937982141,1.1459857057780698,0.2539575176705364,0.5079150353410733,-0.8242306008336239,1.8791029950207012,3.6060664442527797,0.8823672346107875,0.25493195345870345,0.5273004127997174,-0.6697677694597313,nan,nan,nan,nan,nan,nan,1,0
7.659999999999881,1.9068465838708686,3.813693167741737,1.1425486804107359,0.2500545504392691,0.5001091008785387,-0.8248860881601445,2.1721969399897523,3.653548764428692,1.2599009730496264,0.3375583700681843,0.360000557447134,-0.7538220176499713,nan,nan,nan,nan,nan,nan,1,0
7.669999999999881,1.9078722063868212,3.8157444127736424,1.1391090425357844,0.24614940382860936,0.4922988076572192,-0.8255130899883331,2.2594529200508213,3.5808676710668834,1.1447284390178574,0.20854190416239562,0.3749216348628779,-0.8740202844337855,nan,nan,nan,nan,nan,nan,1,0
7.679999999999881,1.9088815486357649,3.8177630972715297,1.1356669108669142,0.24224213974646183,0.4844842794929241,-0.8261116005288428,2.1664951528319256,3.458702783296937,1.291353089807543,0.3942730675878071,0.5155538344141698,-0.8139011048352065,nan,nan,nan,nan,nan,nan,1,0
7.6899999999998805,1.9098746020530157,3.8197492041060315,1.1322224041384292,0.23833282014020077,0.476665640280402,-0.8266816148364008,1.785907386481695,3.885694756189641,1.3923452240784973,0.3140144065287241,0.5143626787956064,-0.7701930584386653,nan,nan,nan,nan,nan,nan,1,0
7.69999999999988,1.9108513583321702,3.8217027166643405,1.1287756411017236,0.23442150699707903,0.4688430139941585,-0.8272231288093631,1.8312737464289266,4.164754371514973,1.199257116930737,0.1444662145476719,0.3254841020259889,-0.7555080225411157,nan,nan,nan,nan,nan,nan,1,0
7.70999999999988,1.911811809425273,3.823623618850546,1.1253267405217682,0.23050826234465482,0.4610165246893101,-0.8277361391892812,2.0185923108885198,3.917320834202154,1.2416268666408814,0.24937305137532229,0.39086811916315534,-0.7697680185767387,nan,nan,nan,nan,nan,nan,1,0
7.71999999999988,1.9127559475429865,3.825511895085973,1.1218758211735995,0.226593148251236,0.45318629650247244,-0.8282206435604781,1.724574064824387,3.973453206544445,1.0672220507135988,0.06752571400503699,0.49283869469391817,-0.827794546966966,nan,nan,nan,nan,nan,nan,1,0
7.72999999999988,1.913683765154763,3.827367530309526,1.1184230018388093,0.22267622682634192,0.4453524536526843,-0.8286766403496378,1.719574065446682,3.8730043445221427,1.1372961455824746,0.15544124572866735,0.24381247986918217,-0.9032400095886967,nan,nan,nan,nan,nan,nan,1,0
7.739999999999879,1.9145952549890177,3.8291905099780355,1.1149684013020367,0.21875756022118267,0.43751512044236585,-0.8291041288254092,1.912082369215824,3.6890019034034274,1.3613439350244194,0.26185538263609653,0.5729642300200192,-0.9369949301672998,nan,nan,nan,nan,nan,nan,1,0
7.749999999999879,1.915490410033306,3.830980820066612,1.1115121383474615,0.21483721062915548,0.42967442125831146,-0.8295031090980249,2.0172819238884214,3.8099552773537195,1.023560506809805,0.15953405373170942,0.5045821083702049,-0.8478213061622581,nan,nan,nan,nan,nan,nan,1,0
7.759999999999879,1.9163692235344991,3.8327384470689982,1.1080543317552993,0.2109152402863578,0.4218304805727161,-0.8298735821189384,1.6489183985647542,3.8766617133632173,1.1119007798374416,0.18038998550721747,0.6503012379791572,-0.9122786484025279,nan,nan,nan,nan,nan,nan,1,0
7.769999999999879,1.9172316889989662,3.8344633779979325,1.1045951002982974,0.2069917114721174,0.4139834229442353,-0.8302155496804791,2.070226979949268,3.966613887847603,1.2710177219051375,0.25438274403089767,0.36046456921273695,-0.7054070365532286,nan,nan,nan,nan,nan,nan,1,0
7.779999999999879,1.9180778001927559,3.836155600385512,1.1011345627382327,0.20306668650953852,0.40613337301907754,-0.8305290144155291,1.891183500571678,3.707630449504646,1.408763398825759,0.1634306749811089,0.600097773020108,-0.8748256969787545,nan,nan,nan,nan,nan,nan,1,0
7.789999999999878,1.9189075511417812,3.837815102283563,1.097672837822411,0.1991402277660641,0.3982804555321287,-0.8308139797972218,2.0376595052665807,3.5976709909703333,1.0195169092707934,0.01835395172062096,0.5111856141625206,-0.7743761243299273,nan,nan,nan,nan,nan,nan,1,0
7.799999999999878,1.9197209361320065,3.8394418722640133,1.0942100442801665,0.1952123976540537,0.3904247953081079,-0.8310704501386645,1.742057805242388,3.804836389736816,1.3073744700899907,0.09057505575189327,0.36609080514275794,-1.0266721538956498,nan,nan,nan,nan,nan,nan,1,0
7.809999999999878,1.9205179497096372,3.841035899419275,1.0907463008193636,0.19128325863137652,0.38256651726275354,-0.8312984305926869,1.9770224457783192,3.8889018715777266,1.196840026559252,0.26443141746442406,0.5549942446878067,-0.6754337292603307,nan,nan,nan,nan,nan,nan,1,0
7.819999999999878,1.9212985866813124,3.842597173362625,1.0872817261228986,0.18735287320201915,0.3747057464040388,-0.8314979271516174,2.2598941044223935,3.9560874500038454,0.9069477654717928,0.043522813520262355,0.4411853424675479,-0.9409747152896673,nan,nan,nan,nan,nan,nan,1,0
7.8299999999998775,1.9220628421142987,3.844125684228598,1.0838164388452025,0.18342130391670758,0.36684260783341566,-0.831668946647088,1.7701550104349775,3.516217287523673,1.2429550932316247,0.17550322278327118,0.29659411677765474,-0.694824318359518,nan,nan,nan,nan,nan,nan,1,0
7.839999999999877,1.9228107113366883,3.845621422673377,1.0803505576087447,0.17948861337354283,0.35897722674708615,-0.8318114967498711,2.0068117818386386,3.9059585779289354,1.1680738132731399,0.2321014652044125,0.2550630834951193,-0.8999115681235021,nan,nan,nan,nan,nan,nan,1,0
7.849999999999877,1.9235421899375993,3.847084379875199,1.0768842010005373,0.17555486421864963,0.35110972843729976,-0.8319255859697485,1.430599564034956,3.805728213793641,0.9100955831333931,0.03818693627432579,0.276565446761054,-0.8787158772344856,nan,nan,nan,nan,nan,nan,1,0
7.859999999999877,1.9242572737673778,3.848514547534756,1.0734174875686397,0.17162011914683747,0.34324023829367545,-0.8320112236554156,2.0219590534902676,3.6125143664964705,1.0734677347142167,0.13468372484834265,0.3094064242604138,-0.9725235162048076,nan,nan,nan,nan,nan,nan,1,0
7.869999999999877,1.9249559589378038,3.849911917875608,1.069950535818663,0.16768444090227336,0.3353688818045472,-0.8320684199944214,1.9525013910362705,3.718718227940025,0.9819346578366492,0.18548922774203166,0.44182631800701566,-0.8959704673137487,nan,nan,nan,nan,nan,nan,1,0
7.879999999999876,1.9256382418223004,3.851276483644601,1.0664834642102747,0.1637478922791654,0.3274957845583313,-0.832097186013147,1.8287650694708661,4.060071019096719,0.8797440875867504,0.27599423469421136,0.4561737336605644,-0.9470077835255063,nan,nan,nan,nan,nan,nan,1,0
7.889999999999876,1.9263041190561438,3.852608238112288,1.0630163911537047,0.1598105361224566,0.3196210722449137,-0.8320975335768244,1.871045608151987,3.7292775406709526,1.0715309940478295,-0.0336753961966032,0.2529999303673884,-0.821827057064577,nan,nan,nan,nan,nan,nan,1,0
7.899999999999876,1.9269535875366794,3.8539071750733593,1.059549435006248,0.15587243532852785,0.3117448706570562,-0.8320694753895962,1.8730883081778793,3.6141728435337273,1.424435082954358,0.22184532998501122,0.37103131601891565,-0.8262732241835943,nan,nan,nan,nan,nan,nan,1,0
7.909999999999876,1.9275866444235374,3.8551732888470753,1.0560827140687703,0.1519336528459091,0.3038673056918187,-0.8320130249946198,2.1290186753294207,4.1004326371645465,1.1545396791513514,0.14603857970033468,0.18588246352112295,-0.8979505692278595,nan,nan,nan,nan,nan,nan,1,0
7.919999999999876,1.9282032871388541,3.8564065742777087,1.0526163465822111,0.14799425167599808,0.29598850335199667,-0.831928196774216,1.936543634200313,4.142355628719074,0.9418736538838365,0.19301964783466835,0.11609697205335423,-0.6567328934583041,nan,nan,nan,nan,nan,nan,1,0
7.929999999999875,1.928803513367495,3.8576070267349905,1.0491504507240859,0.14405429487378504,0.2881085897475706,-0.8318150059500647,1.6007538462329194,3.4235341500763368,1.043572682031131,0.03921745288220292,0.417877461323479,-0.8611116786431465,nan,nan,nan,nan,nan,nan,1,0
7.939999999999875,1.9293873210572807,3.858774642114562,1.0456851446049882,0.14011384554858278,0.28022769109716605,-0.8316734685834494,2.2120006173164315,3.6039217916827098,1.2074879886648815,0.21741825704576667,0.3081045601203828,-0.7118266863060864,nan,nan,nan,nan,nan,nan,1,0
7.949999999999875,1.9299547084192172,3.859909416838435,1.04222054626509,0.13617296686476074,0.272345933729522,-0.8315036015755515,1.6284547401160685,4.327358297574552,1.1273121820358438,0.2183866382313227,0.3463493776065925,-0.7567641071658924,nan,nan,nan,nan,nan,nan,1,0
7.959999999999875,1.9305056739277275,3.8610113478554555,1.038756773670641,0.13223172204248176,0.26446344408496403,-0.8313054226677965,1.891310614642452,3.9838027146954076,1.3779259003127078,0.2243669633490189,0.3030697769993048,-0.7982644913258933,nan,nan,nan,nan,nan,nan,1,0
7.9699999999998745,1.9310402163208877,3.862080432641776,1.0352939447104648,0.1282901743584404,0.2565803487168813,-0.8310789504422538,1.640192527717808,3.726895697939505,1.1690443564714996,0.3282944213976068,0.09211301869763411,-0.9335828140396817,nan,nan,nan,nan,nan,nan,1,0
7.979999999999874,1.9315583346006653,3.863116669201331,1.0318321771924561,0.12434838714660136,0.24869677429320322,-0.8308242043220903,1.9620196210913714,3.971023642046955,0.6807160815743839,0.3631591988675077,0.1726362051645899,-0.9146296249916716,nan,nan,nan,nan,nan,nan,1,0
7.989999999999874,1.9320600280331608,3.864120056066322,1.0283715888400724,0.12040642379893678,0.24081284759787405,-0.830541204572081,1.711680964082365,3.9729550962923668,0.8010805952306497,-0.05575689797878751,0.08590352495241063,-0.8679168325795219,nan,nan,nan,nan,nan,nan,1,0
7.999999999999874,1.9325452961488532,3.865090592297707,1.0249122972888258,0.11646434776616064,0.2329286955323218,-0.8302299722991767,1.9064132224647985,3.895665411931205,1.2319899902711906,0.14989914128819048,0.22095300992932812,-0.7319548803758888,nan,nan,nan,nan,nan,nan,1,0
8.009999999999874,1.9330141387428468,3.866028277485694,1.021454420082771,0.11252222255845906,0.22504444511691862,-0.82989052945313,2.029057723367907,4.032498071033486,0.8136782300285356,-0.02804297519834212,0.27315215454113195,-0.8697169709678382,nan,nan,nan,nan,nan,nan,1,0
8.019999999999873,1.9334665558751227,3.866933111750246,1.0179980746709911,0.1085801117462147,0.2171602234924299,-0.8295228988271819,1.8986035767714105,3.7851635645524446,0.6985040533726412,-4.897334102614559e-05,0.26273258194788635,-0.8058873696378619,nan,nan,nan,nan,nan,nan,1,0
8.029999999999873,1.9339025478707923,3.8678050957415855,1.0145433784040794,0.10463807896072364,0.20927615792144777,-0.8291271040588081,2.04771038763485,3.806094820336335,0.9849089553824563,0.11529332696484658,0.24127040276263886,-0.8501812867977255,nan,nan,nan,nan,nan,nan,1,0
8.039999999999873,1.9343221153203545,3.86864423064071,1.011090448530619,0.10069618789490324,0.20139237578980695,-0.8287031696305285,1.9232705318539967,3.9185640172312683,0.7685336987001287,-0.11858928467408196,0.12893466781742377,-0.8422400164617607,nan,nan,nan,nan,nan,nan,1,0
8.049999999999873,1.9347252590799544,3.8694505181599097,1.0076394021936574,0.09675450230398887,0.1935090046079782,-0.828251120870778,1.945859058854335,4.117946793737304,1.106279166211814,0.060828311478519595,0.3231779077412908,-0.8935689227167929,nan,nan,nan,nan,nan,nan,1,0
8.059999999999873,1.935111980271647,3.870223960543295,1.004190356427179,0.09281308600621802,0.1856261720124365,-0.8277709839548417,2.1497269673448307,3.7161603510317534,1.0885023206969189,0.18274093534691427,0.058838827834915286,-0.8306262582292041,nan,nan,nan,nan,nan,nan,1,0
8.069999999999872,1.9354822802836615,3.870964560567324,1.0007434281525713,0.08887200288349972,0.17774400576699992,-0.8272627859058533,1.8164784414857333,3.8446585709354704,0.9390856213299753,0.07062777885401252,0.26173878726776645,-0.8771706919568303,nan,nan,nan,nan,nan,nan,1,0
8.079999999999872,1.9358361607706702,3.8716723215413413,0.9972987341750886,0.08493131688206751,0.1698626337641355,-0.8267265545958583,1.6118304834198918,3.9569131990515296,1.1309145290453435,0.1526579590915273,0.14173771786343223,-0.8354729131128178,nan,nan,nan,nan,nan,nan,1,0
8.089999999999872,1.936173623654058,3.872347247308117,0.9938563911803097,0.08099109201311375,0.16198218402622797,-0.8261623187469418,2.276764151776442,3.776435892729593,1.107612079616083,-0.015739621934058062,0.19615175313342506,-0.8812978461028182,nan,nan,nan,nan,nan,nan,1,0
8.099999999999872,1.9364946711221973,3.8729893422443955,0.9904165157305912,0.07705139235340362,0.15410278470680772,-0.8255701079324212,1.927011867524533,3.82740180763711,0.82929165003641,0.2571922584982795,0.21336601703660515,-0.6917172873401826,nan,nan,nan,nan,nan,nan,1,0
8.109999999999872,1.9367993056307218,3.8735986112614444,0.9869792242615157,0.07311228204586645,0.14622456409173334,-0.824949952578104,1.8266654923648726,3.7059140835967694,1.0791912256046818,0.03537991861427887,0.16587941541069884,-0.5442448963512945,nan,nan,nan,nan,nan,nan,1,0
8.119999999999871,1.9370875299028059,3.8741750598056126,0.9835446330783341,0.06917382530016239,0.13834765060032522,-0.8243018839636097,2.2193308946849,3.7267933141353593,1.1037890583920722,0.04222483427693887,0.09898526607910149,-0.9705773347050384,nan,nan,nan,nan,nan,nan,1,0
8.129999999999871,1.9373593469294443,3.8747186938588896,0.9801128583524017,0.0652360863932224,0.13047217278644524,-0.823625934223757,1.9181343471935233,3.8103786084300832,1.0190142819084451,0.009636173607927359,-0.029374686482897844,-0.913026036238031,nan,nan,nan,nan,nan,nan,1,0
8.139999999999871,1.937614759969735,3.875229519939471,0.97668401611761,0.06129912966975927,0.12259825933951897,-0.822922136350014,1.706539218942982,3.705369985312783,0.6903869436013955,0.02203610209833084,0.12881507360465594,-0.8893187601265217,nan,nan,nan,nan,nan,nan,1,0
8.14999999999987,1.9378537725511633,3.8757075451023275,0.9732582222668099,0.05736301954274751,0.11472603908549543,-0.8221905241920126,2.183753388414628,3.961615390860212,0.8736118506623005,-0.051178009562207784,0.14487002509409014,-0.867675927153451,nan,nan,nan,nan,nan,nan,1,0
8.15999999999987,1.9380763884698877,3.8761527769397763,0.9698355925482303,0.053427820493869994,0.1068556409877404,-0.8214311324591241,1.7944781277589306,4.009080810349487,1.2833163607414024,-0.05629238757222332,0.18060664857353817,-0.6936355398998285,nan,nan,nan,nan,nan,nan,1,0
8.16999999999987,1.938282611791029,3.876565223582059,0.9664162425618882,0.04949359707392911,0.09898719414785864,-0.8206439967220975,2.117893212669613,3.781463518372867,1.4637791000820006,0.18796448846191421,0.13217877971876868,-0.8999694366174945,nan,nan,nan,nan,nan,nan,1,0
8.17999999999987,1.9384724468489591,3.876944893697919,0.9630002877559933,0.04556041390322012,0.09112082780644065,-0.8198291534147564,1.8460500219642237,3.9385790351246643,1.2640041673222575,-0.0024778194927322014,0.12854446515031687,-0.7885443063586607,nan,nan,nan,nan,nan,nan,1,0
8.18999999999987,1.9386458982475918,3.8772917964951845,0.9595878434233444,0.04162833567186453,0.08325667134372948,-0.8189866398357551,1.9999730041479205,3.9140736283131763,1.1516839290141834,0.05987796272949067,0.1114909797571599,-0.9806602489407996,nan,nan,nan,nan,nan,nan,1,0
8.19999999999987,1.9388029708606755,3.877605941721352,0.9561790246977178,0.037697427140101394,0.0753948542802032,-0.8181164941503922,1.9953716221659539,3.8456186366128464,1.040530652899846,0.06552410040269241,-0.006705538680676637,-0.9563448331465763,nan,nan,nan,nan,nan,nan,1,0
8.20999999999987,1.938943669832086,3.877887339664173,0.952773946550249,0.03376775313853401,0.06753550627706842,-0.817218755392478,2.0667269349921265,4.144853039870977,0.9018731493463916,0.12122297288847364,0.10726719298437959,-0.7036719502249105,nan,nan,nan,nan,nan,nan,1,0
8.21999999999987,1.9390680005761207,3.8781360011522423,0.9493727237858063,0.029839378568330122,0.05967875713666064,-0.8162934634662558,2.046108118542841,4.055668930908327,0.7354195020238474,0.015258715936314473,0.19451841053028818,-0.9346995888203389,nan,nan,nan,nan,nan,nan,1,0
8.229999999999869,1.9391759687777932,3.8783519375555873,0.9459754710393548,0.025912368401373235,0.05182473680274686,-0.8153406591483728,1.7068439165252651,4.0644594454131795,0.835957687180232,-0.11043496668532185,0.15719191717803915,-0.8305572096389807,nan,nan,nan,nan,nan,nan,1,0
8.239999999999869,1.939267580393128,3.878535160786257,0.9425823027723135,0.02198678768036291,0.0439735753607262,-0.8143603840899006,2.3804294368365206,4.173247380292477,0.7101949388284186,0.10980746163305934,0.12966218586194406,-0.7577523157086246,nan,nan,nan,nan,nan,nan,1,0
8.249999999999869,1.9393428416494567,3.8786856832989143,0.9391933332689035,0.018062701518861995,0.03612540303772437,-0.8133526808183995,2.178232900028691,3.8923099854728656,0.6916464240225438,0.09426246346657631,0.09269791410566162,-0.7995617555445975,nan,nan,nan,nan,nan,nan,1,0
8.259999999999868,1.939401759045712,3.878803518091425,0.9358086766324868,0.014140175101288548,0.02828035020257748,-0.8123175927400261,2.115346391409661,3.801139358760627,1.0232938928956048,0.08718315155529391,0.16208127613795736,-0.7495187888823579,nan,nan,nan,nan,nan,nan,1,0
8.269999999999868,1.9394443393527239,3.8788886787054486,0.9324284467818964,0.010219273682850525,0.02043854736570143,-0.8112551641416801,2.142059584347147,3.785689028017232,1.0195506302077106,-0.04626739330535362,-0.05764667364711783,-0.9317696914894119,nan,nan,nan,nan,nan,nan,1,0
8.279999999999868,1.9394705896135132,3.878941179227027,0.9290527574477582,0.006300062589421174,0.012600125178842724,-0.8101654401931867,1.8515890492010867,3.9759898490289007,1.2938176764423588,-0.0969043756785436,0.03445702678420464,-0.7867619998921851,nan,nan,nan,nan,nan,nan,1,0
8.289999999999868,1.9394805171435854,3.8789610342871716,0.9256817221688018,0.002382607217353218,0.004765214434706811,-0.8090484669495119,2.1393732959356813,3.7553417038234858,0.9714910738239627,0.1964522704549872,0.026074294296188967,-0.7532141695306871,nan,nan,nan,nan,nan,nan,1,0
8.299999999999867,1.939474129531224,3.8789482590624487,0.9223154542881643,-0.0015330269667700562,-0.003066053933539741,-0.807904291353006,2.0089513476752288,3.7530719002264785,0.7408139271073693,0.00918996058306582,-0.054608701445346075,-0.7034531259381289,nan,nan,nan,nan,nan,nan,1,0
8.309999999999867,1.9394514346377802,3.8789028692755614,0.9189540669496823,-0.005446774426448625,-0.010893548852896881,-0.8067329612356717,2.069359421485482,4.201421070759823,0.658613274417628,0.01427735923372897,-0.06480234030206582,-0.7570010728951599,nan,nan,nan,nan,nan,nan,1,0
8.319999999999867,1.9394124405979651,3.878824881195931,0.9155976730941763,-0.009358569555646103,-0.018717139111291838,-0.8055345253214534,1.851622386258563,4.222859921796323,0.9126802706816425,0.0660235616870162,-0.017135897093626902,-0.7792469973512631,nan,nan,nan,nan,nan,nan,1,0
8.329999999999867,1.939357155820135,3.878714311640271,0.912246385455724,-0.013268346679238464,-0.02653669335847656,-0.8043090332285422,1.9483985733701357,4.006095744765351,0.8595322962235306,0.1155800850750627,-0.07933536780366565,-0.7719282140257857,nan,nan,nan,nan,nan,nan,1,0
8.339999999999867,1.9392855889865785,3.878571177973158,0.9089003165579252,-0.01717604005353243,-0.03435208010706449,-0.8030565354716925,2.1154274680030154,3.7505491282817074,1.0291647736065512,0.04429764346437792,0.11414076141712222,-0.8331944906049095,nan,nan,nan,nan,nan,nan,1,0
8.349999999999866,1.9391977490538,3.8783954981076008,0.9055595787101564,-0.02108158386685519,-0.04216316773371002,-0.8017770834645468,1.9139469029098204,3.8162464637317264,0.9541093042788559,0.05003259323983794,0.08503761519290803,-0.7673972776245788,nan,nan,nan,nan,nan,nan,1,0
8.359999999999866,1.939093645252799,3.8781872905055987,0.9022242840038148,-0.024984912240216654,-0.04996982448043295,-0.8004707295219617,2.1301416691665693,4.043979228704243,0.9483754409236564,0.0034325932721748047,-0.10531565840376969,-0.8066446385042583,nan,nan,nan,nan,nan,nan,1,0
8.369999999999866,1.9389732870893488,3.8779465741786985,0.8988945443085551,-0.028885959228045485,-0.057771918456090615,-0.7991375268623322,2.1281631748751964,4.087024972546381,0.6422567206844876,-0.07619153716744297,0.00047066865672702046,-0.7998238326007875,nan,nan,nan,nan,nan,nan,1,0
8.379999999999866,1.9388366843442697,3.8776733686885403,0.8955704712685139,-0.03278465881900008,-0.06556931763799981,-0.7977775296099078,2.2284245580329873,3.6621499452514796,0.6718074829091467,0.02481109619271407,-0.07054559606584662,-0.8080602891687805,nan,nan,nan,nan,nan,nan,1,0
8.389999999999866,1.9386838470736996,3.8773676941474,0.8922521762985259,-0.0366809449368554,-0.07336188987371046,-0.7963907927970967,1.7922418561233997,4.064430173485019,0.823983503456624,0.11481274015345588,-0.12080669732059597,-0.6510692532048965,nan,nan,nan,nan,nan,nan,1,0
8.399999999999865,1.93851478560936,3.877029571218721,0.8889397705803311,-0.04057475144146667,-0.08114950288293302,-0.7949773723667514,2.0540972828747273,3.6047945390471554,0.6171685497180162,0.046412566881359994,-0.21415830340640366,-0.6777973285120166,nan,nan,nan,nan,nan,nan,1,0
8.409999999999865,1.9383295105588192,3.8766590211176393,0.885633365058771,-0.04446601212981049,-0.08893202425962066,-0.7935373251744312,1.9674468373590455,3.884643076877061,0.8122955565886607,-0.06632357437830212,-0.1836699035564969,-0.847284088600052,nan,nan,nan,nan,nan,nan,1,0
8.419999999999865,1.938128032805748,3.876256065611497,0.8823330704379767,-0.04835466073710417,-0.09670932147420802,-0.7920707089906364,1.82895202308002,3.8249216527586674,0.7064163634389556,0.2958185572409451,-0.11379717150381494,-0.8125082609675858,nan,nan,nan,nan,nan,nan,1,0
8.429999999999865,1.9379103635101729,3.8758207270203466,0.8790389971775475,-0.0522406309380036,-0.10448126187600688,-0.7905775825030075,2.376265224788528,3.8119047328719198,0.7725902401762326,0.08223120575741821,-0.10517517348829063,-0.8364056061367036,nan,nan,nan,nan,nan,nan,1,0
8.439999999999864,1.9376765141087233,3.8753530282174475,0.8757512554887205,-0.056123856347880086,-0.11224771269575987,-0.7890580053184859,1.904370669207895,3.8448465617644128,0.6838325761736326,0.16723016297054769,0.09034475962309907,-0.8895311080776178,nan,nan,nan,nan,nan,nan,1,0
8.449999999999864,1.9374264963148726,3.874852992629746,0.8724699553305312,-0.060004270524176354,-0.1200085410483524,-0.7875120379654287,2.3655422940093374,3.9868527651165717,0.7281316516955171,-0.11451202657660305,-0.16686744142020293,-0.6213471858642886,nan,nan,nan,nan,nan,nan,1,0
8.459999999999864,1.9371603221191733,3.8743206442383475,0.8691952064059659,-0.06388180696784171,-0.1277636139356831,-0.7859397418956731,1.7600169362500053,3.7925440079160557,1.1394812010582134,0.005581979075541713,-0.09781968010827807,-0.960059065524798,nan,nan,nan,nan,nan,nan,1,0
8.469999999999864,1.9368780037894864,3.8737560075789736,0.8659271181581053,-0.06775639912484631,-0.1355127982496923,-0.7843411794865445,2.026223054388885,3.688524805198212,0.7326827215186856,-0.02410486807241955,0.024792038531783106,-0.7060247915479032,nan,nan,nan,nan,nan,nan,1,0
8.479999999999864,1.936579553871204,3.873159107742409,0.8626657997662603,-0.07162798038777436,-0.14325596077554842,-0.7827164140428032,2.1256620368421926,3.7926158224596263,0.7483863999722687,-0.08766663201193776,-0.12884558724456113,-0.8679140831771645,nan,nan,nan,nan,nan,nan,1,0
8.489999999999863,1.9362649851874645,3.87252997037493,0.8594113601420998,-0.07549648409749588,-0.15099296819499144,-0.7810655097985242,1.9083799136401178,3.955700628110415,0.8979821977999167,-0.11204016519890206,-0.1864369595948566,-0.8395980023268272,nan,nan,nan,nan,nan,nan,1,0
8.499999999999863,1.9359343108393607,3.8718686216787224,0.8561639079257711,-0.07936184354491631,-0.1587236870898323,-0.7793885319189032,1.844901869233509,4.006228283605868,1.0679424068650039,0.11827142848910295,0.05051726605871562,-0.8022614015958909,nan,nan,nan,nan,nan,nan,1,0
8.509999999999863,1.9355875442061408,3.8711750884122824,0.8529235514820128,-0.08322399197280371,-0.16644798394560711,-0.777685546501987,2.0649064956641023,4.340712049808325,0.9694857005343009,-0.030445433020079585,-0.09751316806247083,-0.8934519238808148,nan,nan,nan,nan,nan,nan,1,0
8.519999999999863,1.9352246989454003,3.8704493978908014,0.8496903988962615,-0.08708286257769238,-0.17416572515538445,-0.7759566205803188,1.7931122667797477,3.8668913563179537,0.7753428325014693,0.028897219772080443,-0.37139652899067865,-0.7815207174031905,nan,nan,nan,nan,nan,nan,1,0
8.529999999999863,1.9348457889932675,3.869691577986536,0.8464645579707512,-0.0909383885118622,-0.1818767770237241,-0.7742018221224966,1.8657023504373933,3.7981439381324735,0.5971518188125524,-0.1320266162598746,-0.2189022666918231,-0.8178274738185327,nan,nan,nan,nan,nan,nan,1,0
8.539999999999862,1.9344508285645785,3.868901657129158,0.8432461362206068,-0.09479050288539265,-0.189581005770785,-0.772421220034638,2.089962835826638,3.833170550139133,0.7419593062701161,-0.06167484657719458,-0.17631943155049593,-0.65159598563572,nan,nan,nan,nan,nan,nan,1,0
8.549999999999862,1.9340398321530439,3.8680796643060886,0.8400352408699329,-0.09863913876829014,-0.19727827753657998,-0.7706148841617473,1.5224961443993543,3.479576393410718,0.6009369733927858,-0.13937608654101447,-0.33148729122233545,-0.6659827365107753,nan,nan,nan,nan,nan,nan,1,0
8.559999999999862,1.9336128145314078,3.8672256290628164,0.8368319788478954,-0.10248422919268754,-0.20496845838537478,-0.7687828852889792,2.136025306980053,3.9903414794004943,0.9955610696135291,-0.037383103221519276,-0.1416811820694044,-0.7116042355260559,nan,nan,nan,nan,nan,nan,1,0
8.569999999999862,1.9331697907515948,3.8663395815031905,0.8336364567848004,-0.10632570715511447,-0.21265141431022866,-0.7669252951427961,2.311438404756462,3.8804771885095355,1.0065433273118398,-0.22761990668744236,-0.3681380900659907,-0.7255634803332701,nan,nan,nan,nan,nan,nan,1,0
8.579999999999862,1.9327107761448497,3.8654215522897,0.830448781008167,-0.11016350561883663,-0.22032701123767298,-0.7650421863920129,2.0364450725846224,3.9078159398271404,0.5190390469149977,-0.0848017328147115,-0.2542080423462776,-0.8559808824646937,nan,nan,nan,nan,nan,nan,1,0
8.589999999999861,1.9322357863218653,3.8644715726437315,0.8272690575387973,-0.11399755751626277,-0.22799511503252526,-0.7631336326487269,2.064164504134867,3.6891328037926048,0.9907345158899848,-0.13207980279526674,-0.08753921039757742,-0.7478497829165636,nan,nan,nan,nan,nan,nan,1,0
8.599999999999861,1.9317448371729011,3.863489674345803,0.8240973920868426,-0.11782779575141736,-0.23565559150283444,-0.7611997084691264,1.8192355208595932,3.6967742554183625,1.013138100898823,-0.12315118491233443,-0.2726245292234024,-0.8038658252383404,nan,nan,nan,nan,nan,nan,1,0
8.60999999999986,1.931237944867891,3.8624758897357827,0.8209338900478669,-0.1216541532024772,-0.24330830640495413,-0.7592404893541773,2.0788111794255526,3.783285778139966,0.5610897524993499,-0.08362997001094132,-0.2285437219587111,-0.7162011131535935,nan,nan,nan,nan,nan,nan,1,0
8.61999999999986,1.9307151258565394,3.8614302517130796,0.8177786564989078,-0.12547656272437,-0.25095312544873977,-0.7572560517501808,1.3600580256161408,3.9635733604276013,0.7044040287137912,-0.1209786757670365,-0.26053351995036494,-0.7623184295536308,nan,nan,nan,nan,nan,nan,1,0
8.62999999999986,1.9301763968684085,3.860352793736818,0.8146317961945361,-0.1292949571514329,-0.2585899143028656,-0.7552464730492018,1.5475285179848304,3.571463264275727,0.6131717804133602,-0.0904219559331742,-0.20448975463509844,-0.8394854260423916,nan,nan,nan,nan,nan,nan,1,0
8.63999999999986,1.9296217749129914,3.8592435498259836,0.8114934135629137,-0.1331092693001289,-0.26621853860025757,-0.7532118315893621,2.022651831093723,3.771403182469556,0.7493429396439717,-0.2730061372095219,-0.27768710970635807,-0.8206703613828152,nan,nan,nan,nan,nan,nan,1,0
8.64999999999986,1.9290512772797754,3.8581025545595518,0.8083636127018512,-0.13691943197181874,-0.27383886394363727,-0.7511522066549987,1.972857028451729,3.7662412550949496,0.9668085008654022,-0.2802607136241079,-0.4112122689272803,-0.46665041843485233,nan,nan,nan,nan,nan,nan,1,0
8.65999999999986,1.9284649215382939,3.8569298430765886,0.805242497374865,-0.14072537795558654,-0.28145075591117286,-0.7490676784766807,2.128783550793716,3.772180297011688,0.7832396501253511,-0.34014378872929985,-0.364729884408628,-0.7417802695985302,nan,nan,nan,nan,nan,nan,1,0
8.66999999999986,1.9278627255381642,3.8557254510763292,0.8021301710072355,-0.14452704003111627,-0.2890540800622323,-0.7469583282310857,1.7083398490548822,3.9549982246379223,0.5652756069528294,-0.20740738007451104,-0.3548532066338316,-1.0560031055574173,nan,nan,nan,nan,nan,nan,1,0
8.67999999999986,1.9272447074091157,3.8544894148182323,0.7990267366820658,-0.14832435097161717,-0.2966487019432341,-0.7448242380407318,2.3088883446112063,3.8995146777752474,0.9045303058413294,-0.15869228099226043,-0.2649431570232966,-0.63111206034065,nan,nan,nan,nan,nan,nan,1,0
8.68999999999986,1.926610885561004,3.853221771122009,0.7959322971363426,-0.1521172435467954,-0.3042344870935906,-0.7426654909735638,1.6490424710796543,3.702530040305761,0.5731866645101343,-0.2317440263285795,-0.17558276937787823,-0.8307929197658157,nan,nan,nan,nan,nan,nan,1,0
8.699999999999859,1.925961278683813,3.851922557367627,0.7928469547569993,-0.15590565052586988,-0.31181130105173954,-0.7404821710423909,2.0130033026858265,4.168769632633309,0.9837559634606283,-0.12116751655046043,-0.4285585873744564,-0.7611762051962744,nan,nan,nan,nan,nan,nan,1,0
8.709999999999859,1.9252959057476438,3.8505918114952884,0.7897708115769819,-0.15968950468062937,-0.3193790093612585,-0.7382743632041762,2.197407043513871,3.876952950787172,1.1864995522243225,-0.06947279829098722,-0.4541280334340043,-0.6700796155070701,nan,nan,nan,nan,nan,nan,1,0
8.719999999999859,1.9246147860026916,3.849229572005384,0.7867039692713187,-0.16346873878852877,-0.3269374775770573,-0.7360421533591756,1.6269251025319484,3.6911428007827944,0.6366351622870738,-0.11364080542257637,-0.2722242721420074,-0.8027561870658012,nan,nan,nan,nan,nan,nan,1,0
8.729999999999858,1.9239179389792092,3.847835877958419,0.783646529153194,-0.16724328563582194,-0.33448657127164366,-0.733785628349925,1.5536182775389382,3.6806675313765296,0.5323655732072037,-0.19579253902199967,-0.2835517234174139,-0.5746909091868398,nan,nan,nan,nan,nan,nan,1,0
8.739999999999858,1.9232053844874561,3.846410768974913,0.780598592170027,-0.1710130780207284,-0.34202615604145664,-0.7315048759600759,2.0918565403055367,3.5866236844242345,0.7642798273827717,-0.0902508152769741,-0.4019254029921843,-0.7649850365614904,nan,nan,nan,nan,nan,nan,1,0
8.749999999999858,1.9224771426176368,3.8449542852352745,0.7775602588995558,-0.17477804875663186,-0.34955609751326355,-0.7291999849130778,1.6405825148849853,3.7332407138145567,0.7790726465604484,-0.24557744638501755,-0.23195386696090925,-0.7308392907584017,nan,nan,nan,nan,nan,nan,1,0
8.759999999999858,1.921733233739823,3.843466467479647,0.7745316295459279,-0.17853813067530755,-0.35707626135061493,-0.7268710448707084,1.8787421570010603,3.996128043403156,0.645032960274539,-0.1848996682606715,-0.26768174848583065,-0.6184229194281456,nan,nan,nan,nan,nan,nan,1,0
8.769999999999857,1.9209736785038638,3.8419473570077285,0.7715128039357969,-0.18229325663017626,-0.36458651326035235,-0.7245181464314503,2.1653594161749923,4.003289623873052,0.9128239399806183,-0.17714616444344353,-0.2911710652726911,-0.7145022564964104,nan,nan,nan,nan,nan,nan,1,0
8.779999999999857,1.9201984978392823,3.8403969956785655,0.7685038815144273,-0.18604335949958248,-0.3720867189991648,-0.7221413811287153,1.9323448592920112,3.9506369092365277,0.8875397399666975,-0.12400416266182973,-0.1793436238188233,-0.7461122687184162,nan,nan,nan,nan,nan,nan,1,0
8.789999999999857,1.919407712955157,3.838815425910315,0.7655049613418068,-0.18978837219009417,-0.3795767443801882,-0.7197408414289163,2.0341064248463936,3.820725689028641,1.0531616346155765,-0.10904271354715155,-0.4855500074724653,-0.7470419963480296,nan,nan,nan,nan,nan,nan,1,0
8.799999999999857,1.918601345339991,3.837202690679983,0.7625161420887677,-0.19352822763982191,-0.38705645527964366,-0.717316620729387,1.7855981312549785,4.137166807999293,0.9943638783238553,-0.10826526900387314,-0.3640659755996865,-0.6961823153286114,nan,nan,nan,nan,nan,nan,1,0
8.809999999999857,1.9177794167615672,3.835558833523135,0.7595375220331171,-0.1972628588217548,-0.3945257176435094,-0.714868813356151,2.329116969488444,3.6405797837304177,0.9286360003678013,-0.06451824912878223,-0.11629407303479522,-0.7752614232817369,nan,nan,nan,nan,nan,nan,1,0
8.819999999999856,1.9169419492667876,3.833883898533576,0.7565691990557774,-0.20099219874711105,-0.40198439749422193,-0.7123975145615411,1.8241523850221093,3.9364087260248817,0.9831408173899481,-0.1511054266028614,-0.574421363032169,-0.7893096999793737,nan,nan,nan,nan,nan,nan,1,0
8.829999999999856,1.9160889651815014,3.8321779303630037,0.7536112706369371,-0.20471618046870083,-0.4094323609374015,-0.7099028205216683,1.9940296294603206,3.7685507084663943,0.882774077104024,-0.13359746647565593,-0.386365015233232,-0.5436427351585219,nan,nan,nan,nan,nan,nan,1,0
8.839999999999856,1.915220487110317,3.8304409742206347,0.7506638338522131,-0.20843473708429902,-0.4168694741685979,-0.7073848283337447,1.9290000720239655,3.9866410981270723,0.6012828129006863,0.047076847135124306,-0.3848908349972333,-0.888138982392006,nan,nan,nan,nan,nan,nan,1,0
8.849999999999856,1.9143365379364001,3.828673075872801,0.7477269853688245,-0.21214780174002595,-0.42429560348005174,-0.7048436360132596,1.74359724470712,3.373654937989399,0.6386570975576238,-0.2882208710065579,-0.42850161721571456,-0.6365837812003565,nan,nan,nan,nan,nan,nan,1,0
8.859999999999856,1.9134371408212596,3.82687428164252,0.7448008214417786,-0.21585530763373373,-0.4317106152674673,-0.702279342491011,1.7701123932252543,3.9659936396112663,0.774480035049457,-0.17944927455545095,-0.44871637908432654,-0.8318571736996948,nan,nan,nan,nan,nan,nan,1,0
8.869999999999855,1.9125223192045162,3.8250446384090333,0.7418854379100703,-0.21955718801839624,-0.4391143760367923,-0.699692047609994,2.1106575682630337,4.023215320026791,0.6291238834067481,-0.25930903669174643,-0.45505001598791445,-0.8121290586578475,nan,nan,nan,nan,nan,nan,1,0
8.879999999999855,1.91159209680366,3.8231841936073208,0.7389809301928947,-0.22325337620550065,-0.44650675241100113,-0.6970818521221497,1.4888428509089207,3.9351446294952575,0.797757417479829,-0.36478844006564803,-0.555393043226297,-0.6559701175448908,nan,nan,nan,nan,nan,nan,1,0
8.889999999999855,1.9106464976137914,3.8212929952275836,0.7360873932858739,-0.22694380556843863,-0.4538876111368771,-0.694448857684973,1.8369757863744278,3.9422518468770367,0.46738185441680546,-0.17400846602895284,-0.3587901894208406,-0.748642244531117,nan,nan,nan,nan,nan,nan,1,0
8.899999999999855,1.90968554590735,3.819371091814701,0.733204921757299,-0.23062840954589522,-0.46125681909179034,-0.6917931668579859,2.1266041485208316,3.88911703091595,0.785995908359612,-0.16357176816314872,-0.350636734457471,-0.8151174762788717,nan,nan,nan,nan,nan,nan,1,0
8.909999999999854,1.9087092662338283,3.8174185324676575,0.7303336097443862,-0.23430712164523376,-0.4686142432904674,-0.6891148830990746,2.0291459563527674,3.6795990113655477,0.8229193909015347,-0.22445950253811145,-0.5483693128153397,-0.8718023384061547,nan,nan,nan,nan,nan,nan,1,0
8.919999999999854,1.9077176834194705,3.815435366838942,0.72747355094955,-0.23797987544587468,-0.47595975089174924,-0.6864141107606959,1.5957047848897972,3.61201139984766,0.6082217850559735,-0.3111010341336897,-0.492444542090217,-0.704958239191667,nan,nan,nan,nan,nan,nan,1,0
8.929999999999854,1.9067108225669593,3.8134216451339196,0.7246248386366919,-0.24164660460266696,-0.4832932092053338,-0.6836909550859522,1.9717654241920985,3.989051082299703,0.7651086818086323,-0.33770389748037855,-0.6244029631218837,-0.8752851238431032,nan,nan,nan,nan,nan,nan,1,0
8.939999999999854,1.9056887090550874,3.8113774181101756,0.7217875656275063,-0.24530724284925037,-0.49061448569850064,-0.6809455222045409,1.9367829056837818,3.9533074455390387,0.6442384680732115,-0.24587453059550907,-0.5583931136064149,-0.5036223151400315,nan,nan,nan,nan,nan,nan,1,0
8.949999999999854,1.9046513685384148,3.8093027370768304,0.718961824297804,-0.24896172400140687,-0.49792344800281363,-0.6781779191285776,1.9250263156203864,3.5038511672841723,0.7302144806971259,-0.2912156060607627,-0.45682029667816215,-0.6550726957262636,nan,nan,nan,nan,nan,nan,1,0
8.959999999999853,1.903598826946913,3.807197653893827,0.7161477065738527,-0.2526099819603999,-0.5052199639207997,-0.6753882537482988,2.03844718712584,3.8209703231433787,0.6814496951113195,-0.2227899321722206,-0.3762518992749072,-0.5620894194172813,nan,nan,nan,nan,nan,nan,1,0
8.969999999999853,1.902531110485595,3.805062220971191,0.7133453039287375,-0.25625195071630014,-0.5125039014326002,-0.6725766348276434,1.7908771414925493,4.106522902980628,0.509859454965041,-0.16952533537195674,-0.3827687681736246,-0.64866220325978,nan,nan,nan,nan,nan,nan,1,0
8.979999999999853,1.9014482456341313,3.8028964912682635,0.7105547073787387,-0.2598875643512958,-0.5197751287025915,-0.669743171999719,1.7396691265579387,3.7114134195979167,0.8829629173198444,-0.1636850510360175,-0.4902577723716917,-0.6610667572655216,nan,nan,nan,nan,nan,nan,1,0
8.989999999999853,1.9003502591464523,3.8007005182929054,0.7077760074797298,-0.2635167570429874,-0.5270335140859747,-0.6668879757621535,1.76516675058241,3.7459628480600293,0.5039144834236995,-0.4774083322132532,-0.6189064405267178,-0.6648065715657712,nan,nan,nan,nan,nan,nan,1,0
8.999999999999853,1.899237178050337,3.798474356100675,0.705009294323595,-0.26713946306766445,-0.5342789261353288,-0.6640111574723356,2.3717322037633206,3.705522178219646,0.48952378820579534,-0.08194333861520031,-0.7278634422539529,-0.6308476711393355,nan,nan,nan,nan,nan,nan,1,0
9.009999999999852,1.898109029646989,3.7962180592939787,0.7022546575346678,-0.27075561680356397,-0.5415112336071278,-0.6611128293425469,1.7603437904463666,3.6287860721304313,0.6658197763636579,-0.3926922170694083,-0.4530148619090689,-0.8821125467047318,nan,nan,nan,nan,nan,nan,1,0
9.019999999999852,1.8969658415105968,3.7939316830211944,0.6995121862661886,-0.274365152734109,-0.5487303054682179,-0.6581931044349884,1.4498073610197524,3.8062309514711714,0.7853525035821942,-0.32848183901541733,-0.44408910090030335,-0.5451360754810962,nan,nan,nan,nan,nan,nan,1,0
9.029999999999852,1.8958076414878837,3.7916152829757683,0.6967819691967857,-0.27796800545112677,-0.5559360109022534,-0.6552520966567044,1.8548387166390174,3.5040941982713973,0.5303698552768824,-0.2863753187315211,-0.4492075795774723,-0.4847275310685951,nan,nan,nan,nan,nan,nan,1,0
9.039999999999852,1.894634457697642,3.7892689153952848,0.6940640945269757,-0.28156410965804496,-0.5631282193160898,-0.6522899207544063,1.734638685313606,4.007181549060415,0.5480010132167064,-0.44472770116836124,-0.6089733871450489,-0.719295386567959,nan,nan,nan,nan,nan,nan,1,0
9.049999999999851,1.8934463185302541,3.786892637060509,0.6913586499756874,-0.28515340017306573,-0.5703068003461313,-0.649306692309199,2.1483303367258197,3.798298062152304,0.4535620770899885,-0.20822297347316815,-0.599144893595652,-0.6204697855952348,nan,nan,nan,nan,nan,nan,1,0
9.059999999999851,1.8922432526472028,3.7844865052944066,0.6886657227768074,-0.28873581193231634,-0.5774716238646326,-0.6463025277312132,1.961935663675427,3.6945286002328395,0.7693712160658894,-0.23986034107887125,-0.7190266140594599,-0.47050267410367996,nan,nan,nan,nan,nan,nan,1,0
9.069999999999851,1.8910252889805654,3.7820505779611318,0.6859853996757485,-0.29231127999297574,-0.5846225599859514,-0.6432775442541457,1.6730860573365336,3.8395076909761108,0.34699050263876147,-0.19237601433230658,-0.5081216061765488,-0.660172470940239,nan,nan,nan,nan,nan,nan,1,0
9.07999999999985,1.8897924567324973,3.7795849134649955,0.6833177669260413,-0.29587973953637636,-0.5917594790727526,-0.6402318599297115,1.6971488016681247,4.2358911242280515,1.1091715179403259,-0.2770847146922811,-0.4430342591913129,-0.685719679724903,nan,nan,nan,nan,nan,nan,1,0
9.08999999999985,1.888544785374701,3.777089570749403,0.6806629102859496,-0.29944112587108057,-0.598882251742161,-0.6371655936220092,1.784326087030272,3.8440715891411936,0.5007831119463609,-0.19996739204811348,-0.5344081186480794,-0.7333168476175393,nan,nan,nan,nan,nan,nan,1,0
9.09999999999985,1.8872823046478846,3.77456460929577,0.6780209150151087,-0.3029953744359312,-0.6059907488718623,-0.634078865001803,2.0318304934424742,3.644735705259762,0.21550034357415404,-0.25606652852374967,-0.4012091442931274,-0.8612953486095264,nan,nan,nan,nan,nan,nan,1,0
9.10999999999985,1.886005044561205,3.772010089122411,0.675391865871189,-0.30654242080307564,-0.6130848416061512,-0.6309717945407244,1.875386891533816,3.677807992017152,0.6167890697025673,-0.39875185654175593,-0.7739498262534714,-0.43478150362145646,nan,nan,nan,nan,nan,nan,1,0
9.11999999999985,1.884713035391701,3.769426070783403,0.6727758471065832,-0.31008220068096265,-0.6201644013619252,-0.6278445035053951,1.5629127414858255,3.832062685729125,0.5915857400768203,-0.38496035961103797,-0.7716890786019202,-0.6143747600985145,nan,nan,nan,nan,nan,nan,1,0
9.12999999999985,1.8834063076837122,3.7668126153674253,0.6701729424651187,-0.31361464991731214,-0.6272292998346242,-0.6246971139514751,1.89457002239525,3.72647133564082,0.751036511219854,-0.38477497870702615,-0.7312835748107572,-0.7103815863711249,nan,nan,nan,nan,nan,nan,1,0
9.13999999999985,1.882084892248287,3.7641697844965747,0.6675832351787953,-0.317139704502057,-0.6342794090041138,-0.6215297487176368,2.3106711882953177,4.0469070588452,0.6484546066671617,-0.33089924483559746,-0.6482917694657192,-0.6521700732962252,nan,nan,nan,nan,nan,nan,1,0
9.14999999999985,1.8807488201625775,3.761497640325156,0.6650068079645475,-0.32065730057025665,-0.6413146011405132,-0.6183425314194698,1.7479464784017056,3.878826064149773,0.47214249337151304,-0.20906962600870344,-0.41239738315837104,-0.47352114405890045,nan,nan,nan,nan,nan,nan,1,0
9.15999999999985,1.8793981227692234,3.7587962455384476,0.6624437430210337,-0.3241673744049826,-0.6483347488099651,-0.615135586443317,1.995414533243004,3.8331681104131974,0.6832646854525746,-0.24767885574768334,-0.7620558206168184,-0.689342619819741,nan,nan,nan,nan,nan,nan,1,0
9.169999999999849,1.8780328316757227,3.756065663351446,0.6598941220254502,-0.3276698624401748,-0.6553397248803495,-0.6119090389400447,1.8504764303352816,3.6182681098725538,0.7300137019785874,-0.35897462758793885,-0.8097517861129588,-0.6715372234931617,nan,nan,nan,nan,nan,nan,1,0
9.179999999999849,1.8766529787537916,3.753305957507584,0.6573580261303721,-0.3311647012634695,-0.6623294025269388,-0.6086630148187504,1.727358477491858,3.697291970468019,0.24551517518289667,-0.30317040961578245,-0.5701807031237448,-0.8289841600403156,nan,nan,nan,nan,nan,nan,1,0
9.189999999999849,1.8752585961387125,3.750517192277426,0.6548355359606204,-0.3346518276189978,-0.6693036552379955,-0.6053976407404089,1.6228752643116997,4.206100680989089,0.6777673140896672,-0.2886525327752833,-0.8119763485360071,-0.7360644309427958,nan,nan,nan,nan,nan,nan,1,0
9.199999999999848,1.8738497162286702,3.7476994324573414,0.652326731610156,-0.3381311784101553,-0.6762623568203104,-0.60211304411146,2.000470963712812,3.723248590166807,0.7519602249619293,-0.2660069289779311,-0.7812508272304074,-0.39870595003009757,nan,nan,nan,nan,nan,nan,1,0
9.209999999999848,1.8724263716840772,3.7448527433681553,0.6498316926390004,-0.3416026907023419,-0.6832053814046837,-0.59880935307734,1.8422092750802643,3.9012764989061237,0.838386138947806,-0.22997673936514484,-0.5217568688272005,-0.8316475447063603,nan,nan,nan,nan,nan,nan,1,0
9.219999999999848,1.870988595426887,3.741977190853775,0.647350498070184,-0.3450663017256729,-0.6901326034513456,-0.5954866965159575,2.050333237241751,3.6545405579582533,0.9146658478698413,-0.3464034343928454,-0.6739111467887696,-0.7050049044276026,nan,nan,nan,nan,nan,nan,1,0
9.229999999999848,1.8695364206398968,3.7390728412797944,0.644883226386721,-0.34852194887765997,-0.6970438977553198,-0.5921452040311194,1.881448057073224,3.7926646117603817,0.7668788228601092,-0.39346674345016597,-0.5599173872775778,-0.7851326388540123,nan,nan,nan,nan,nan,nan,1,0
9.239999999999847,1.868069880766039,3.736139761532079,0.642429955528613,-0.35196956972586313,-0.7039391394517261,-0.588785005945904,1.6808237855974835,3.7029171123875284,0.7597641260163656,-0.49268237279898197,-0.6610359687982693,-0.5090488131751707,nan,nan,nan,nan,nan,nan,1,0
9.249999999999847,1.8665890095076618,3.7331780190153245,0.6399907628898798,-0.35540910201051307,-0.710818204021026,-0.585406233295988,1.8891247733522138,3.4960886592519227,0.7378694949309373,-0.6323562278389946,-0.7012551210649587,-0.7545502346947803,nan,nan,nan,nan,nan,nan,1,0
9.259999999999847,1.8650938408257989,3.7301876816515986,0.6375657253156176,-0.358840483647104,-0.7176809672942079,-0.5820090178229257,1.7353813099954742,3.643118751655849,0.6323037398147361,-0.32361837410434996,-0.7229002438925196,-0.6740491790602505,nan,nan,nan,nan,nan,nan,1,0
9.269999999999847,1.8635844089394282,3.7271688178788573,0.6351549190990868,-0.36226365272895744,-0.7245273054579148,-0.5785934919673851,2.135307677306891,3.510373337183947,0.46117835232091586,-0.3868623415720175,-0.732024764564216,-0.5108045003554202,nan,nan,nan,nan,nan,nan,1,0
9.279999999999847,1.862060748324721,3.7241214966494427,0.6327584199788271,-0.3656785475297562,-0.7313570950595123,-0.5751597888623401,1.501366240228458,3.789106568239078,0.3360947909790477,-0.5546374534908978,-0.6685960692833754,-0.5102137602220163,nan,nan,nan,nan,nan,nan,1,0
9.289999999999846,1.860522893714279,3.721045787428559,0.6303763031358012,-0.3690851065060496,-0.7381702130120991,-0.5717080423262231,1.6254639244444846,3.712269620000225,0.4704504733922127,-0.458908457544879,-0.8686620831261435,-0.5745621248969288,nan,nan,nan,nan,nan,nan,1,0
9.299999999999846,1.8589708800963636,3.717941760192728,0.6280086431905677,-0.3724832682997293,-0.7449665365994584,-0.5682383868560374,1.8815133219595421,3.955869650231076,0.5385635425327471,-0.35546457520014785,-0.67563254781335,-0.69813767928961,nan,nan,nan,nan,nan,nan,1,0
9.309999999999846,1.8574047427141116,3.714809485428224,0.6256555142004826,-0.37587297174047635,-0.7517459434809526,-0.5647509576204334,2.05608463136756,3.7623682267542775,0.49355466024773714,-0.5890365526404833,-0.7692328170212895,-0.765395291461508,nan,nan,nan,nan,nan,nan,1,0
9.319999999999846,1.8558245170647443,3.7116490341294894,0.6233169896569295,-0.3792541558481794,-0.7585083116963587,-0.5612458904527473,1.695224411148993,3.728716460561229,0.3846335640812646,-0.3564340970267389,-0.8832080373230053,-0.40475106820867757,nan,nan,nan,nan,nan,nan,1,0
9.329999999999846,1.8542302388987637,3.7084604777975283,0.6209931424825794,-0.3826267598353242,-0.7652535196706483,-0.5577233218440075,2.180780209797976,3.5266906415594246,0.3469316474482971,-0.37839294032962806,-0.7869397256312988,-0.44478450163399236,nan,nan,nan,nan,nan,nan,1,0
9.339999999999845,1.8526219442191414,3.7052438884382837,0.6186840450286798,-0.3859907231093544,-0.7719814462187087,-0.5541833889359066,1.7151561961093984,3.3586518908206062,0.5053941965788623,-0.38522065908309044,-0.8162104079101558,-0.6486317374456476,nan,nan,nan,nan,nan,nan,1,0
9.349999999999845,1.8509996692804955,3.701999338560992,0.6163897690723725,-0.3893459852750046,-0.778691970550009,-0.550626229513743,1.8265612037081373,3.657683282247758,0.5267065826455635,-0.36021911863495065,-0.7779693480708277,-0.4553090693670175,nan,nan,nan,nan,nan,nan,1,0
9.359999999999845,1.8493634505882597,3.6987269011765203,0.614110385814042,-0.3926924861366046,-0.7853849722732091,-0.5470519819993322,1.8978343768411292,3.6492064826641464,0.502577423644908,-0.4546480334960978,-0.5973067508416929,-0.6546201089283362,nan,nan,nan,nan,nan,nan,1,0
9.369999999999845,1.8477133248978415,3.695426649795684,0.6118459658746924,-0.39603016570035643,-0.7920603314007127,-0.5434607854438904,1.796475062378382,3.8650693642138574,0.5367961564728754,-0.26947875598107174,-0.9022376764361658,-0.598706196806059,nan,nan,nan,nan,nan,nan,1,0
9.379999999999844,1.8460493292137723,3.6920986584275455,0.6095965792933554,-0.3993589641765829,-0.7987179283531657,-0.5398527795208896,2.1283585416084776,3.644988158308454,0.7979897053281091,-0.43924170248487704,-0.7127503488602889,-0.7039354631242266,nan,nan,nan,nan,nan,nan,1,0
9.389999999999844,1.8443715007888475,3.688743001577696,0.6073622955245267,-0.40267882198194943,-0.8053576439638988,-0.5362281045188877,1.8108300226713414,3.707391240862993,0.4737116522847913,-0.45444790086917153,-0.8195139009393938,-0.41061718097516553,nan,nan,nan,nan,nan,nan,1,0
9.399999999999844,1.8426798771232573,3.6853597542465155,0.6051431834356337,-0.4059896797416582,-0.8119793594833165,-0.5325869013343341,1.653568009295118,3.7314170644539986,0.33971777633267636,-0.361889324388062,-0.617172351222411,-0.686291648822157,nan,nan,nan,nan,nan,nan,1,0
9.409999999999844,1.8409744959637089,3.6819489919274186,0.6029393113045322,-0.4092914782916155,-0.818582956583231,-0.5289293114643511,2.1193878974952307,3.398391353450925,0.43524467831449254,-0.33618551839150956,-0.8494031504684015,-0.5226022985822708,nan,nan,nan,nan,nan,nan,1,0
9.419999999999844,1.83925539530254,3.6785107906050807,0.6007507468170342,-0.41258415868057174,-0.8251683173611435,-0.5252554769994937,2.0066892149394246,3.578764584054863,0.35914130015236134,-0.5741772784037693,-0.8172933753805269,-0.5042404292514737,nan,nan,nan,nan,nan,nan,1,0
9.429999999999843,1.8375226133768223,3.6750452267536455,0.5985775570644655,-0.4158676621722359,-0.8317353243444718,-0.5215655406164875,2.069901901534268,3.8716155970094435,0.6452061882324152,-0.3624515257269967,-0.7689151540377984,-0.4646138572869283,nan,nan,nan,nan,nan,nan,1,0
9.439999999999843,1.8357761886674584,3.6715523773349177,0.5964198085412532,-0.4191419302473628,-0.8382838604947256,-0.5178596455709472,1.8910743600381348,4.016209679049319,0.5923797996351469,-0.47761905829354506,-0.8470576854445812,-0.5206546356778798,nan,nan,nan,nan,nan,nan,1,0
9.449999999999843,1.8340161598982676,3.668032319796536,0.5942775671425445,-0.42240690460581454,-0.8448138092116291,-0.5141379356900755,1.8980359116345382,3.741659538589481,0.5283369239736633,-0.40570254989322196,-0.7418594919734753,-0.6662976415605786,nan,nan,nan,nan,nan,nan,1,0
9.459999999999843,1.8322425660350652,3.6644851320701313,0.5921508981618556,-0.4256625271685966,-0.8513250543371932,-0.5104005553653439,1.861235182795527,3.9811243249610087,0.6257421832856567,-0.48585084190717887,-0.727620571005606,-0.6031189085014779,nan,nan,nan,nan,nan,nan,1,0
9.469999999999843,1.8304554462847324,3.660910892569466,0.5900398662887508,-0.4289087400798677,-0.8578174801597354,-0.506647649545157,1.772928090915766,3.7785988129252104,0.49441445215248536,-0.5064173399820584,-0.8694392338681456,-0.6263887878684321,nan,nan,nan,nan,nan,nan,1,0
9.479999999999842,1.8286548400942786,3.657309680188558,0.5879445356065529,-0.4321454857089247,-0.8642909714178494,-0.5028793637274996,1.9061985086094129,3.4289496139456164,0.8187645988311799,-0.4949187066061546,-0.983697853593213,-0.5148337561375587,nan,nan,nan,nan,nan,nan,1,0
9.489999999999842,1.8268407871498946,3.65368157429979,0.5858649695900838,-0.4353727066521626,-0.8707454133043252,-0.49909584395256995,2.1009669069086585,4.12612572432698,0.5800704108226339,-0.4746438366760767,-1.0562637130257975,-0.5505148037822115,nan,nan,nan,nan,nan,nan,1,0
9.499999999999842,1.8250133273759988,3.6500266547519984,0.5838012311034363,-0.4385903457350094,-0.8771806914700188,-0.49529723679539683,1.8206196898138094,3.3698734939968267,0.7524243793821066,-0.5239494287290557,-0.8560970376617127,-0.5939387706198668,nan,nan,nan,nan,nan,nan,1,0
9.509999999999842,1.8231725009342745,3.64634500186855,0.5817533823977761,-0.44179834601383655,-0.8835966920276731,-0.4914836893584445,1.7903785584674643,3.855491140853537,0.8006381075876958,-0.5145793150384366,-0.9849267782943161,-0.5391250722402027,nan,nan,nan,nan,nan,nan,1,0
9.519999999999841,1.8213183482227002,3.6426366964454013,0.5797214851091752,-0.44499665077784534,-0.8899933015556907,-0.48765534926420434,2.002438493351964,3.596940234929349,0.6322771400462873,-0.4759204566825975,-0.8133551917239858,-0.5646248381886995,nan,nan,nan,nan,nan,nan,1,0
9.529999999999841,1.8194509098745713,3.6389018197491434,0.5777056002564761,-0.4481852035509286,-0.8963704071018572,-0.48381236464777444,1.8085570336031922,3.3408816990741936,0.833727332462563,-0.5831686088318777,-0.9172410196811491,-0.46539620936412807,nan,nan,nan,nan,nan,nan,1,0
9.539999999999841,1.817570226757515,3.6351404535150307,0.5757057882391868,-0.4513639480935095,-0.902727896187019,-0.4799548841494283,1.4515693390127073,4.288943055347978,0.32475080672695367,-0.3864307070187697,-0.7648678719855357,-0.4204922533981533,nan,nan,nan,nan,nan,nan,1,0
9.54999999999984,1.8156763399724967,3.631352679944994,0.573722108835407,-0.4545328284043559,-0.9090656568087118,-0.4760830569071727,1.5378367107185538,3.3891991791561846,0.6127268994876777,-0.5987428685073956,-0.9075934604855127,-0.5765045808071404,nan,nan,nan,nan,nan,nan,1,0
9.55999999999984,1.81376929085282,3.627538581705641,0.5717546211997849,-0.45769178872237193,-0.9153835774447439,-0.4721970325492961,1.84766498924147,3.557246231232353,0.5738368346241166,-0.5936463859046843,-0.7928354398958164,-0.43908981120039825,nan,nan,nan,nan,nan,nan,1,0
9.56999999999984,1.8118491209631185,3.623698241926238,0.5698033838615062,-0.4608407735283665,-0.921681547056733,-0.4682969611869081,1.903813515821522,3.3786032699583335,0.7636398482915421,-0.42568475169724096,-0.8400199696265516,-0.4412861162247851,nan,nan,nan,nan,nan,nan,1,0
9.57999999999984,1.8099158720983402,3.619831744196681,0.5678684547223126,-0.4639797275467986,-0.9279594550935972,-0.4643829934064697,1.6238045322325085,3.422927756276444,0.7175038066785101,-0.5883361045910045,-0.8545502182551767,-0.49252200595102696,nan,nan,nan,nan,nan,nan,1,0
9.58999999999984,1.8079695862827256,3.615939172565452,0.565949891054553,-0.4671085957475004,-0.9342171914950008,-0.4604552802623169,2.351759892466546,3.547395591889742,0.5309088448628616,-0.37324461397362824,-0.9342176870834554,-0.6693365743213389,nan,nan,nan,nan,nan,nan,1,0
9.59999999999984,1.8060103057687782,3.6120206115375573,0.5640477494992647,-0.47022732334737766,-0.9404546466947553,-0.4565139732691764,1.9221424126816578,3.654548592688723,0.48310981886458804,-0.43034700254232416,-0.9070662515736312,-0.385660672433358,nan,nan,nan,nan,nan,nan,1,0
9.60999999999984,1.8040380730362278,3.6080761460724564,0.562162086064287,-0.4733358558120882,-0.9466717116241764,-0.4525592243946751,2.273288139111183,3.333334027590993,0.44927499042295393,-0.49504532117754335,-0.8778697093317822,-0.35201097598043596,nan,nan,nan,nan,nan,nan,1,0
9.61999999999984,1.8020529307909874,3.6041058615819757,0.5602929561224043,-0.4764341388576985,-0.952868277715397,-0.4485911860518434,1.6821060669808314,3.4609666047160634,0.7617763006461211,-0.6738650205588452,-0.8656437527686487,-0.5337324061213868,nan,nan,nan,nan,nan,nan,1,0
9.62999999999984,1.8000549219641027,3.600109843928206,0.5584404144095225,-0.4795221184523183,-0.9590442369046366,-0.4446100110916135,2.0619095145543853,3.9868176306335195,0.7473983616655614,-0.3872429696277081,-1.1099326591108027,-0.47725120239774055,nan,nan,nan,nan,nan,nan,1,0
9.639999999999839,1.7980440897106955,3.596088179421392,0.5566045150228753,-0.4825997408177141,-0.9651994816354283,-0.4406158527953126,2.247311521580917,3.4742112810244605,0.8127916271788794,-0.48470751601356576,-0.9100503743788265,-0.4307813440937682,nan,nan,nan,nan,nan,nan,1,0
9.649999999999839,1.7960204774089001,3.592040954817801,0.5547853114192622,-0.48566695243090136,-0.9713339048618028,-0.4366088648671519,1.6983339221787361,3.6038759570335066,0.5551204635885569,-0.31268314043539724,-0.9667367469409738,-0.4202791658008526,nan,nan,nan,nan,nan,nan,1,0
9.659999999999838,1.793984128658793,3.587968257317587,0.5529828564133176,-0.4887237000257151,-0.9774474000514303,-0.43258920142671164,2.1331591604589817,3.58206357156989,0.3272249688174499,-0.4046083847973448,-0.8329603282129822,-0.4745592517307064,nan,nan,nan,nan,nan,nan,1,0
9.669999999999838,1.7919350872813165,3.583870174562634,0.5511972021758116,-0.49176993059436036,-0.9835398611887208,-0.42855701700142335,1.7999846024812534,3.6206747597210125,0.55097870448873,-0.5256793474049916,-0.9910669314102356,-0.313760252900728,nan,nan,nan,nan,nan,nan,1,0
9.679999999999838,1.7898733973171959,3.5797467946343926,0.5494284002319823,-0.4948055913889418,-0.9896111827778837,-0.42451246651904895,1.3617761646381028,3.744218454814127,0.5680278487345533,-0.459731802400327,-1.022842750476682,-0.31433379267254896,nan,nan,nan,nan,nan,nan,1,0
9.689999999999838,1.7877991030258502,3.5755982060517013,0.5476765014598982,-0.4978306299229726,-0.9956612598459453,-0.42045570530015763,1.8381832106207159,3.3970388788686354,0.6936920305497597,-0.4193819803100601,-0.9292076228144807,-0.3709678605614711,nan,nan,nan,nan,nan,nan,1,0
9.699999999999838,1.7857122488842967,3.5714244977685943,0.5459415560888541,-0.5008449939728635,-1.001689987945727,-0.4163868890506011,1.7426221859988993,3.6823225310053136,0.5950621633684048,-0.5121385378669502,-1.0459195454246433,-0.38030845832688337,nan,nan,nan,nan,nan,nan,1,0
9.709999999999837,1.7836128795860493,3.5672257591720995,0.5442236136977958,-0.5038486315793914,-1.0076972631587828,-0.41230617385398727,1.7384638360023468,3.267698153942084,0.20254504024264025,-0.6011155416376546,-1.1642089735431713,-0.4688366423135172,nan,nan,nan,nan,nan,nan,1,0
9.719999999999837,1.781501040040011,3.563002080080023,0.5425227232137785,-0.5068414910491482,-1.0136829820982964,-0.4082137161641531,1.2884288721583097,3.5873618767052555,0.4689374870571594,-0.3453751801844568,-1.1489541066566014,-0.4225123038498847,nan,nan,nan,nan,nan,nan,1,0
9.729999999999837,1.7793767753693612,3.5587535507387233,0.540838932910455,-0.5098235209559705,-1.019647041911941,-0.4041096727976371,1.7515472336664477,3.268366498809101,0.7521714619619473,-0.3935364605196434,-0.9774432262123831,-0.33705982987729916,nan,nan,nan,nan,nan,nan,1,0
9.739999999999837,1.7772401309104349,3.5544802618208706,0.5391722904065961,-0.5127946701423488,-1.0255893402846976,-0.39999420092615173,1.8045231548686689,3.724033171183602,0.8859659168837906,-0.5192721531611686,-1.0975549407295868,-0.38276978057857547,nan,nan,nan,nan,nan,nan,1,0
9.749999999999837,1.7750911522115982,3.5501823044231973,0.5375228426646417,-0.5157548877208182,-1.0315097754416365,-0.39586745806905604,1.6133834353619618,3.6200264428014495,0.3950685371913475,-0.4122992956385127,-1.009946785655708,-0.31312827702417284,nan,nan,nan,nan,nan,nan,1,0
9.759999999999836,1.7729298850321176,3.545859770064236,0.5358906359892841,-0.5187041230753294,-1.0374082461506589,-0.3917296020858292,1.4027142609493006,3.515080223846528,0.4070366535321348,-0.5561098332092527,-1.1218752389595201,-0.47379045048988916,nan,nan,nan,nan,nan,nan,1,0
9.769999999999836,1.7707563753410234,3.5415127506820476,0.5342757160260818,-0.5216423258626011,-1.0432846517252021,-0.3875807911685452,1.9333624378411576,3.7732785513508347,0.19867906414970582,-0.5828431122723908,-0.8527438566158659,-0.3607504554257594,nan,nan,nan,nan,nan,nan,1,0
9.779999999999836,1.7685706693159673,3.5371413386319355,0.5326781277601054,-0.5245694460134531,-1.0491388920269062,-0.38342118383434937,1.634403522094754,3.684092318613653,0.6893749953154122,-0.5541201759127306,-1.0349067786371295,-0.4387978780797073,nan,nan,nan,nan,nan,nan,1,0
9.789999999999836,1.766372813342075,3.532745626684151,0.5310979155146139,-0.5274854337341215,-1.054970867468243,-0.3792509389179363,1.625761657358592,3.9344876156109096,0.3772363832491265,-0.44804002404443133,-1.1472607723482102,-0.3281893372009422,nan,nan,nan,nan,nan,nan,1,0
9.799999999999836,1.7641628540107936,3.528325708021588,0.5295351229497638,-0.5303902395075545,-1.060780479015109,-0.37507021556403075,1.8023949192986728,3.7466326742579437,0.4063221207373427,-0.6047730436926417,-1.0188607245213668,-0.4200222451608704,nan,nan,nan,nan,nan,nan,1,0
9.809999999999835,1.7619408381187325,3.523881676237466,0.5279897930613476,-0.5332838140946903,-1.0665676281893806,-0.3708791732198708,1.6745038407052089,3.491811713650775,0.7854149842949563,-0.7714172374245211,-0.99538213330496,-0.44503945927880306,nan,nan,nan,nan,nan,nan,1,0
9.819999999999835,1.7597068126665003,3.5194136253330015,0.5264619681795656,-0.5361661085357168,-1.0723322170714336,-0.36667797162769433,1.489640277204835,3.688660835805864,0.9078403663282555,-0.5241277258228921,-1.0901129911639953,-0.26171905889751257,nan,nan,nan,nan,nan,nan,1,0
9.829999999999835,1.7574608248575365,3.514921649715074,0.5249516899678272,-0.5390370741513129,-1.0780741483026257,-0.36246677081722894,2.019751715213717,3.437170680466128,0.4939607094343671,-0.6714067209529185,-1.0396971367182708,-0.47339646017477155,nan,nan,nan,nan,nan,nan,1,0
9.839999999999835,1.755202922096937,3.510405844193875,0.5234589994215847,-0.5418966625438721,-1.0837933250877443,-0.3582457310981854,1.8257082541294587,3.102202887146054,0.4451016965216391,-0.5624538682450937,-1.0677604238779554,-0.3847904920304051,nan,nan,nan,nan,nan,nan,1,0
9.849999999999834,1.7529331519902758,3.5058663039805524,0.5219839368671982,-0.5447448255987087,-1.0894896511974175,-0.35401501305275573,1.8824107066203404,2.9794094237237774,0.43658263689652455,-0.5083305597056019,-0.8629422204269633,-0.33518549356316607,nan,nan,nan,nan,nan,nan,1,0
9.859999999999834,1.7506515623424206,3.501303124684842,0.5205265419608311,-0.5475815154852454,-1.0951630309704907,-0.3497747775281153,1.5054102125973523,3.5803091742521866,0.5479330616127347,-0.4589226086104931,-0.9530408620387856,-0.3074233423899387,nan,nan,nan,nan,nan,nan,1,0
9.869999999999834,1.7483582011563448,3.4967164023126904,0.5190868536873773,-0.5504066846581837,-1.1008133693163673,-0.34552518562893014,1.6165908120369978,3.7076429175837706,0.4589123711786716,-0.6090638069424109,-1.1513089245432977,-0.3934007708845391,nan,nan,nan,nan,nan,nan,1,0
9.879999999999834,1.7460531166319337,3.4921062332638684,0.5176649103594195,-0.5532202858586578,-1.1064405717173156,-0.3412663987098692,2.0642706469973944,3.1212598713732294,0.6883884012827307,-0.7117290202016278,-1.1319801785249466,-0.3263754873460969,nan,nan,nan,nan,nan,nan,1,0
9.889999999999834,1.7437363571647864,3.4874727143295736,0.516260749616219,-0.5560222721153699,-1.1120445442307398,-0.33699857836812214,1.5142085487621897,3.565275958159692,0.2697334059747716,-0.5946387813578969,-1.1181083116171187,-0.17184480212161496,nan,nan,nan,nan,nan,nan,1,0
9.899999999999833,1.7414079713450126,3.482815942690026,0.514874408422736,-0.558812596745709,-1.117625193491418,-0.3327218864359231,1.4808227757343033,3.5014992219575105,0.34611475291530247,-0.4987105232070116,-0.8914713020631158,-0.2430556626675653,nan,nan,nan,nan,nan,nan,1,0
9.909999999999833,1.7390680079560257,3.4781360159120522,0.5135059230686815,-0.5615912133568525,-1.123182426713705,-0.32843648497308053,1.4552357073837292,3.387554308324131,0.7050565349140014,-0.7616909809807313,-1.0494354257505705,-0.3316027556757114,nan,nan,nan,nan,nan,nan,1,0
9.919999999999833,1.7367165159733304,3.4734330319466618,0.5121553291676002,-0.5643580758468508,-1.1287161516937017,-0.32414253625951356,2.251394421266617,3.6279018426751684,0.6870802886799512,-0.6383319727416198,-1.0853210225823504,-0.30381408933167914,nan,nan,nan,nan,nan,nan,1,0
9.929999999999833,1.7343535445633067,3.4687070891266143,0.5108226616559844,-0.5671131384056955,-1.134226276811391,-0.31984020278779507,1.6765520106076575,3.414371689181784,0.48278900720016904,-0.6909551045066159,-1.161309616973605,-0.18682362024043994,nan,nan,nan,nan,nan,nan,1,0
9.939999999999833,1.7319791430819884,3.4639582861639777,0.5095079547924191,-0.5698563555163703,-1.1397127110327405,-0.3155296472557021,1.714009246900155,3.717282809737886,0.5813134180833139,-0.6268101451002653,-1.0776431589643432,-0.2502693687327153,nan,nan,nan,nan,nan,nan,1,0
9.949999999999832,1.729593361073839,3.459186722147679,0.5082112421567575,-0.5725876819558853,-1.1451753639117705,-0.3112110325587736,1.9715101524713905,3.2694139909458135,-0.023682329731137264,-0.5348120686797467,-1.202568425851906,-0.20092273862197563,nan,nan,nan,nan,nan,nan,1,0
9.959999999999832,1.727196248270521,3.454392496541043,0.5069325566493289,-0.5753070727962956,-1.1506141455925911,-0.3068845217828757,1.767670133062645,3.415443205560053,0.4557464601333507,-0.6948181347039117,-1.1180117210685265,-0.35795775874385394,nan,nan,nan,nan,nan,nan,1,0
9.969999999999832,1.724787854589664,3.449575709179329,0.5056719304901757,-0.5780144834057022,-1.1560289668114043,-0.3025502781967756,1.8263190734694812,3.4577909886633713,0.7003346994961925,-0.6412160601772279,-1.2083105018699172,-0.20385718388956114,nan,nan,nan,nan,nan,nan,1,0
9.979999999999832,1.7223682301336256,3.444736460267252,0.5044293952183226,-0.5807098694492379,-1.1614197388984757,-0.29820846524472344,1.7567184183411073,3.357354913932531,0.3495266203639125,-0.6914799222322482,-1.1762353013367732,-0.1759297541392532,nan,nan,nan,nan,nan,nan,1,0
9.989999999999831,1.7199374251882504,3.4398748503765018,0.5032049816910766,-0.5833931868900359,-1.1667863737800719,-0.29385924653904283,1.8945837642352685,3.4135202344835958,0.5527988374025579,-0.5848818506846788,-1.2711782384537444,-0.19479779217194276,nan,nan,nan,nan,nan,nan,1,0
9.999999999999831,1.7174954902216246,3.43499098044325,0.5019987200833569,-0.5860643919901832,-1.1721287839803665,-0.28950278585273054,1.8252942583738636,3.5078328331042403,0.7676861410744609,-0.5308977774922716,-1.15655705763119,-0.3185757166351708,nan,nan,nan,nan,nan,nan,1,0
10.009999999999831,1.715042475882826,3.430084951765653,0.5008106398870567,-0.588723441311657,-1.177446882623314,-0.28513924711206545,1.6440357331896416,3.5109328253487275,0.9152174823972379,-0.5402754177849027,-1.0033591057357325,-0.33917426911229315,nan,nan,nan,nan,nan,nan,1,0
10.01999999999983,1.7125784330006708,3.4251568660013425,0.4996407699104349,-0.5913702917172456,-1.1827405834344913,-0.28076879438922725,1.8006564365586777,3.3897308761138416,0.6764739699945366,-0.6840225758258854,-1.1057631616243018,-0.2485514210890477,nan,nan,nan,nan,nan,nan,1,0
10.02999999999983,1.7101034125824564,3.4202068251649136,0.4984891382775394,-0.5940049003714543,-1.1880098007429085,-0.2763915918949246,1.9782687375020276,3.5632901632153335,0.48670059710116137,-0.5858300488610972,-1.0313250156295688,-0.23558582601785233,nan,nan,nan,nan,nan,nan,1,0
10.03999999999983,1.7076174658127006,3.415234931625402,0.49735577242766005,-0.5966272247413935,-1.193254449482787,-0.272007803971034,1.603936084622506,3.133755193171318,0.8474720272688341,-0.6832154048163177,-1.2874229827486745,-0.1706695417286325,nan,nan,nan,nan,nan,nan,1,0
10.04999999999983,1.705120644051877,3.4102412881037547,0.49624069911481317,-0.5992372225976533,-1.1984744451953067,-0.2676175950832489,1.7170578615640453,3.306427343017279,0.6707889249352281,-0.7079649916520192,-1.144528564271412,-0.2826405454390238,nan,nan,nan,nan,nan,nan,1,0
10.05999999999983,1.702612998835147,3.405225997670295,0.4951439444072559,-0.6018348520151608,-1.2036697040303217,-0.26322112981373946,1.7376073405352872,3.245748088178208,0.6173490479544473,-0.5434520575608877,-1.4453851796881891,-0.30947608752138334,nan,nan,nan,nan,nan,nan,1,0
10.06999999999983,1.7000945818710886,3.400189163742178,0.49406553368703165,-0.604420071374023,-1.208840142748046,-0.25881857285382387,1.7032246452928361,3.415032005635665,0.48894865587385355,-0.5789253596804423,-1.2365986778901497,-0.06440676947143692,nan,nan,nan,nan,nan,nan,1,0
10.07999999999983,1.6975654450404205,3.395130890080842,0.4930054916495456,-0.6069928393603533,-1.2139856787207066,-0.25441008899665063,1.6692879059918042,3.5658042224003355,0.5048610544766358,-0.7107171883265195,-1.2695027838092656,-0.2460936240268268,nan,nan,nan,nan,nan,nan,1,0
10.08999999999983,1.6950256403947244,3.3900512807894496,0.49196384230317103,-0.6095531149670835,-1.219106229934167,-0.24999584312989256,1.8537068401646124,2.798428078427505,0.9553643538237271,-0.6898755887873899,-1.3049542273602233,-0.1056116812441141,nan,nan,nan,nan,nan,nan,1,0
10.09999999999983,1.692475220155163,3.3849504403103268,0.4909406089688858,-0.6121008574947598,-1.2242017149895197,-0.24557600022845308,1.432596008329142,3.431004386369494,0.6278754187452376,-0.6180997238760594,-1.1536160119055925,-0.31450368425241293,nan,nan,nan,nan,nan,nan,1,0
10.109999999999829,1.689914236711195,3.379828473422391,0.4899358142799392,-0.6146360265523237,-1.2292720531046475,-0.24115072534718443,1.2554722663403364,3.2954662151530467,0.4510805920625214,-0.6412854389772924,-1.3789579318285925,-0.23358505276998787,nan,nan,nan,nan,nan,nan,1,0
10.119999999999829,1.687342742619287,3.374685485238575,0.48894948018154916,-0.617158582057878,-1.234317164115756,-0.23672018361361863,1.8638196608403796,3.390021520572998,0.5150770840758744,-0.695669981610429,-1.362455888309223,-0.15614372699918533,nan,nan,nan,nan,nan,nan,1,0
10.129999999999828,1.6847607906016226,3.369521581203246,0.48798162793062955,-0.6196684842394372,-1.2393369684788744,-0.23228454022071118,1.8440933528798844,3.2754963745514165,0.781494638310265,-0.501994191381529,-1.1755573355329252,-0.3078831627787647,nan,nan,nan,nan,nan,nan,1,0
10.139999999999828,1.6821684335448073,3.3643368670896154,0.4870322780955479,-0.6221656936356638,-1.2443313872713275,-0.22784396041959806,1.5375527488230512,3.1928340875485794,0.6682561505783197,-0.5935584044600687,-1.1691296275521372,-0.3290473079432211,nan,nan,nan,nan,nan,nan,1,0
10.149999999999828,1.6795657244985716,3.359131448997144,0.48610145055591303,-0.624650171096588,-1.249300342193176,-0.22339860951236595,1.4453422573356867,3.531379739829533,0.5413214365717521,-0.7790242373127736,-1.149931651162398,-0.17170494526776814,nan,nan,nan,nan,nan,nan,1,0
10.159999999999828,1.6769527166744702,3.3539054333489413,0.48518916450239286,-0.6271218777843144,-1.2542437555686288,-0.21894865284483633,1.7317293552716104,3.6015001503218405,0.5355288533762078,-0.6573701478397675,-1.4635119615272303,-0.2537765650408974,nan,nan,nan,nan,nan,nan,1,0
10.169999999999828,1.6743294634445798,3.3486589268891604,0.4842954384365622,-0.629580775173712,-1.259161550347424,-0.2144942557993635,1.6262359699592384,3.0357394966941857,0.5532085466843661,-0.5920012724250575,-1.178061154297607,-0.20531282279740348,nan,nan,nan,nan,nan,nan,1,0
10.179999999999827,1.6716960183401919,3.3433920366803846,0.4834202901707803,-0.632026825053091,-1.264053650106182,-0.2100355837876469,1.6908936718908056,3.098395243579607,0.6008292192917907,-0.7056423200027485,-1.2372434008281714,-0.2086715113065696,nan,nan,nan,nan,nan,nan,1,0
10.189999999999827,1.669052435050505,3.3381048701010108,0.48256373682809883,-0.6344599895248637,-1.2689199790497274,-0.2055728022435581,1.6258451618868959,3.6112413753806054,0.4339912924530979,-0.6077708141374585,-1.4094983382931237,-0.22258682593328807,nan,nan,nan,nan,nan,nan,1,0
10.199999999999827,1.6663987674213125,3.332797534842626,0.4817257948421989,-0.6368802310061914,-1.2737604620123828,-0.2011060766159825,1.7440479893294416,3.1670272384684726,0.5283323965754786,-0.533029375909504,-1.3061987744218806,-0.03365992126447201,nan,nan,nan,nan,nan,nan,1,0
10.209999999999827,1.6637350694536892,3.3274701389073793,0.4809064799573586,-0.6392875122296162,-1.2785750244592324,-0.19663557236167636,1.6037416213974216,3.6116192023704192,0.42958600760873605,-0.7911937103645146,-1.2377394624090166,-0.3841149929013509,nan,nan,nan,nan,nan,nan,1,0
10.219999999999827,1.6610613953026738,3.3221227906053485,0.48010580722844964,-0.6416817962436787,-1.2833635924873574,-0.192161454938139,1.3903347721995463,3.3662149437701014,0.8851281209924864,-0.8277715348657947,-1.3170356159078442,-0.28985478038359735,nan,nan,nan,nan,nan,nan,1,0
10.229999999999826,1.6583777992759507,3.3167555985519024,0.47932379102096423,-0.644063046413521,-1.288126092827042,-0.18768388979650097,1.1989713111126692,3.4001167035881834,0.2820897047265959,-0.778860843152408,-1.483990023493198,-0.2270600607881836,nan,nan,nan,nan,nan,nan,1,0
10.239999999999826,1.655684335832528,3.3113686716650568,0.47856044501107076,-0.6464312264214748,-1.2928624528429495,-0.18320304237442817,1.4698521752816187,3.158267060061315,0.5992771720025685,-0.6942145859812687,-1.3612521347073245,-0.24694576271107194,nan,nan,nan,nan,nan,nan,1,0
10.249999999999826,1.6529810595814127,3.3059621191628263,0.47781578218569976,-0.6487863002676362,-1.2975726005352723,-0.17871907808904217,1.6632187674946397,2.80244107308905,0.38340231677377806,-0.6359562101175746,-1.4280923731124902,-0.16396969099495237,nan,nan,nan,nan,nan,nan,1,0
10.259999999999826,1.650268025280286,3.3005360505605728,0.47708981484265867,-0.6511282322704248,-1.3022564645408496,-0.17423216232985705,1.821663080745673,3.2104427042695782,0.5159292719175312,-0.7920632570373581,-1.3186025739147742,-0.23122392444700698,nan,nan,nan,nan,nan,nan,1,0
10.269999999999825,1.647545287834173,3.295090575668347,0.47638255459077644,-0.6534569870671298,-1.3069139741342597,-0.16974246045173338,1.987091963872037,3.2833498551416205,0.08958058393717322,-0.7194073116270758,-1.4470491959767486,-0.3182961091777894,nan,nan,nan,nan,nan,nan,1,0
10.279999999999825,1.6448129022941127,3.2896258045882263,0.4756940123500771,-0.6557725296144407,-1.3115450592288813,-0.1652501377678489,1.631668774176152,3.172703744973625,0.18156131136414388,-0.5112307292177947,-1.3690580270973376,-0.09522809479953735,nan,nan,nan,nan,nan,nan,1,0
10.289999999999825,1.6420709238558253,3.2841418477116515,0.47502419835198256,-0.6580748251889643,-1.3161496503779286,-0.16075535954268683,1.2804127966138015,3.5595268564844496,0.2582908207899085,-0.805408905439517,-1.2878768420445994,-0.14466096305850035,nan,nan,nan,nan,nan,nan,1,0
10.299999999999825,1.6393194078583764,3.2786388157167536,0.4743731221395449,-0.6603638393877284,-1.3207276787754567,-0.1562582909850421,2.1353629024482563,3.742438852436925,0.31666889805342513,-0.6425894741766853,-1.3528104481911605,-0.35813131537501564,nan,nan,nan,nan,nan,nan,1,0
10.309999999999825,1.6365584097828403,3.2731168195656815,0.47374079256770724,-0.6626395381286696,-1.3252790762573392,-0.15175909724104505,1.326788480544276,3.415044942274281,0.6704762629691954,-0.6183315003368524,-1.151388359244747,0.05730937129928862,nan,nan,nan,nan,nan,nan,1,0
10.319999999999824,1.6337879852509607,3.2675759705019223,0.4731272178035939,-0.6649018876511088,-1.3298037753022176,-0.14725794338720372,1.2683402045740737,3.2924801145838583,0.6839847476959493,-0.5081236055676379,-1.2040452418236245,-0.22658307649576212,nan,nan,nan,nan,nan,nan,1,0
10.329999999999824,1.6310081900238098,3.2620163800476205,0.47253240532682944,-0.6671508545162117,-1.3343017090324234,-0.14275499442346448,1.8647707017101212,3.41398467780701,0.61624749212385,-0.709935819035062,-1.361474234736597,-0.023119075824181212,nan,nan,nan,nan,nan,nan,1,0
10.339999999999824,1.6282190800004455,3.256438160000892,0.47195636192988655,-0.6693864056074356,-1.3387728112148711,-0.13825041526629167,1.6169860254051496,3.5062419513847543,0.33410465896306096,-0.4251148196941468,-1.3424528551636847,-0.12512707444941684,nan,nan,nan,nan,nan,nan,1,0
10.349999999999824,1.6254207112165664,3.2508414224331337,0.4713990937184625,-0.6716085081309623,-1.3432170162619246,-0.13374437074176612,1.7799383369228163,2.9870129148535214,0.6853214126438447,-0.630672408754218,-1.2086921275721294,-0.352096997244274,nan,nan,nan,nan,nan,nan,1,0
10.359999999999824,1.6226131398431658,3.2452262796863325,0.47086060611188457,-0.6738171296161175,-1.347634259232235,-0.12923702557870298,1.7882119627209438,3.314519366098923,0.6899482244763118,-0.5540702467305869,-1.234064430686284,-0.2620230390914893,nan,nan,nan,nan,nan,nan,1,0
10.369999999999823,1.6197964221851835,3.239592844370368,0.47034090384354377,-0.6760122379157759,-1.3520244758315518,-0.12472854440178932,1.8039664439267915,3.3157566648670014,0.4474571366253228,-0.6789668638947127,-1.3917697352556901,-0.12350600174902028,nan,nan,nan,nan,nan,nan,1,0
10.379999999999823,1.6169706146801555,3.233941229360312,0.46983999096135737,-0.6781938012067525,-1.356387602413505,-0.1202190917247416,1.5105936194647749,3.409782533981683,0.12559918463723402,-0.6205875105119756,-1.3351893870534537,0.03183197817441416,nan,nan,nan,nan,nan,nan,1,0
10.389999999999823,1.6141357738968631,3.228271547793727,0.4693578708282595,-0.680361787990181,-1.360723575980362,-0.11570883194348315,1.4828393064694743,3.1990918879685,0.2492795974292801,-0.46579724773353637,-1.4515484715025324,-0.11906311411025315,nan,nan,nan,nan,nan,nan,1,0
10.399999999999823,1.6112919565339803,3.2225839130679614,0.4688945461227206,-0.6825161670918773,-1.3650323341837547,-0.1111979293293423,1.5069569810360621,3.1406257419682992,0.17672779812404654,-0.7063924055917914,-1.329941922673384,-0.0948354826253879,nan,nan,nan,nan,nan,nan,1,0
10.409999999999823,1.6084392194187191,3.216878438837439,0.46845001883929444,-0.6846569076626907,-1.3693138153253814,-0.106686548022271,1.5355729453781972,3.360026247296675,0.699316867733992,-0.540405933922848,-1.2321531894433049,-0.12018318111607994,nan,nan,nan,nan,nan,nan,1,0
10.419999999999822,1.605577619505474,3.211155239010949,0.46802429028919407,-0.6867839791788404,-1.3735679583576808,-0.10217485202408456,1.786030071998792,3.1432570730028817,0.4707658216419156,-0.5350360483791324,-1.4355203228390414,-0.11798266249784048,nan,nan,nan,nan,nan,nan,1,0
10.429999999999822,1.6027072138744647,3.2054144277489303,0.46761736110089525,-0.6888973514422393,-1.3777947028844786,-0.0976630051917226,1.4160971354028569,3.144342905446427,0.6452600565733972,-0.6033936757176018,-1.1838169822241724,-0.1540856844314203,nan,nan,nan,nan,nan,nan,1,0
10.439999999999822,1.599828059730378,3.199656119460757,0.46722923122076804,-0.6909969945808039,-1.3819939891616078,-0.09315117123053143,1.4767535142833388,2.9801477155408698,0.3214807931104906,-0.6478295451549699,-1.2101590481525815,-0.012413178065096758,nan,nan,nan,nan,nan,nan,1,0
10.449999999999822,1.5969402144010083,3.1938804288020175,0.4668598999137365,-0.6930828790487508,-1.3861657580975015,-0.08863951368756831,1.6590239607270476,3.307823758260408,0.5286392529106694,-0.7323867084490627,-1.4134330333963159,-0.1776966157860859,nan,nan,nan,nan,nan,nan,1,0
10.459999999999821,1.5940437353358963,3.1880874706717934,0.46650936576396596,-0.69515497562688,-1.39030995125376,-0.08412819594492767,1.501189370365136,3.2516715243363477,0.46211286071173846,-0.7489399853762462,-1.441146710259762,0.05193152505241573,nan,nan,nan,nan,nan,nan,1,0
10.469999999999821,1.5911386801049678,3.1822773602099366,0.4661776266755781,-0.6972132554228446,-1.3944265108456892,-0.07961738121308962,1.4075806492098166,2.8555386567780987,0.39152938563142925,-0.7947725709323175,-1.3758260396162525,-0.1515101273255613,nan,nan,nan,nan,nan,nan,1,0
10.479999999999821,1.5882251063971704,3.1764502127943417,0.4658646798733936,-0.6992576898714076,-1.3985153797428151,-0.07510723252429115,2.1251384573117686,3.1303046035756776,0.3891918602626182,-0.7830661505697543,-1.2561510302654795,-0.10973645484607611,nan,nan,nan,nan,nan,nan,1,0
10.48999999999982,1.5853030720191092,3.1706061440382194,0.46557052190370224,-0.7012882507346847,-1.4025765014693694,-0.07059791272591999,1.407457926903075,3.1475326152398715,0.206795250470879,-0.633499120262927,-1.3580050125859984,-0.26826133609004177,nan,nan,nan,nan,nan,nan,1,0
10.49999999999982,1.5823726348936826,3.164745269787366,0.4652951486350609,-0.7033049101023752,-1.4066098202047503,-0.06608958447393164,1.5006867492584122,3.1662049896016446,0.2695724875014078,-0.7092456359004592,-1.3351678854783267,-0.0792080625159158,nan,nan,nan,nan,nan,nan,1,0
10.50999999999982,1.579433853058716,3.158867706117433,0.465038555259118,-0.7053076403919781,-1.4106152807839563,-0.06158241022628971,1.2356753518540127,3.0563074586549557,0.48673123253334083,-0.7040358530858924,-1.2527320189402014,-0.1166326634382461,nan,nan,nan,nan,nan,nan,1,0
10.51999999999982,1.5764867846655952,3.1529735693311913,0.46480073629146623,-0.7072964143489966,-1.4145928286979932,-0.05707655223642994,1.539183574056921,3.0966817491187997,0.16593988657866415,-0.8519858100797312,-1.3374318387297575,0.045214889095323695,nan,nan,nan,nan,nan,nan,1,0
10.52999999999982,1.5735314879778988,3.1470629759557984,0.46458168557252144,-0.7092712050471285,-1.418542410094257,-0.0525721725467479,1.2093171852628486,2.8219291515711604,0.3299447557104025,-0.7554710428318335,-1.2343317630281296,-0.10442893402935435,nan,nan,nan,nan,nan,nan,1,0
10.53999999999982,1.5705680213700302,3.141136042740061,0.46438139626842934,-0.711231985888444,-1.422463971776888,-0.04806943298211103,1.9107333378104656,3.183482446391451,0.43465416520343136,-0.7055633037224895,-1.470869311272327,-0.054455461150784104,nan,nan,nan,nan,nan,nan,1,0
10.54999999999982,1.5675964433258487,3.1351928866516983,0.46419986087199855,-0.7131787306035509,-1.4263574612071017,-0.04356849514339483,1.5302728324946795,3.1295893327606086,0.46686236952465227,-0.650817415623764,-1.3108149304828263,-0.04396231177856104,nan,nan,nan,nan,nan,nan,1,0
10.55999999999982,1.5646168124372997,3.1292336248746,0.4640370712036609,-0.7151114132517455,-1.430222826503491,-0.03906952040104383,1.2651581759720505,3.481591543026077,0.4034335672028381,-0.5527021001691739,-1.5229257648921606,0.07242384327585658,nan,nan,nan,nan,nan,nan,1,0
10.569999999999819,1.5616291874030448,3.1232583748060905,0.46389301841245817,-0.7170300082211527,-1.4340600164423054,-0.03457266988865729,1.521669691771626,3.28242670582426,0.5352974723204894,-0.6727649857386431,-1.443027582121442,-0.06681560568719658,nan,nan,nan,nan,nan,nan,1,0
10.579999999999819,1.5586336270270913,3.1172672540541835,0.46376769297705567,-0.7189344902288511,-1.4378689804577023,-0.03007810449660014,1.786935043211663,2.7562079451163655,0.22598656497238834,-0.73469630639714,-1.3464441432323329,0.04916535195005485,nan,nan,nan,nan,nan,nan,1,0
10.589999999999819,1.5556301902174205,3.111260380434842,0.4636610847067822,-0.7208248343209874,-1.4416496686419749,-0.025585984865639188,1.8092220453158339,3.0659010725134292,0.7256656978916949,-0.6699223759971615,-1.5134469929105752,-0.05928364120524847,nan,nan,nan,nan,nan,nan,1,0
10.599999999999818,1.552618935984617,3.105237871969235,0.4635731827426963,-0.7227010158728759,-1.4454020317457519,-0.021096471380604942,1.605040885155752,2.8505621987958807,0.30358964912261044,-0.7635213851361002,-1.3632609267558553,-0.1566295273536882,nan,nan,nan,nan,nan,nan,1,0
10.609999999999818,1.5495999234404958,3.0991998468809925,0.46350397555867934,-0.7245630105890875,-1.449126021178175,-0.01660972416407936,1.2284481971225594,3.3656976708837267,0.2052148485955081,-0.7524886533279251,-1.5968125273955864,0.04601622081818577,nan,nan,nan,nan,nan,nan,1,0
10.619999999999818,1.546573211796731,3.093146423593463,0.46345345096255386,-0.7264107945035239,-1.4528215890070477,-0.01212590307010962,1.7079353603915908,2.872392489183602,0.3662127553948756,-0.8973625111571915,-1.3483640095049185,0.17098070371892693,nan,nan,nan,nan,nan,nan,1,0
10.629999999999818,1.5435388603634832,3.0870777207269673,0.46342159609722905,-0.728244343979481,-1.456488687958962,-0.00764516767794823,1.5646238821829874,3.1489086722923276,0.3695984781673429,-0.8486220012392605,-1.3927304971734131,-0.06135421769045188,nan,nan,nan,nan,nan,nan,1,0
10.639999999999818,1.5404969285480261,3.080993857096053,0.46340839744187146,-0.7300636357096989,-1.4601272714193978,-0.0031676772858197783,1.178538624424733,3.4849983093495984,0.2037754627562247,-0.7701141514994968,-1.404034728875232,0.29504487703468973,nan,nan,nan,nan,nan,nan,1,0
10.649999999999817,1.5374474758533745,3.07489495170675,0.46341384081310183,-0.7318686467163993,-1.4637372934327986,0.0013064090952855899,1.6266562032825984,3.0340174733367187,0.2143602172817591,-0.7041337159480526,-1.491105319619354,-0.030029418181655634,nan,nan,nan,nan,nan,nan,1,0
10.659999999999817,1.5343905618769107,3.0687811237538223,0.46343791136621765,-0.7336593543513108,-1.4673187087026216,0.005776932747791611,1.650004198702592,3.062955271569393,0.6433115101446676,-0.7716210828523866,-1.494413508768297,-0.02403337092053002,nan,nan,nan,nan,nan,nan,1,0
10.669999999999817,1.531326246309012,3.062652492618025,0.46348059359644134,-0.7354357362956815,-1.470871472591363,0.01024373525368806,1.628176455016107,2.928939918930669,0.3090911764203713,-0.772208308230295,-1.4668026052171192,-0.015600936822770455,nan,nan,nan,nan,nan,nan,1,0
10.679999999999817,1.5282545889316776,3.056509177863356,0.4635418713401941,-0.7371977705602795,-1.474395541120559,0.014706658500655353,1.7696170139010938,2.9326237593767184,0.05837333429286823,-0.8792611333300266,-1.3618740554734647,0.06435930287486125,nan,nan,nan,nan,nan,nan,1,0
10.689999999999817,1.5251756496171551,3.050351299234311,0.46362172777639477,-0.7389454354853809,-1.4778908709707619,0.01916554468816148,1.340248546497738,3.1079242736451813,0.7932167665231803,-0.8116666777757626,-1.5209925315133288,-0.10979995278909066,nan,nan,nan,nan,nan,nan,1,0
10.699999999999816,1.5220894883265688,3.0441789766531384,0.4637201454277845,-0.7406787097407458,-1.4813574194814916,0.023620236333530924,1.462859887205491,2.854219418833259,0.4594565952849312,-0.695803754264539,-1.4294882585358097,0.020066823453173212,nan,nan,nan,nan,nan,nan,1,0
10.709999999999816,1.5189961651085455,3.037992330217092,0.46383710616227614,-0.7423975723255815,-1.484795144651163,0.02807057627798538,1.2896737758756058,3.180029677427264,0.4579017040759987,-0.6677317188324656,-1.4737152552269257,0.1505587460056928,nan,nan,nan,nan,nan,nan,1,0
10.719999999999816,1.5158957400978434,3.031791480195688,0.4639725911943289,-0.7441020025684943,-1.4882040051369887,0.03251640769265605,1.6819334099185612,3.1270192948278885,0.5481914198480583,-0.833765934105307,-1.4801757371206452,-0.08184991495041971,nan,nan,nan,nan,nan,nan,1,0
10.729999999999816,1.5127882735139793,3.0255765470279594,0.4641265810863479,-0.7457919801274289,-1.4915839602548577,0.03695757408456729,1.6781198031315903,3.0226149145726198,-0.12179377365781524,-0.6626633161303459,-1.5354136154084705,-0.07135627256225774,nan,nan,nan,nan,nan,nan,1,0
10.739999999999815,1.5096738256598559,3.0193476513197126,0.4642990557501087,-0.7474674849895949,-1.4949349699791898,0.041393919302591405,1.3029384659699441,3.0349001589580538,0.4569164836957883,-0.7503045526972146,-1.4851656213530335,-0.1166979794391394,nan,nan,nan,nan,nan,nan,1,0
10.749999999999815,1.5065524569203919,3.0131049138407846,0.4644899944482061,-0.7491284974713833,-1.4982569949427667,0.045825287543374345,1.7501637299580572,3.239312574718412,0.8108524459163977,-0.7149035032530837,-1.4247651351771853,0.04591683583940967,nan,nan,nan,nan,nan,nan,1,0
10.759999999999815,1.5034242277611491,3.006848455522299,0.4646993757955279,-0.7507749982182687,-1.5015499964365373,0.05025152335723208,1.9406694647886193,3.425882694976873,0.4286457787715944,-0.696228962367815,-1.4524001934037236,0.09223741274093822,nan,nan,nan,nan,nan,nan,1,0
10.769999999999815,1.5002891987269629,3.0005783974539266,0.464927177760753,-0.7524069682047011,-1.5048139364094022,0.05467247165401746,1.1501295879574225,3.0637748647106013,0.34876441710867884,-0.5900502064650587,-1.5788383550244223,0.08525840193872655,nan,nan,nan,nan,nan,nan,1,0
10.779999999999815,1.4971474304405712,2.9942948608811433,0.46517337766787364,-0.7540243887339856,-1.5080487774679712,0.05908797770895737,1.282777342940025,3.067398071382743,0.8249867363151618,-0.9746850641142826,-1.3949297788401174,0.10484820514673743,nan,nan,nan,nan,nan,nan,1,0
10.789999999999814,1.4939989836012455,2.987997967202492,0.4654379521977422,-0.7556272414381499,-1.5112544828762997,0.06349788716845994,1.8597041939499572,3.056073728191748,0.7442652130725332,-0.7321101537342589,-1.7351709379283196,0.03180064716214919,nan,nan,nan,nan,nan,nan,1,0
10.799999999999814,1.4908439189834213,2.9816878379668434,0.46572087738964174,-0.7572155082778002,-1.5144310165556003,0.06790204605589156,0.8803160066493244,3.192847916681357,0.6071890405398743,-0.9000903496766077,-1.4909002264927613,-0.007339235966469626,nan,nan,nan,nan,nan,nan,1,0
10.809999999999814,1.4876822974353296,2.97536459487066,0.46602212864288056,-0.7587891715419658,-1.5175783430839318,0.07230030077732356,1.5522374288609802,2.7917085085868294,0.3201074001126041,-0.7022466850052788,-1.4817621111119752,0.1694473123507142,nan,nan,nan,nan,nan,nan,1,0
10.819999999999814,1.48451417987763,2.969028359755261,0.46634168071841076,-0.7603482138479317,-1.5206964276958637,0.07669249812724836,1.6343410744211309,2.8330791712247296,0.24739365893748438,-0.6636370052613438,-1.612755670392917,0.2725941711547024,nan,nan,nan,nan,nan,nan,1,0
10.829999999999814,1.4813396273020423,2.9626792546040854,0.4666795077404702,-0.7618926181410594,-1.523785236282119,0.08107848529426477,1.3936433492626792,2.7995031236267915,0.7467923895498747,-0.5860883290500442,-1.5195834421391574,0.11934973443086673,nan,nan,nan,nan,nan,nan,1,0
10.839999999999813,1.4781587007699815,2.956317401539964,0.4670355831982482,-0.7634223676945964,-1.526844735389193,0.08545810986673245,1.744360561610705,2.904624043634042,0.7016478895323057,-1.0507159982295156,-1.5512148451193806,-0.05139703909077238,nan,nan,nan,nan,nan,nan,1,0
10.849999999999813,1.474971461411192,2.949942922822385,0.4674098799475749,-0.7649374461094746,-1.5298748922189493,0.08983121983839512,1.597777172294112,3.418466925403001,0.34927573953957414,-0.7481736400094073,-1.6674977631488141,-0.20159009699408667,nan,nan,nan,nan,nan,nan,1,0
10.859999999999813,1.4717779704223832,2.9435559408447673,0.4678023702126331,-0.7664378373140966,-1.5328756746281935,0.09419766361397236,1.265168150604279,3.1379481048499773,0.42196489542074284,-1.0280828403764621,-1.520395235157368,0.055429687052638316,nan,nan,nan,nan,nan,nan,1,0
10.869999999999813,1.468578289065866,2.937156578131733,0.46821302558769445,-0.7679235255641115,-1.5358470511282232,0.09855729001472002,1.276803852084448,3.4034079508298194,0.6698830850408863,-0.769512450599627,-1.5340167739240165,0.02270574460267602,nan,nan,nan,nan,nan,nan,1,0
10.879999999999812,1.4653724786681903,2.9307449573363815,0.46864181703887764,-0.7693944954421778,-1.5387889908843557,0.10290994828395876,1.4556561268138881,3.0575777311300634,0.5761611955697044,-0.7928063886092442,-1.4830721238323386,0.07989577244058128,nan,nan,nan,nan,nan,nan,1,0
10.889999999999812,1.462160600618783,2.924321201237567,0.46908871490593,-0.7708507318577169,-1.541701463715434,0.10725548809257066,1.7081455478665402,2.9242102938043035,0.6902918070374688,-0.6913483884674114,-1.602810232199727,0.19662182089710215,nan,nan,nan,nan,nan,nan,1,0
10.899999999999812,1.4589427163685886,2.917885432737178,0.46955368890403193,-0.7722922200466547,-1.5445844400933095,0.1115937595444638,1.3973119746835387,3.0431516053962264,0.6724963775863828,-0.7442619713301035,-1.5482794183315962,0.18039209800596379,nan,nan,nan,nan,nan,nan,1,0
10.909999999999812,1.4557188874287088,2.9114377748574185,0.4700367081256236,-0.7737189455711512,-1.5474378911423026,0.11592461318200444,1.3487660513989412,3.1745891490947313,0.37278288328413467,-0.8739184330037423,-1.6258768578320253,-0.006495262996121409,nan,nan,nan,nan,nan,nan,1,0
10.919999999999812,1.452489175369045,2.904978350738091,0.4705377410422545,-0.7751308943193205,-1.5502617886386412,0.1202478999914168,1.2831076246957285,2.763463738619594,0.688496388400766,-0.7731959816285814,-1.6900746897609615,0.4571315594534183,nan,nan,nan,nan,nan,nan,1,0
10.929999999999811,1.449253641816941,2.898507283633883,0.4710567555064551,-0.7765280525049385,-1.5530561050098772,0.12456347140815012,1.4205561988308129,2.8485425719046242,0.5473215136891001,-0.9616055877304304,-1.558870968966158,0.22601352838800431,nan,nan,nan,nan,nan,nan,1,0
10.939999999999811,1.446012348455828,2.892024696911657,0.471593718753631,-0.7779104066671406,-1.5558208133342815,0.12887117932221287,1.6304013331888245,3.1060968386137717,0.2959989032664472,-0.6601549167318777,-1.630928485714878,-0.033222359650297545,nan,nan,nan,nan,nan,nan,1,0
10.949999999999811,1.4427653570238692,2.8855307140477393,0.4721485974039788,-0.7792779436701078,-1.5585558873402159,0.13317087608347403,1.5855549859752942,3.050387916123068,0.5273675404272746,-0.7518906936411894,-1.6727045592910026,0.15053556186193637,nan,nan,nan,nan,nan,nan,1,0
10.95999999999981,1.4395127293126078,2.8790254586252164,0.47272135746442434,-0.7806306507027421,-1.5612613014054844,0.13746241450693109,1.1594660738778653,3.0854654438957394,0.6729552019307282,-0.7023736747597447,-1.5313450899643541,0.27456711148637836,nan,nan,nan,nan,nan,nan,1,0
10.96999999999981,1.4362545271656146,2.87250905433123,0.4733119643305824,-0.7819685152783314,-1.563937030556663,0.14174564787794472,1.6072672116030335,2.794945060278451,0.5674937341391588,-0.7512903835799121,-1.5766619530406278,0.1373191529324838,nan,nan,nan,nan,nan,nan,1,0
10.97999999999981,1.4329908124771389,2.8659816249542787,0.47392038278873844,-0.7832915252342036,-1.5665830504684075,0.14602042995744002,1.6578961446712375,2.7121236961982396,0.46550655834724,-0.9187310832959987,-1.6666524646514282,0.19183713843941685,nan,nan,nan,nan,nan,nan,1,0
10.98999999999981,1.4297216471907581,2.859443294381517,0.47454657701785125,-0.7845996687313698,-1.5691993374627398,0.15028661498707388,1.8326950283246974,2.821340653839789,0.2220868549739335,-0.7930383238247417,-1.5981652744684756,0.2334031159834695,nan,nan,nan,nan,nan,nan,1,0
10.99999999999981,1.4264470932980324,2.8528941865960658,0.4751905105915778,-0.7858929342541567,-1.5717858685083137,0.15454405769436869,1.252122420796555,2.8810373713028197,0.46329270995262317,-0.8003744454716317,-1.5960618646428752,0.20942772978810806,nan,nan,nan,nan,nan,nan,1,0
11.00999999999981,1.4231672128371582,2.8463344256743173,0.4758521464803187,-0.7871713106098295,-1.5743426212196592,0.15879261329781189,1.465035984225706,2.883708761810302,0.34123247982892657,-0.7691554165342932,-1.556483503669838,0.28839708216531124,nan,nan,nan,nan,nan,nan,1,0
11.01999999999981,1.419882067891624,2.839764135783249,0.47653144705328504,-0.7884347869282028,-1.5768695738564058,0.16303213751192144,1.1853764674915785,2.7555394444651444,0.07377353097148726,-0.7199042265937968,-1.496628945606152,0.32099072603060863,nan,nan,nan,nan,nan,nan,1,0
11.02999999999981,1.4165917205888687,2.8331834411777383,0.4772283740805862,-0.7896833526612423,-1.579366705322485,0.16726248655227705,1.4765042279307456,2.9741226659032636,0.311801311027295,-0.9358152509990447,-1.7298934681328202,0.15544729037667201,nan,nan,nan,nan,nan,nan,1,0
11.039999999999809,1.413296233098941,2.8265924661978827,0.47794288873533836,-0.7909169975826557,-1.5818339951653115,0.17148351714051666,1.462635229056986,2.735313687360807,0.39872280241109337,-0.8116883457926684,-1.5432016504068378,0.24692565102551595,nan,nan,nan,nan,nan,nan,1,0
11.049999999999809,1.4099956676331598,2.8199913352663204,0.47867495159579376,-0.792135711787473,-1.5842714235749462,0.1756950865092986,1.6269659837601873,2.7932088887418645,0.3902567197000075,-0.9312986290004273,-1.562461758268585,0.4151966232719133,nan,nan,nan,nan,nan,nan,1,0
11.059999999999809,1.406690086442778,2.813380172885557,0.4794245226474905,-0.7933394856916173,-1.5866789713832348,0.17989705240722878,1.3385320683288076,3.190525918764388,0.16422922054710337,-0.7651606503143381,-1.411048088948185,0.17251589756007196,nan,nan,nan,nan,nan,nan,1,0
11.069999999999808,1.4033795518176468,2.8067591036352946,0.48019156128542284,-0.7945283100314646,-1.5890566200629295,0.18408927310375317,1.546499640032929,2.759535599948698,0.611061032389091,-0.8816048894337756,-1.7107912977868838,0.36107710290183215,nan,nan,nan,nan,nan,nan,1,0
11.079999999999808,1.4000641260848827,2.8001282521697664,0.4809760263162312,-0.7957021758633942,-1.5914043517267886,0.1882716073940149,1.5143354085974672,2.754899954899599,0.6329118190103425,-0.9989189854293995,-1.7003281668105141,0.2998014629544149,nan,nan,nan,nan,nan,nan,1,0
11.089999999999808,1.3967438716075355,2.793487743215072,0.4817778759604132,-0.7968610745633284,-1.593722149126657,0.1924439146036766,1.5053080852825094,2.9183830153911816,0.2237021800167947,-0.8197240000564627,-1.5550928409365217,0.1461291450434814,nan,nan,nan,nan,nan,nan,1,0
11.099999999999808,1.3934188507832594,2.7868377015665198,0.48259706785455364,-0.7980049978262631,-1.5960099956525264,0.19660605459370692,1.38753592916484,2.925006990358924,0.6591604617167521,-0.5055268600689715,-1.5305240121416508,0.1363827277447556,nan,nan,nan,nan,nan,nan,1,0
11.109999999999808,1.3900891260429853,2.7801782520859715,0.48343355905357505,-0.7991339376657874,-1.598267875331575,0.20075788776513206,1.477901859372502,2.8177561356183722,0.21473268476446822,-0.8391336106756334,-1.744262370944371,0.13123054702880357,nan,nan,nan,nan,nan,nan,1,0
11.119999999999807,1.3867547598495953,2.7735095196991915,0.48428730603300735,-0.8002478864135943,-1.600495772827189,0.20489927506375136,1.1112145544772003,2.594100550326275,0.5910326869392397,-0.7915326360062673,-1.394532605966075,0.2262739675547705,nan,nan,nan,nan,nan,nan,1,0
11.129999999999807,1.3834158146965996,2.7668316293932,0.48515826469127743,-0.8013468367189811,-1.6026936734379624,0.2090300779848173,1.7907853678414922,2.494613271750514,0.4174681476071834,-0.7693162835866074,-1.7091470833634812,0.2594197338609444,nan,nan,nan,nan,nan,nan,1,0
11.139999999999807,1.3800723531068149,2.7601447062136306,0.48604639035201774,-0.8024307815483401,-1.6048615630966805,0.21315015857767966,1.3726281661781397,3.10788579856574,0.7712021306892163,-0.8902554594131935,-1.6346824124943196,0.17146791720759633,nan,nan,nan,nan,nan,nan,1,0
11.149999999999807,1.3767244376310455,2.753448875262092,0.4869516377663944,-0.8034997141846401,-1.6069994283692803,0.21725937945039372,1.179098208735959,2.749577379146884,0.7940610550277061,-0.9417836862034126,-1.4879975321770158,0.4022654347605241,nan,nan,nan,nan,nan,nan,1,0
11.159999999999807,1.3733721308467668,2.7467442616935345,0.48787396111545395,-0.8045536282268977,-1.6091072564537956,0.22135760377429228,1.230150244441024,2.6796463519203098,0.6956755182915537,-0.8771538109386311,-1.6170135672999126,0.23035475900178903,nan,nan,nan,nan,nan,nan,1,0
11.169999999999806,1.37001549535681,2.740030990713621,0.48881331401248945,-0.8055925175896397,-1.6111850351792796,0.2254446952885215,1.2380284474629852,2.8579395912129484,0.3335623495970149,-0.8400134372511094,-1.63373430578021,0.14407916691324218,nan,nan,nan,nan,nan,nan,1,0
11.179999999999806,1.36665459378805,2.733309187576101,0.48976964950542506,-0.8066163765023553,-1.6132327530047108,0.22952051830454048,1.3502966750962564,2.7820449684136146,0.49700346454075983,-0.79636788946882,-1.4303925019221417,0.10286962444105169,nan,nan,nan,nan,nan,nan,1,0
11.189999999999806,1.3632894887900961,2.726578977580193,0.49074292007921916,-0.8076251995089399,-1.61525039901788,0.23358493771058433,1.5944108722802994,2.095725315727729,0.3980159429079726,-0.7727496585234161,-1.7689699950669218,0.36830842435513145,nan,nan,nan,nan,nan,nan,1,0
11.199999999999806,1.3599202430339832,2.7198404860679672,0.4917330776582862,-0.8086189814671285,-1.6172379629342573,0.2376378189760907,1.249694500308838,2.77863026853765,0.6096911071387966,-0.7311560259652752,-1.7980556532305891,0.22414667456333714,nan,nan,nan,nan,nan,nan,1,0
11.209999999999805,1.3565469192108668,2.7130938384217345,0.49274007360893657,-0.8095977175479212,-1.6191954350958426,0.2416790281560897,1.3360565969356042,2.784598096881289,0.049636021239343575,-1.032746610054129,-1.7253261150800199,0.11331284345126155,nan,nan,nan,nan,nan,nan,1,0
11.219999999999805,1.3531695800307209,2.7063391600614426,0.4937638587418347,-0.8105614032349979,-1.621122806469996,0.24570843189555694,1.2427359796550508,2.6531009429731074,0.6226936653707696,-0.5693071241636131,-1.6902425346686856,0.2862805577842889,nan,nan,nan,nan,nan,nan,1,0
11.229999999999805,1.349788288221037,2.699576576442075,0.49480438331447524,-0.8115100343241253,-1.6230200686482508,0.24972589743372992,1.1876168202236381,2.5851378718870377,0.4635526398257974,-0.6433952832317859,-1.6058079421716995,-0.016304590623888726,nan,nan,nan,nan,nan,nan,1,0
11.239999999999805,1.3464031065255264,2.6928062130510537,0.4958615970336768,-0.8124436069225541,-1.6248872138451085,0.25373129260838717,1.2078139833125427,2.7559139527896392,0.5205258930491383,-0.7590321826068444,-1.8035393885476312,0.16878817818580083,nan,nan,nan,nan,nan,nan,1,0
11.249999999999805,1.3430140977028246,2.68602819540565,0.4969354490580939,-0.8133621174484079,-1.626724234896816,0.2577244858600906,1.2053944702956576,2.6162468358803794,0.4004767314613946,-0.7912885568513651,-1.747872231810384,0.16249914262305598,nan,nan,nan,nan,nan,nan,1,0
11.259999999999804,1.3396213245251993,2.6792426490503995,0.49802588800074554,-0.814265562630062,-1.6285311252601244,0.2617053462363905,1.2015967266154042,2.654631482101298,0.9188216497757211,-0.8808015875608034,-1.6920905697277957,0.3278162108608639,nan,nan,nan,nan,nan,nan,1,0
11.269999999999804,1.3362248497772597,2.6724496995545204,0.4991328619315622,-0.815153939505515,-1.6303078790110304,0.2656737433959935,1.2813090407913985,2.674964745162486,0.4992663358660053,-0.8258326567966277,-1.644487257623122,0.31041628371190066,nan,nan,nan,nan,nan,nan,1,0
11.279999999999804,1.332824736254669,2.665649472509339,0.5002563183799492,-0.8160272454217502,-1.6320544908435008,0.2696295476128927,1.23252303734506,2.538830647935349,0.27755831208315174,-0.7939951575006122,-1.6573147583989851,0.29520592072768537,nan,nan,nan,nan,nan,nan,1,0
11.289999999999804,1.3294210467628602,2.6588420935257213,0.5013962043373678,-0.8168854780340895,-1.6337709560681795,0.2735726297804615,1.4710782528954505,2.461957327541265,0.40840037833865983,-0.861607017981926,-1.7279521832846558,0.31039268321598096,nan,nan,nan,nan,nan,nan,1,0
11.299999999999804,1.3260138441157538,2.6520276882315086,0.5025524662599323,-0.8177286353055376,-1.6354572706110757,0.2775028614155083,1.2304914658231314,2.665787847895122,0.5256644222106954,-0.7356294488081766,-1.591663911990925,0.4162918192739705,nan,nan,nan,nan,nan,nan,1,0
11.309999999999803,1.3226031911344784,2.6452063822689578,0.5037250500710252,-0.8185567155061187,-1.637113431012238,0.28142011466229505,1.1148827490602045,2.241004419605699,0.7199581258380978,-0.856844144987454,-1.5879308196387627,0.23866588920231235,nan,nan,nan,nan,nan,nan,1,0
11.319999999999803,1.3191891506460942,2.6383783012921893,0.5049139011639273,-0.8193697172122039,-1.6387394344244082,0.28532426229651753,1.5054673696538607,2.631687384537748,0.48862056481053406,-0.9165150538791624,-1.5586455799989738,0.31474902049388664,nan,nan,nan,nan,nan,nan,1,0
11.329999999999803,1.3157717854823199,2.6315435709646406,0.5061189644044658,-0.8201676393058307,-1.6403352786116618,0.2892151777292478,1.20004294483779,2.498052664934705,0.3684979029607002,-0.7257486071069773,-1.6396199620104321,0.21405823730253298,nan,nan,nan,nan,nan,nan,1,0
11.339999999999803,1.3123511584782614,2.624702316956524,0.5073401841336777,-0.8209504809740142,-1.641900961948029,0.29309273501083916,1.2184731453229787,2.6297024645643643,0.6738962331446998,-0.8511611665402858,-1.528529175958278,0.33032448020307115,nan,nan,nan,nan,nan,nan,1,0
11.349999999999802,1.3089273324711446,2.61785466494229,0.5085775041704893,-0.8217182417080499,-1.6434364834161002,0.2969568088347928,1.4891267264460655,2.8805085095102894,0.8157277690326715,-0.7190500378900795,-1.5528680918415427,0.20125969663004195,nan,nan,nan,nan,nan,nan,1,0
11.359999999999802,1.3055003702990495,2.6110007405981,0.5098308678144126,-0.822470921302808,-1.6449418426056164,0.3008072745415872,1.0013226227982732,2.4415367122459966,0.45697394554881,-1.0544511820480214,-1.521539635032703,0.22878940104965542,nan,nan,nan,nan,nan,nan,1,0
11.369999999999802,1.3020703347996494,2.6041406695992997,0.5111002178482562,-0.8232085198560205,-1.6464170397120415,0.30464400812246867,1.234915131449951,2.774417204365277,0.3099663096322567,-0.860388362304146,-1.618830226550763,0.20283123320589838,nan,nan,nan,nan,nan,nan,1,0
11.379999999999802,1.2986372888089512,2.5972745776179034,0.5123854965408529,-0.8239310377675594,-1.6478620755351192,0.30846688622320456,1.1766704275747308,2.5869588078229113,0.21882899870694378,-0.8091763605909162,-1.6168814098048767,0.37624994253489796,nan,nan,nan,nan,nan,nan,1,0
11.389999999999802,1.29520129516004,2.590402590320081,0.513686645649802,-0.8246384757387073,-1.649276951477415,0.31227578614779794,1.5640848314161568,2.490870684442527,0.33614740704733537,-0.7331310061034491,-1.5753052288734624,0.39283460294858563,nan,nan,nan,nan,nan,nan,1,0
11.399999999999801,1.2917624166818258,2.5835248333636525,0.5150036064242277,-0.8253308347714206,-1.6506616695428415,0.31607058586216413,1.4390588857329656,2.4778887658756688,0.8071836721837831,-0.9921607220145325,-1.489390533601061,0.25238124315029675,nan,nan,nan,nan,nan,nan,1,0
11.409999999999801,1.288320716197794,2.576641432395589,0.5163363196075518,-0.8260081161675835,-1.6520162323351675,0.31985116399776914,1.3147065571054846,2.646544336556743,0.40279415865843765,-0.8855213404990038,-1.5213338035015438,0.15865720765524938,nan,nan,nan,nan,nan,nan,1,0
11.419999999999801,1.2848762565247598,2.5697525130495205,0.5176847254402819,-0.8266703215282565,-1.6533406430565134,0.32361739985522964,1.199493115859779,2.319589333237788,0.5738010983018742,-0.9476124766850915,-1.587394987994908,0.0683389077720955,nan,nan,nan,nan,nan,nan,1,0
11.4299999999998,1.2814291004716227,2.5628582009432463,0.5190487636628147,-0.8273174527529147,-1.65463490550583,0.32736917340787486,1.095586530175586,2.8121713143666724,0.5856042257621245,-0.7864753323684586,-1.6156066405535408,0.5940741347898093,nan,nan,nan,nan,nan,nan,1,0
11.4399999999998,1.2779793108381283,2.5559586216762575,0.5204283735182533,-0.8279495120386807,-1.6558990240773621,0.33110636530526977,1.1486843760844614,2.6472733436884868,0.52126102384021,-0.8282514332651578,-1.6175197400660217,0.4610369479091566,nan,nan,nan,nan,nan,nan,1,0
11.4499999999998,1.2745269504136303,2.5490539008272615,0.5218234937552396,-0.8285665018795489,-1.6571330037590986,0.33482885687670016,1.1452539465122862,2.6249144220302334,0.2949652110937845,-0.7120903383305014,-1.6649494193099967,0.5741146145284863,nan,nan,nan,nan,nan,nan,1,0
11.4599999999998,1.271072081975857,2.542144163951715,0.5232340626308005,-0.8291684250656023,-1.6583368501312052,0.338536530134619,1.287771439158977,2.520822054989941,0.7387932725945018,-0.9510302249829442,-1.7211816619850357,0.256074978980763,nan,nan,nan,nan,nan,nan,1,0
11.4699999999998,1.267614768289681,2.535229536579363,0.524660017913209,-0.8297552846822225,-1.6595105693644456,0.3422292677780544,1.254341327941269,2.5238069355072885,0.3875909818580551,-0.8917208190214716,-1.6415742414499406,0.3639909880239632,nan,nan,nan,nan,nan,nan,1,0
11.4799999999998,1.2641550721058923,2.5283101442117855,0.526101296884859,-0.8303270841092921,-1.660654168218585,0.3459069531959792,1.2705211228127626,2.6138715248989017,0.8062705741652515,-0.7274396666348486,-1.6543175071720069,0.34109901424444417,nan,nan,nan,nan,nan,nan,1,0
11.4899999999998,1.260693056159974,2.521386112319949,0.5275578363451533,-0.8308838270203903,-1.6617676540407813,0.3495694704706417,1.2316181798594563,2.7269225808729747,0.7310796238238588,-0.8266853433626615,-1.6482349778685215,0.4155990189014442,nan,nan,nan,nan,nan,nan,1,0
11.4999999999998,1.2572287831708824,2.5144575663417656,0.5290295726134069,-0.8314255173819808,-1.6628510347639622,0.35321670438085784,1.1454888346131507,2.605884469779379,0.5867449512738339,-0.969227219155499,-1.628181328924829,0.3598519608575354,nan,nan,nan,nan,nan,nan,1,0
11.509999999999799,1.2537623158398299,2.5075246316796607,0.5305164415317621,-0.8319521594525927,-1.663904318905186,0.35684854040526515,1.0984938517792053,2.2616297616701955,0.40253132807053293,-0.8136523563834467,-1.4945259186985387,0.38237027427502246,nan,nan,nan,nan,nan,nan,1,0
11.519999999999799,1.2502937168490715,2.500587433698144,0.5320183784681185,-0.8324637577819953,-1.6649275155639913,0.3604648647255374,1.5093839225309367,2.5925054714813633,0.7979191508583194,-0.847077288779249,-1.6613726365884387,0.5543824067742998,nan,nan,nan,nan,nan,nan,1,0
11.529999999999799,1.246823048860695,2.493646097721391,0.533535318319075,-0.832960317210365,-1.6659206344207307,0.36406556422956127,1.3013618217616625,2.5107144246565825,0.1842680770226126,-0.7159725195276784,-1.8748005880577172,0.2666635052664511,nan,nan,nan,nan,nan,nan,1,0
11.539999999999798,1.243350374515414,2.486700749030829,0.5350671955128857,-0.8334418428674458,-1.6668836857348923,0.3676505265145737,1.524694949532181,2.755538831981547,0.7846380818495257,-0.8580500450626644,-1.655896067628597,0.17992382621394207,nan,nan,nan,nan,nan,nan,1,0
