time,gt_x,gt_y,gt_z,gt_vx,gt_vy,gt_vz,meas_x,meas_y,meas_z,gnss_error_mag,wind_x,wind_y,wind_z,wind_mag,rep_force_mag,nearest_neighbor_dist,target_x,target_y,target_z,tracking_error_mag,collision_flag
0.046,-0.5,-0.5,0.0594,-0.0,-0.0001,1.3162,-0.8013,-0.261,0.3195,0.4643,0.0004,0.0002,0.0002,0.0004,0.0,6.802,-0.5,-0.5,0.0,0.0594,1
0.087,-0.5,-0.5,0.1087,-0.0,-0.0001,1.0736,-0.8012,-0.2612,0.3558,0.457,-0.0001,-0.0007,-0.0008,0.0011,0.0,6.802,-0.5,-0.5,0.0,0.1087,0
0.129,-0.5,-0.5,0.1479,0.0,-0.0002,0.8327,-0.801,-0.2612,0.3939,0.4563,0.0002,-0.0005,0.0005,0.0007,0.0,6.802,-0.9708,0.2986,0.0,0.9388,0
0.171,-0.5,-0.5,0.1771,0.0,-0.0002,0.5932,-0.8009,-0.2613,0.4149,0.4518,0.0002,0.0003,-0.0015,0.0016,0.0,6.802,-0.9711,0.2986,0.0,0.944,0
0.212,-0.5,-0.5,0.1964,0.0,-0.0002,0.3552,-0.8008,-0.2614,0.4295,0.4492,-0.0001,0.0004,0.0001,0.0004,0.0,6.802,-0.9755,0.299,0.0,0.9503,0
0.254,-0.5,-0.5,0.2057,0.0,-0.0003,0.1187,-0.5425,0.2204,0.9298,1.0223,-0.0001,0.0005,-0.0004,0.0006,0.0,7.007,-0.981,0.2994,0.0,0.9554,0
0.295,-0.5,-0.5001,0.2053,0.0001,-0.0004,-0.1163,-0.5418,0.2206,0.9304,1.0232,0.0,-0.0001,-0.0002,0.0002,0.0,7.007,-0.9938,0.2999,0.0,0.9623,0
0.337,-0.5,-0.5001,0.1951,0.0001,-0.0004,-0.3498,-0.5411,0.2207,0.9247,1.0264,-0.0001,-0.0,-0.0,0.0001,0.0,7.007,-0.2459,0.3063,0.637,0.954,0
0.379,-0.5,-0.5001,0.1756,0.0002,-0.0006,-0.5491,-0.54,0.2208,0.9075,1.0281,-0.0002,-0.0001,0.0003,0.0003,0.0,7.008,-0.1916,0.431,0.637,1.084,0
0.42,-0.4999,-0.5002,0.1507,0.0054,-0.0048,-0.6245,-0.3726,0.4111,0.9343,1.2086,0.001,0.001,-0.0009,0.0017,0.0,6.988,-0.1969,0.5917,0.637,1.2331,0
0.462,-0.4992,-0.5005,0.1236,0.0329,-0.0078,-0.6578,-0.3725,0.41,0.914,1.2123,-0.0004,0.0004,0.0004,0.0006,0.0,6.989,-0.2218,0.6549,0.637,1.2944,0
0.503,-0.4961,-0.5002,0.1008,0.1202,0.0334,-0.3557,-0.3704,0.409,0.8894,1.2101,0.0,-0.0006,0.0005,0.0008,0.0,6.991,-0.2147,0.8471,0.955,1.6199,0
0.541,-0.4896,-0.4972,0.0959,0.2117,0.1185,0.048,-0.1194,0.5036,0.7321,1.2424,-0.0003,0.0001,0.0004,0.0005,0.0,7.107,-0.2215,0.8612,0.955,1.6294,0
0.582,-0.4795,-0.4903,0.1047,0.2636,0.203,0.3231,-0.1128,0.508,0.7402,1.2389,-0.0002,0.0003,-0.0005,0.0006,0.0,7.109,-0.2185,0.8605,0.993,1.6377,0
0.624,-0.4683,-0.48,0.1213,0.2687,0.2864,0.441,-0.1052,0.5146,0.754,1.2334,-0.0,-0.0004,-0.0007,0.0008,0.0,7.11,-0.2258,0.8731,0.993,1.6277,0
0.666,-0.4579,-0.4649,0.1469,0.2242,0.4274,0.7503,0.4287,0.4032,0.6168,1.3268,-0.0001,-0.0001,-0.0004,0.0004,0.0,6.954,-0.2391,0.8861,0.993,1.609,0
0.707,-0.4503,-0.4437,0.1826,0.1366,0.5854,0.9643,0.4354,0.4172,0.6418,1.3178,0.0008,0.0003,0.0016,0.0018,0.0,6.94,-0.158,0.9057,1.12,1.6689,0
0.749,-0.4476,-0.4157,0.2267,0.004,0.7331,1.1084,0.4391,0.4357,0.6727,1.3077,0.0001,-0.0003,-0.0005,0.0006,0.0,6.924,-0.1685,0.9054,1.12,1.619,0
0.79,-0.4717,-0.41,0.2712,-0.8176,-0.0505,1.0791,0.4241,0.4472,0.7158,1.3171,0.0008,-0.0003,-0.0005,0.001,0.0,6.926,-0.1701,0.9214,1.12,1.6075,1
0.832,-0.5073,-0.4072,0.3153,-0.8811,0.1625,1.0091,0.3694,0.5603,0.8365,1.4058,-0.0004,-0.0001,0.0011,0.0012,0.0,6.886,-0.2254,0.8655,1.109,1.5262,0
0.874,-0.5452,-0.3967,0.3514,-0.9385,0.3346,0.7461,0.3424,0.567,0.8642,1.407,0.0005,0.0006,0.0001,0.0007,0.0,6.901,-0.2219,0.8818,1.109,1.5209,0
0.915,-0.5868,-0.3785,0.3758,-1.0565,0.5176,0.4493,0.3031,0.5837,0.8895,1.4077,0.0008,-0.0002,0.0007,0.0011,0.0,6.918,-0.218,0.8979,1.109,1.5175,0
0.957,-0.6347,-0.3536,0.3873,-1.2257,0.6485,0.1314,0.4958,0.6309,1.1555,1.6844,-0.0002,0.0008,-0.0011,0.0013,0.0,6.746,-0.2789,0.8721,1.152,1.4878,0
0.998,-0.6903,-0.3251,0.3858,-1.439,0.7005,-0.164,0.4544,0.653,1.1542,1.6904,-0.0002,-0.001,-0.0005,0.0012,0.0,6.761,-0.2768,0.8801,1.152,1.4869,0
1.04,-0.7571,-0.2967,0.3745,-1.7451,0.6469,-0.333,0.3886,0.6831,1.142,1.6917,-0.0005,-0.0002,0.001,0.0012,0.0,6.788,-0.3245,0.8741,1.143,1.4657,0
1.082,-0.8367,-0.2736,0.3596,-2.0323,0.4607,-0.3622,0.3297,0.7022,1.1294,1.7045,0.0003,-0.0004,-0.0016,0.0017,0.0,6.818,-0.3245,0.8741,1.143,1.481,0
1.123,-0.9259,-0.2604,0.3457,-2.2096,0.1938,-0.3011,0.264,0.7153,1.1173,1.7214,0.0003,-0.0006,-0.0003,0.0008,0.0,6.857,-0.3168,0.8978,1.143,1.5323,0
1.165,-1.0196,-0.2589,0.3353,-2.2657,-0.0942,-0.2074,0.1631,0.9516,1.0446,1.835,0.0006,-0.0011,-0.0003,0.0013,0.0,6.777,-0.4074,0.9475,1.083,1.5458,0
1.206,-1.1134,-0.269,0.3285,-2.2297,-0.358,-0.1281,0.0945,0.9457,1.0396,1.8547,0.0006,-0.0014,0.0001,0.0015,0.0,6.833,-0.4017,0.9632,1.083,1.6106,0
1.248,-1.2044,-0.2896,0.325,-2.1342,-0.6234,-0.0108,-0.0304,0.8818,0.8148,1.7293,0.0016,-0.0,-0.0005,0.0016,0.0,6.924,-0.4477,1.0937,1.113,1.7627,0
1.29,-1.2901,-0.3231,0.3308,-2.0,-0.9344,0.2339,-0.1137,0.8495,0.8187,1.7312,-0.0009,0.0013,0.0002,0.0016,0.0,6.881,-0.4383,1.1168,1.113,1.8468,0
1.331,-1.3716,-0.3673,0.3432,-1.9295,-1.1567,0.3403,-0.1727,0.8166,0.8272,1.7531,-0.0012,-0.0015,0.0008,0.0021,0.0,6.858,-0.4317,1.1321,1.113,1.9298,0
1.373,-1.4515,-0.4186,0.3569,-1.9144,-1.2623,0.2495,-0.0866,0.8139,1.6996,2.277,0.0008,-0.0001,0.0018,0.002,0.0,6.925,-0.435,1.1245,1.113,1.9965,0
1.414,-1.5313,-0.4719,0.3619,-1.9146,-1.2871,0.0123,-0.1616,0.7613,1.706,2.2811,-0.0002,0.0008,-0.0018,0.0019,0.0,6.903,-0.4328,1.2463,1.111,2.1726,0
1.46,-1.6189,-0.5308,0.356,-1.9104,-1.279,-0.245,-0.2177,0.7214,1.7033,2.3123,-0.0001,0.0011,-0.0001,0.0011,0.0,6.888,-0.4291,1.2538,1.111,2.2739,0
1.502,-1.6982,-0.5833,0.3404,-1.895,-1.2411,-0.4817,-0.2922,0.6692,1.69,2.3167,0.0011,-0.0009,-0.0011,0.0018,0.0,6.868,-0.4728,1.354,1.125,2.423,0
1.543,-1.7763,-0.6334,0.3153,-1.8455,-1.1546,-0.6727,-0.3473,0.6317,1.6727,2.3421,-0.0003,-0.0005,0.0,0.0005,0.0,6.853,-0.465,1.3687,1.125,2.5266,0
1.585,-1.8489,-0.676,0.288,-1.6046,-0.8611,-0.5755,-0.5073,0.7259,1.444,2.2586,-0.0008,-0.0002,0.0009,0.0013,0.0,6.672,-0.433,1.471,1.127,2.7053,0
1.627,-1.9069,-0.7025,0.2675,-1.2129,-0.4604,-0.4454,-0.5642,0.7011,1.422,2.2596,0.0001,0.0008,0.0007,0.001,0.0,6.648,-0.4206,1.4927,1.127,2.7869,0
1.668,-1.9481,-0.7137,0.2494,-0.8091,-0.1201,-0.4391,-0.5943,0.6944,1.4079,2.2711,0.0002,-0.0003,-0.0004,0.0005,0.0,6.632,-0.4163,1.4998,1.127,2.8314,0
1.71,-1.973,-0.7119,0.2299,-0.417,0.1777,-0.4914,-0.6138,0.6964,1.3931,2.2767,-0.0001,0.0004,-0.0004,0.0006,0.0,6.616,-0.3316,1.65,1.142,3.0174,0
1.751,-1.981,-0.6984,0.2084,-0.016,0.4299,-0.5441,-0.8271,0.6191,1.1874,2.0064,-0.0003,0.0004,-0.0,0.0005,0.0,6.521,-0.3181,1.671,1.142,3.0415,0
1.793,-1.9695,-0.6748,0.1877,0.4988,0.6512,-0.4635,-0.8194,0.6376,1.1718,2.0033,0.0003,-0.0002,0.0012,0.0012,0.0,6.514,-0.3135,1.678,1.142,3.0312,0
1.835,-1.9391,-0.6452,0.1697,0.9017,0.7488,-0.4077,-0.7991,0.6604,1.1579,1.9951,-0.0003,0.0003,-0.0009,0.001,0.0,6.511,-0.2332,1.8387,1.132,3.1632,0
1.876,-1.8941,-0.6126,0.1542,1.2134,0.8046,-0.3378,-0.6669,0.5371,1.0138,1.8886,-0.0003,-0.0003,0.0001,0.0005,0.0,6.692,-0.2187,1.859,1.132,3.142,0
1.918,-1.8363,-0.5775,0.1455,1.5199,0.8782,-0.0844,-0.5999,0.5367,0.8391,1.8032,0.0007,-0.0005,-0.0009,0.0012,0.0,6.739,-0.2137,1.8657,1.132,3.0944,0
1.959,-1.7684,-0.539,0.1467,1.7,0.9609,0.1071,-0.5496,0.5648,0.8406,1.7848,-0.0005,0.0003,0.0004,0.0007,0.0,6.754,-0.0757,2.084,1.127,3.2721,0
2.001,-1.6954,-0.4969,0.1545,1.7809,1.0571,0.2468,-0.4768,0.6058,0.8495,1.7844,-0.0005,-0.0002,0.0,0.0005,0.0,6.778,-0.0654,2.0971,1.127,3.2142,0
2.043,-1.621,-0.4503,0.1673,1.7817,1.1709,0.3543,-0.4207,0.6397,0.8603,1.7633,-0.0004,-0.0003,-0.0006,0.0008,0.0,6.794,-0.0549,2.11,1.127,3.151,0
2.084,-1.5481,-0.3985,0.1841,1.7049,1.314,0.4646,-0.4849,0.4645,0.6538,1.4476,0.0011,-0.0003,-0.0001,0.0011,0.0,6.871,-0.0496,2.1164,1.127,3.0756,0
2.126,-1.4804,-0.3397,0.2068,1.5588,1.4838,0.5893,-0.4191,0.5187,0.6756,1.4433,-0.0002,-0.0006,0.0002,0.0007,0.0,6.88,0.1037,2.2103,1.125,3.1393,0
2.167,-1.419,-0.2745,0.2321,1.4087,1.6249,0.6021,-0.3744,0.5645,0.6944,1.4172,-0.0005,-0.0012,-0.0005,0.0014,0.0,6.88,0.3105,2.2828,1.101,3.2071,0
2.205,-1.369,-0.2112,0.2541,1.2702,1.7385,0.5717,-0.4595,0.6511,0.6906,1.3271,-0.0002,0.0004,-0.0003,0.0005,0.0,6.759,0.3162,2.2888,1.101,3.1317,0
2.246,-1.3196,-0.136,0.277,1.1173,1.8583,0.5347,-0.4241,0.7048,0.7066,1.3013,-0.0001,-0.0002,-0.0004,0.0005,0.0,6.747,0.3277,2.3008,1.101,3.0546,0
2.288,-1.2762,-0.0561,0.2986,0.9759,1.9659,0.5198,0.0179,0.5834,0.6255,1.4801,0.0003,-0.0004,0.0012,0.0013,0.0,7.128,0.5244,2.3536,1.102,3.1136,0
2.33,-1.2388,0.0281,0.3212,0.8388,2.0587,0.558,0.0458,0.6442,0.6419,1.4603,-0.0007,0.0003,-0.0009,0.0011,0.0,7.067,0.5304,2.3595,1.102,3.029,0
2.371,-1.2066,0.1153,0.3445,0.7214,2.1159,0.5516,0.0701,0.707,0.6589,1.4419,0.0007,0.0009,0.0017,0.002,0.0,7.008,0.7885,2.4497,1.118,3.1667,0
2.413,-1.1784,0.2042,0.3656,0.6522,2.1423,0.4374,-0.249,1.0716,0.8501,1.3605,0.0004,0.0014,0.0003,0.0015,0.0,6.634,0.8008,2.4609,1.118,3.0945,0
2.454,-1.1523,0.2937,0.3817,0.6122,2.1551,0.3567,-0.2312,1.1367,0.8623,1.3379,-0.0002,0.0003,-0.001,0.001,0.0,6.606,0.8133,2.4719,1.118,3.0248,0
2.496,-1.1269,0.3835,0.3961,0.6104,2.1511,0.3438,-0.2141,1.202,0.8732,1.3156,-0.0001,0.0002,0.0004,0.0004,0.0,6.578,0.8259,2.4826,1.118,2.9565,0
2.538,-1.1008,0.4726,0.4104,0.6482,2.1259,0.3402,-0.1908,1.2887,0.8876,1.3121,-0.0014,0.0001,-0.0001,0.0014,0.0,6.543,1.1273,2.5364,1.127,3.1204,0
2.579,-1.0721,0.5601,0.4246,0.7246,2.0747,0.3394,-0.1718,1.3526,0.8985,1.2896,-0.0001,0.0005,-0.0013,0.0014,0.0,6.518,1.4728,2.5846,1.112,3.3238,0
2.621,-1.0405,0.6456,0.4348,0.7816,2.0324,0.1358,0.267,1.8405,1.4236,2.0285,-0.0002,-0.0017,-0.0002,0.0017,0.0,6.154,1.486,2.5947,1.112,3.262,0
2.662,-1.0066,0.7291,0.4347,0.8422,1.9805,-0.1122,0.3004,1.923,1.4241,2.0279,0.0006,0.0005,-0.0003,0.0008,0.0,6.08,1.4993,2.6047,1.112,3.2025,0
2.704,-0.9692,0.8094,0.426,0.957,1.8688,-0.2725,0.0304,2.2247,1.451,2.0131,-0.0001,0.001,-0.0014,0.0017,0.0,6.147,1.5129,2.6144,1.112,3.1447,0
2.746,-0.9247,0.8825,0.4137,1.1612,1.6488,-0.3109,0.0622,2.2788,1.4418,1.9952,-0.0011,-0.0004,0.0009,0.0015,0.0,6.092,1.7805,2.6348,1.113,3.2982,0
2.787,-0.8718,0.9453,0.3995,1.3559,1.3904,-0.3691,0.1131,2.341,1.4277,1.9937,-0.0004,-0.0006,-0.0007,0.001,0.0,6.017,2.1164,2.6686,1.127,3.5253,0
2.829,-0.811,0.9965,0.3833,1.5352,1.0953,-0.4059,0.1573,2.3788,1.4156,1.9784,0.0001,0.0017,0.0001,0.0017,0.0,5.96,2.1164,2.6686,1.127,3.4523,0
2.87,-0.7439,1.0356,0.3655,1.6629,0.8169,-0.4438,0.2057,2.4087,1.4024,1.9653,0.0004,0.0013,0.0016,0.0021,0.0,5.903,2.1304,2.6775,1.127,3.3967,0
2.912,-0.6725,1.0638,0.3465,1.7533,0.5654,-0.4584,0.2232,2.4206,1.3808,1.9269,-0.0003,-0.0003,-0.0017,0.0017,0.0,5.882,2.1518,2.6904,1.127,3.3513,0
2.954,-0.5979,1.0824,0.3277,1.8141,0.3541,-0.4442,0.2781,2.4327,1.366,1.9155,0.0004,-0.0001,0.0007,0.0009,0.0,5.828,2.159,2.6946,1.127,3.2922,0
2.995,-0.5213,1.093,0.3105,1.8604,0.1782,-0.3674,0.3749,2.293,1.1557,1.7197,0.0002,0.0005,-0.0009,0.0011,0.0,5.816,2.4668,2.7158,1.125,3.4964,0
3.037,-0.4429,1.0972,0.2984,1.8985,0.0496,-0.2309,0.4498,2.2925,1.1433,1.7145,-0.0007,0.0005,0.0006,0.0011,0.0,5.753,2.4741,2.7197,1.125,3.4386,0
3.078,-0.3631,1.0978,0.291,1.927,-0.0045,-0.144,0.5072,2.289,1.1377,1.7009,0.0,-0.0001,0.0005,0.0005,0.0,5.706,2.8833,2.7932,1.097,3.75,0
3.12,-0.2822,1.0975,0.2861,1.9473,-0.0034,-0.1376,0.9744,2.1267,1.4399,1.9925,-0.0,-0.001,0.0005,0.0011,0.0,5.411,2.8982,2.8005,1.097,3.6977,0
3.162,-0.2009,1.098,0.2768,1.9575,0.0313,-0.2742,1.053,2.1241,1.4318,1.9898,-0.0,-0.0003,0.0008,0.0008,0.0,5.35,3.2388,2.821,1.1,3.9342,0
3.203,-0.119,1.1015,0.2649,1.9696,0.134,-0.2893,1.1123,2.1241,1.4232,1.9757,0.0005,-0.0008,-0.0026,0.0027,0.0,5.302,3.2464,2.8244,1.1,3.872,0
3.245,-0.0368,1.1103,0.2526,1.9745,0.2791,-0.3023,1.1718,2.1273,1.4145,1.9609,0.0026,0.0014,0.0003,0.0029,0.0,5.253,3.2617,2.831,1.1,3.8157,0
3.286,0.0455,1.1256,0.2397,1.9749,0.4466,-0.3097,1.2512,2.1382,1.4023,1.9572,-0.0001,0.0003,-0.0007,0.0008,0.0,5.184,3.7221,2.8773,1.118,4.1662,0
3.328,0.1277,1.1483,0.2269,1.9707,0.6251,-0.3003,1.1678,1.955,1.2451,1.6642,0.0009,0.0017,-0.001,0.0021,0.0,5.363,3.7376,2.8833,1.118,4.1032,0
3.37,0.2097,1.1786,0.2158,1.9646,0.8039,-0.2435,1.2261,1.9756,1.238,1.6471,0.0008,-0.0009,0.0005,0.0013,0.0,5.305,3.7454,2.8863,1.118,4.0288,0
3.411,0.2914,1.2154,0.2064,1.9579,0.944,-0.2148,1.3034,2.0098,1.2302,1.6442,0.0011,0.0008,0.0006,0.0015,0.0,5.224,4.1229,2.8997,1.119,4.2837,0
3.453,0.3728,1.2573,0.1979,1.9538,1.0496,-0.1937,1.3612,2.0394,1.225,1.6258,0.0001,0.0001,0.0009,0.0009,0.0,5.16,4.1387,2.905,1.119,4.2125,0
3.494,0.4542,1.3028,0.1903,1.9551,1.1214,-0.1756,1.4189,2.0714,1.2204,1.607,0.0008,0.0002,-0.0001,0.0008,0.0,5.095,4.1545,2.91,1.119,4.1398,0
3.536,0.5358,1.3506,0.1833,1.9623,1.1605,-0.1593,1.2624,2.3487,1.0956,1.535,0.0012,-0.0012,0.0005,0.0018,0.0,5.048,4.6735,2.899,1.104,4.5128,0
3.578,0.618,1.3993,0.1792,1.9816,1.1688,-0.0588,1.3198,2.384,1.0917,1.5149,0.0007,-0.0004,-0.0016,0.0018,0.0,4.981,4.6815,2.9012,1.104,4.4298,0
3.619,0.7012,1.4474,0.1781,2.0079,1.1382,-0.008,1.3778,2.4192,1.09,1.4946,-0.0007,0.0015,-0.0,0.0016,0.0,4.913,4.6896,2.9034,1.104,4.3456,0
3.661,0.7855,1.4935,0.1782,2.0371,1.0786,0.0114,1.4564,2.4642,1.0894,1.4908,-0.0007,0.0004,-0.0003,0.0008,0.0,4.823,5.2308,2.8744,1.088,4.7429,0
3.702,0.8711,1.5366,0.1789,2.0685,0.9938,0.0176,1.5162,2.4956,1.0895,1.4714,0.0003,0.0002,-0.0004,0.0005,0.0,4.756,5.6531,2.8808,1.089,5.0501,0
3.744,0.958,1.5757,0.1796,2.0998,0.8934,0.0181,1.5768,2.5246,1.0895,1.453,0.0005,0.0008,0.0001,0.001,0.0,4.69,5.6613,2.8825,1.089,4.9654,0
3.786,1.0461,1.6106,0.1797,2.1251,0.7907,-0.0137,1.874,2.7536,1.1646,1.721,0.0013,0.0,0.0004,0.0013,0.0,4.315,5.6858,2.8871,1.089,4.8973,0
3.827,1.1351,1.641,0.1786,2.1421,0.6791,-0.0364,1.94,2.7752,1.1635,1.7043,-0.0016,-0.002,0.0004,0.0026,0.0,4.25,5.694,2.8885,1.089,4.8134,0
3.869,1.2245,1.6667,0.1769,2.1499,0.5664,-0.0429,2.0064,2.7939,1.162,1.6889,-0.0007,0.0001,-0.0014,0.0015,0.0,4.185,6.2705,2.8691,1.101,5.2689,0
3.91,1.3141,1.6879,0.175,2.1495,0.4632,-0.0475,2.0951,2.8142,1.1597,1.6876,0.0001,-0.0008,0.0004,0.0009,0.0,4.103,6.2869,2.8714,1.101,5.1949,0
3.952,1.4036,1.7051,0.173,2.1437,0.3724,-0.0404,2.2818,2.6882,0.9802,1.5457,0.0009,-0.0005,-0.0009,0.0014,0.0,4.038,6.7285,2.8754,1.103,5.5307,0
3.994,1.4928,1.7187,0.1728,2.1396,0.2929,0.0184,2.3456,2.6973,0.979,1.5281,-0.0001,-0.0003,0.0019,0.0019,0.0,3.984,6.745,2.8772,1.103,5.4583,0
4.035,1.5819,1.7296,0.1743,2.1394,0.2424,0.0489,2.4306,2.7066,0.9793,1.5241,0.0005,-0.0011,0.001,0.0016,0.0,3.915,7.4209,2.8833,1.122,6.0268,0
4.077,1.6711,1.7391,0.1757,2.1418,0.2189,0.0071,2.5401,2.6105,1.2707,1.6473,0.0001,-0.0005,0.0015,0.0016,0.0,3.901,7.4292,2.8839,1.122,5.9466,0
4.118,1.7605,1.7481,0.1752,2.1489,0.2174,-0.0224,2.6043,2.6156,1.2692,1.6314,0.0001,-0.0005,0.0011,0.0012,0.0,3.851,7.4375,2.8844,1.122,5.8665,0
4.16,1.8503,1.7575,0.1738,2.1588,0.2311,-0.0611,2.6005,2.7335,1.446,1.7703,-0.0005,0.0007,0.0009,0.0013,0.0,3.772,7.4624,2.8855,1.122,5.8024,0
4.202,1.9405,1.7676,0.1698,2.1719,0.2567,-0.1185,2.6653,2.7381,1.443,1.7573,-0.0004,-0.0014,0.0018,0.0023,0.0,3.722,7.937,2.8899,1.122,6.1745,0
4.243,2.0314,1.7792,0.1643,2.1891,0.2931,-0.1367,2.7305,2.7434,1.439,1.7445,-0.0001,-0.0003,-0.0014,0.0014,0.0,3.672,7.9537,2.89,1.122,6.1012,0
4.285,2.1229,1.7922,0.1574,2.2044,0.3306,-0.1874,2.831,2.6025,1.5697,1.7756,-0.0011,-0.0001,-0.0019,0.0022,0.0,3.704,8.5376,2.9016,1.13,6.5822,0
4.326,2.2151,1.8069,0.1489,2.22,0.3725,-0.2143,2.8977,2.6115,1.5642,1.7653,0.0003,-0.0003,-0.0004,0.0006,0.0,3.652,8.546,2.9014,1.13,6.4992,0
4.368,2.308,1.8234,0.1399,2.2345,0.4129,-0.2269,3.0913,2.5834,1.7641,1.9568,0.0005,-0.0007,0.0002,0.0009,0.0,3.548,9.1686,2.9067,1.113,7.0134,0
4.41,2.4014,1.8415,0.1309,2.2488,0.4504,-0.2023,3.0628,2.5646,1.5803,1.7496,0.0004,-0.0007,-0.0001,0.0008,0.0,3.581,9.1769,2.9062,1.113,6.9286,0
4.451,2.4955,1.861,0.1229,2.264,0.4789,-0.1861,3.1291,2.5781,1.5737,1.738,-0.0007,0.0004,0.0003,0.0009,0.0,3.528,9.1935,2.9051,1.113,6.8508,0
4.493,2.5902,1.8814,0.1153,2.2799,0.4978,-0.179,3.1957,2.5923,1.5674,1.7265,-0.0003,0.0009,0.0006,0.0011,0.0,3.476,9.2183,2.9029,1.113,6.7802,0
4.534,2.6855,1.9024,0.1081,2.2967,0.5081,-0.1691,3.2852,2.6118,1.5593,1.723,-0.0004,0.0003,-0.0017,0.0018,0.0,3.406,9.8291,2.929,1.095,7.2842,0
4.576,2.7816,1.9236,0.1011,2.3125,0.5107,-0.173,2.9204,2.5992,1.6655,1.7097,-0.0002,-0.0007,0.0001,0.0007,0.0,3.647,9.8374,2.9279,1.095,7.1959,0
4.618,2.8783,1.9448,0.0936,2.3264,0.5058,-0.1841,2.9887,2.616,1.6595,1.7072,0.0012,0.0006,0.0004,0.0014,0.0,3.589,9.8539,2.9256,1.095,7.115,0
4.659,2.9755,1.9656,0.0861,2.3365,0.4912,-0.1697,3.0804,2.6381,1.6512,1.7067,0.0007,-0.0003,-0.0003,0.0008,0.0,3.513,10.5675,2.8815,1.091,7.7128,1
4.701,3.0728,1.9859,0.0794,2.3306,0.4834,-0.151,3.1698,2.5746,1.5937,1.6276,-0.0001,-0.0002,-0.0007,0.0008,0.0,3.506,10.5757,2.88,1.091,7.6234,1
4.742,3.1674,2.0055,0.0796,2.2506,0.4681,-0.0021,3.2374,2.5894,1.5924,1.6231,0.0002,0.0002,0.0014,0.0014,0.0,3.453,10.5838,2.8784,1.091,7.5358,1
4.784,3.2601,2.0248,0.0797,2.205,0.4588,-0.0038,3.3255,2.6085,1.5914,1.6218,0.0006,-0.0007,0.0001,0.0009,0.0,3.385,11.1473,2.8713,1.089,7.9965,1
4.826,3.3509,2.0437,0.0797,2.1605,0.4497,-0.0045,3.3901,2.6225,1.5906,1.6184,0.0006,-0.0015,0.0001,0.0016,0.0,3.335,11.1635,2.8676,1.089,7.9205,1
4.867,3.4398,2.0622,0.0797,2.1172,0.4407,-0.0032,3.4536,2.6363,1.5897,1.6155,0.0005,-0.0001,-0.0001,0.0006,0.0,3.287,11.9877,2.8565,1.094,8.6444,1
4.909,3.5267,2.0803,0.0796,2.059,0.4291,-0.0113,3.5738,2.6803,1.8677,1.8866,-0.0002,0.0001,0.0004,0.0005,0.0,3.184,12.5727,2.8491,1.091,9.1348,1
4.95,3.611,2.0979,0.0796,1.9983,0.417,-0.0097,3.6349,2.6936,1.8682,1.8854,0.0001,-0.0003,-0.0003,0.0004,0.0,3.139,12.5807,2.8468,1.091,9.0576,1
4.992,3.6928,2.115,0.0796,1.9386,0.4052,-0.0006,4.2183,2.939,1.7055,1.8971,0.0003,0.0,-0.0014,0.0014,0.0,2.641,12.5887,2.8444,1.091,8.9829,1
5.034,3.7726,2.1317,0.0797,1.8954,0.3964,-0.0039,4.2947,2.9538,1.7036,1.8936,0.0009,-0.0005,0.0001,0.001,0.0,2.596,12.6125,2.8369,1.091,8.9255,1
5.079,3.8582,2.1496,0.0797,1.8457,0.3863,0.0055,4.3506,2.9646,1.7022,1.8813,-0.0002,-0.001,-0.0003,0.0011,0.0,2.564,12.6283,2.8316,1.091,8.8545,1
5.121,3.9342,2.1655,0.0798,1.8062,0.3783,0.0047,4.4234,2.9787,1.7001,1.8778,0.0003,0.0009,-0.0021,0.0023,0.0,2.524,13.4388,2.8271,1.113,9.5834,1
5.163,4.0086,2.1811,0.0798,1.7681,0.3705,0.0044,4.4768,2.9889,1.6985,1.8687,0.0008,-0.0007,0.0004,0.0011,0.0,2.496,13.4543,2.8211,1.113,9.5235,1
5.204,4.0815,2.1964,0.0798,1.7295,0.3626,0.0043,4.7374,2.9618,1.5225,1.76,-0.0007,-0.0006,0.0003,0.001,0.0,2.445,14.177,2.822,1.097,10.1659,1
5.246,4.1526,2.2113,0.0798,1.6874,0.354,0.0047,4.8053,2.9766,1.5235,1.7596,-0.0005,-0.0002,-0.0009,0.0011,0.0,2.415,14.2,2.8124,1.097,10.1167,1
5.287,4.222,2.2258,0.0797,1.6448,0.3453,0.005,4.8549,2.9875,1.5243,1.7514,0.0002,-0.0009,-0.0015,0.0018,0.0,2.394,14.2152,2.8056,1.097,10.0616,1
5.329,4.2896,2.24,0.0797,1.6042,0.3369,0.0049,4.9034,2.9981,1.525,1.7436,0.0002,-0.0,0.0006,0.0006,0.0,2.374,15.1008,2.8212,1.127,10.8773,1
5.371,4.3556,2.2539,0.0798,1.5659,0.3291,0.0046,4.9664,3.0119,1.526,1.7433,0.0005,-0.0003,0.0013,0.0014,0.0,2.35,15.1083,2.8176,1.127,10.8183,1
5.412,4.4201,2.2674,0.0798,1.5305,0.3219,0.0046,4.8627,3.6063,1.1962,1.7986,-0.0001,-0.0006,0.0011,0.0013,0.0,1.79,15.7652,2.8069,1.128,11.4062,1
5.454,4.4835,2.2808,0.0807,1.5147,0.3184,0.0334,4.9071,3.6155,1.1945,1.7893,0.0005,-0.0006,0.0008,0.0011,0.0,1.77,15.7725,2.803,1.128,11.3496,1
5.495,4.5463,2.2939,0.0825,1.5043,0.3131,0.0485,4.9659,3.6275,1.1932,1.7855,0.0004,-0.001,-0.0013,0.0017,0.0,1.745,15.7799,2.7991,1.128,11.2934,1
5.537,4.6089,2.3068,0.0847,1.5035,0.3065,0.0589,5.0098,3.6363,1.1926,1.7764,0.0,0.0008,0.0024,0.0025,0.0,1.728,16.7245,2.8201,1.111,12.1698,1
5.579,4.6718,2.3194,0.0874,1.5163,0.2994,0.0707,5.0539,3.645,1.1923,1.7674,0.0009,0.0008,0.0003,0.0012,0.0,1.711,16.7533,2.8034,1.111,12.1344,1
5.62,4.7356,2.3318,0.0904,1.5426,0.2922,0.055,5.2608,3.6376,1.4761,1.9751,0.0003,-0.0004,-0.0002,0.0006,0.0,1.697,17.4214,2.7917,1.108,12.7349,1
5.662,4.8006,2.3438,0.0917,1.5788,0.2863,0.0147,5.3078,3.6462,1.477,1.9679,0.0002,0.0012,0.0008,0.0015,0.0,1.687,17.4285,2.7873,1.108,12.6764,1
5.703,4.8674,2.3556,0.0918,1.6235,0.2805,-0.0071,5.356,3.6546,1.4771,1.961,0.0,-0.0003,-0.001,0.001,0.0,1.679,17.4424,2.7782,1.108,12.6231,1
5.745,4.9361,2.3671,0.0911,1.6676,0.2747,-0.0233,5.5483,3.6241,1.7005,2.1319,0.0006,-0.0015,-0.0001,0.0016,0.0,1.723,18.4001,2.7592,1.094,13.507,1
5.787,5.0065,2.3785,0.0899,1.708,0.2691,-0.0309,5.599,3.6308,1.6984,2.1229,-0.0006,-0.0008,-0.0,0.001,0.0,1.723,18.4137,2.7496,1.094,13.4498,1
5.828,5.0785,2.3896,0.0885,1.7409,0.264,-0.0399,5.939,3.2052,1.8774,2.1461,0.0006,-0.001,0.0001,0.0012,0.0,2.213,18.4204,2.7447,1.094,13.3844,1
5.87,5.1514,2.4005,0.0851,1.7557,0.2601,-0.115,6.2343,3.1578,2.155,2.4557,0.0,0.0003,-0.0016,0.0017,0.0,2.355,19.1213,2.7276,1.095,14.0102,1
5.911,5.2244,2.4112,0.08,1.7148,0.2509,0.0005,6.2871,3.1648,2.1508,2.4466,0.0015,0.0019,0.0001,0.0024,0.0,2.369,19.1279,2.7225,1.095,13.9439,1
5.953,5.295,2.4215,0.0798,1.6684,0.2442,0.0038,6.3385,3.1716,2.1499,2.4366,-0.0006,-0.0004,0.0007,0.001,0.0,2.384,20.0023,2.6728,1.114,14.7458,1
5.995,5.3634,2.4315,0.0797,1.618,0.2368,0.0055,6.4048,3.1803,2.1497,2.4352,-0.0005,-0.0,0.002,0.0021,0.0,2.405,20.0086,2.6675,1.114,14.6836,1
6.036,5.4297,2.4413,0.0797,1.5717,0.2302,0.0056,6.6881,3.3693,1.9342,2.4257,-0.0007,0.0001,0.0008,0.0011,0.0,2.386,20.0213,2.6566,1.114,14.6297,1
6.078,5.4944,2.4507,0.0798,1.5341,0.2251,0.0048,6.7363,3.3756,1.9331,2.4151,0.0011,-0.0002,-0.0029,0.0031,0.0,2.409,20.8787,2.7046,1.124,15.4218,1
6.119,5.5575,2.46,0.0798,1.4982,0.2203,0.0043,6.7992,3.3837,1.9318,2.4135,0.0003,0.0002,0.0008,0.0008,0.0,2.439,20.8971,2.6877,1.124,15.3767,1
6.161,5.6191,2.4691,0.0798,1.461,0.2152,0.0041,6.7493,3.487,1.6159,2.1617,-0.0001,0.0004,-0.0009,0.001,0.0,2.327,21.794,2.6581,1.133,16.2103,1
6.203,5.6793,2.478,0.0798,1.4304,0.2113,0.0035,6.7926,3.4923,1.6158,2.1511,0.0003,0.0008,-0.0008,0.0012,0.0,2.349,20.9031,2.6819,1.124,15.2609,1
6.244,5.7383,2.4867,0.0798,1.4011,0.2076,0.0031,6.849,3.4992,1.6156,2.1488,-0.0001,0.0007,0.0002,0.0007,0.0,2.379,21.8116,2.6404,1.133,16.1086,1
6.286,5.796,2.4953,0.0798,1.372,0.2039,0.003,6.8903,3.5043,1.6155,2.1386,0.0007,0.0016,0.0018,0.0025,0.0,2.402,22.8998,2.6773,1.101,17.1352,1
6.327,5.8526,2.5037,0.0798,1.3435,0.2002,0.0029,6.9308,3.5092,1.6153,2.1287,0.0006,0.0003,-0.0015,0.0017,0.0,2.425,22.9054,2.6712,1.101,17.0842,1
6.369,5.908,2.512,0.08,1.3236,0.1982,0.0064,6.8207,3.5746,1.1328,1.7523,-0.0001,-0.0003,0.0007,0.0008,0.0,2.303,22.922,2.6525,1.101,17.0451,1
6.411,5.9629,2.5202,0.0803,1.3104,0.1971,0.0096,6.8606,3.5809,1.1325,1.743,0.0004,-0.0017,0.0013,0.0021,0.0,2.325,22.9274,2.6461,1.101,16.9956,1
6.452,6.0172,2.5284,0.0808,1.2995,0.1958,0.0127,6.9002,3.5872,1.1323,1.7339,-0.0005,0.0003,-0.0025,0.0025,0.0,2.346,23.851,2.6174,1.109,17.8637,1
6.494,6.0712,2.5365,0.0814,1.2913,0.1942,0.0147,6.9527,3.5955,1.1322,1.7329,0.0002,-0.0005,-0.0009,0.001,0.0,2.375,23.8666,2.5979,1.109,17.8252,1
6.535,6.1248,2.5445,0.082,1.2864,0.1925,0.0159,6.9918,3.6016,1.1323,1.724,-0.0006,0.0002,-0.0001,0.0007,0.0,2.398,23.8717,2.5913,1.109,17.7766,1
6.577,6.1784,2.5525,0.0824,1.2841,0.1905,-0.0033,7.1746,3.6028,1.4333,1.98,-0.0005,0.0006,-0.0009,0.0012,0.0,2.527,24.8177,2.575,1.136,18.6691,1
6.619,6.2319,2.5604,0.0823,1.2831,0.1885,-0.0019,7.2269,3.6087,1.432,1.9776,-0.0004,-0.0004,-0.0001,0.0006,0.0,2.561,24.8323,2.5548,1.136,18.6303,1
6.66,6.2853,2.5682,0.0822,1.2816,0.1865,-0.003,7.2661,3.6132,1.4312,1.9682,-0.0007,-0.0003,-0.0008,0.0011,0.0,2.587,25.7688,2.5631,1.119,19.511,1
6.702,6.3386,2.5759,0.082,1.2794,0.1846,-0.0041,7.3052,3.6175,1.4304,1.9589,-0.0001,-0.0009,-0.0005,0.001,0.0,2.614,25.7734,2.5562,1.119,19.4624,1
6.743,6.3919,2.5836,0.0818,1.2764,0.1828,-0.0051,7.3572,3.6232,1.4292,1.9566,0.0011,0.0003,-0.0001,0.0011,0.0,2.65,25.7825,2.5422,1.119,19.4184,1
6.785,6.445,2.5912,0.0817,1.2725,0.1811,0.0019,7.6822,3.4848,1.0868,1.8274,0.0001,-0.0006,0.0018,0.0019,0.0,2.989,26.9127,2.4901,1.152,20.496,1
6.827,6.4979,2.5987,0.082,1.2688,0.1797,0.012,7.7191,3.4895,1.0869,1.8151,0.0013,-0.0004,-0.0004,0.0014,0.0,3.015,26.917,2.4829,1.152,20.4474,1
6.868,6.5507,2.6061,0.0827,1.2669,0.1786,0.0173,7.7683,3.4957,1.0874,1.812,-0.0001,0.0004,0.0005,0.0006,0.0,3.051,27.7395,2.4553,1.144,21.2159,1
6.91,6.6035,2.6136,0.0835,1.2688,0.1774,0.0228,7.8052,3.5003,1.0879,1.7997,-0.0007,0.0003,0.0001,0.0008,0.0,3.077,27.7476,2.4408,1.144,21.1713,1
6.951,6.6566,2.6209,0.0846,1.276,0.1754,0.0297,7.8422,3.5047,1.0885,1.7874,0.0002,-0.0001,-0.0001,0.0002,0.0,3.105,27.7515,2.4334,1.144,21.1224,1
6.993,6.71,2.6282,0.0861,1.2911,0.1722,0.0488,8.0268,3.1657,1.0798,1.735,0.0007,0.0005,0.0003,0.0009,0.0,3.457,27.7592,2.4187,1.144,21.0767,1
7.035,6.7643,2.6352,0.0883,1.315,0.1686,0.0561,8.0671,3.1709,1.0808,1.7231,-0.0003,0.0008,0.001,0.0013,0.0,3.486,28.9206,2.4068,1.122,22.1815,1
7.076,6.8199,2.6422,0.0908,1.3513,0.1649,0.0638,8.1081,3.1759,1.0821,1.7108,0.0007,0.0001,0.0016,0.0017,0.0,3.515,28.9242,2.3993,1.122,22.1297,1
7.118,6.8773,2.649,0.0937,1.4023,0.1603,0.0721,8.1647,3.1824,1.0841,1.7096,-0.0007,0.0001,0.0005,0.0008,0.0,3.556,28.9347,2.3766,1.122,22.083,1
7.159,6.9373,2.6555,0.0969,1.4708,0.1541,0.0795,8.2089,3.1871,1.0858,1.6964,0.0008,0.0002,-0.0009,0.0012,0.0,3.588,29.7806,2.3417,1.124,22.8686,1
7.201,7.0006,2.6617,0.1006,1.565,0.1452,0.1032,7.7197,3.4462,0.8628,1.309,-0.0,0.0001,-0.0007,0.0007,0.0,3.042,30.9938,2.269,1.121,24.0181,1
7.243,7.0685,2.6675,0.1054,1.6862,0.1344,0.1207,7.7826,3.4526,0.8655,1.3054,-0.001,-0.0,-0.001,0.0014,0.0,3.088,31.0029,2.2458,1.121,23.9597,1
7.284,7.142,2.673,0.1103,1.8302,0.1277,0.1118,7.8611,3.4724,0.8146,1.2855,-0.0006,0.001,-0.0005,0.0012,0.0,3.139,31.0059,2.238,1.121,23.8892,0
7.326,7.2217,2.6783,0.1145,1.9831,0.1279,0.0917,7.9168,3.4753,0.8166,1.2694,0.0002,-0.0002,-0.0008,0.0008,0.0,3.182,31.0087,2.2302,1.121,23.8125,0
7.367,7.3078,2.6837,0.1177,2.1334,0.1339,0.0672,7.9975,3.4791,0.8185,1.2646,0.0001,0.0001,0.0008,0.0008,0.0,3.246,31.8845,2.1787,1.124,24.6024,0
7.409,7.3999,2.6895,0.1198,2.2659,0.1448,0.0262,8.0298,3.6263,0.9692,1.4127,-0.0002,0.0005,0.0001,0.0006,0.0,3.191,31.887,2.1708,1.124,24.5132,0
7.451,7.4969,2.6959,0.1198,2.3783,0.1571,-0.0171,8.0997,3.6306,0.9701,1.4,-0.0005,-0.0002,0.0001,0.0005,0.0,3.248,33.0059,2.1509,1.154,25.5357,0
7.492,7.5983,2.7027,0.1186,2.4747,0.1708,-0.0349,8.1976,3.6367,0.9699,1.3986,0.0,-0.0012,0.0005,0.0014,0.0,3.329,33.0105,2.1349,1.154,25.4396,0
7.534,7.7032,2.7101,0.1171,2.5487,0.1842,-0.0388,8.2738,3.6418,0.9693,1.3856,0.001,0.0002,-0.0001,0.001,0.0,3.392,33.0148,2.1188,1.154,25.3397,0
7.575,7.8106,2.7181,0.1155,2.5984,0.1961,-0.0362,8.3518,3.6473,0.9687,1.3727,-0.0004,-0.0005,-0.0009,0.0011,0.0,3.425,34.2418,2.0437,1.134,26.4594,0
7.617,7.9195,2.7265,0.1139,2.6239,0.2044,-0.0428,8.795,3.9593,1.1873,1.8543,0.0002,0.0007,-0.0012,0.0014,0.0,2.886,34.2456,2.0275,1.134,26.3551,0
7.659,8.0291,2.7351,0.112,2.6292,0.2059,-0.0464,8.8751,3.9663,1.1867,1.8403,0.0007,0.0004,-0.0006,0.001,0.0,2.813,34.2491,2.0112,1.134,26.25,0
7.7,8.1384,2.7436,0.1101,2.6178,0.2021,-0.0442,8.9552,3.9732,1.186,1.8267,-0.001,-0.0009,-0.001,0.0017,0.0,2.74,35.1544,1.9649,1.135,27.0466,0
7.742,8.247,2.7518,0.1079,2.5944,0.1942,-0.0576,9.1682,4.3779,1.3834,2.2627,-0.0002,-0.0004,-0.0002,0.0005,0.0,2.367,35.1574,1.9485,1.135,26.942,0
7.783,8.3544,2.7596,0.1054,2.5647,0.182,-0.0606,9.2455,4.3841,1.3824,2.2503,0.0004,-0.0008,-0.0024,0.0026,0.0,2.293,36.4551,1.8811,1.118,28.1326,0
7.825,8.4605,2.7669,0.1028,2.5322,0.1672,-0.0616,9.3219,4.39,1.3813,2.2385,-0.0003,-0.0004,-0.0016,0.0017,0.0,2.222,36.4575,1.8646,1.118,28.0299,0
7.867,8.5653,2.7735,0.1003,2.4995,0.151,-0.0616,9.4225,4.3973,1.3798,2.238,0.0008,-0.0016,0.0005,0.0019,0.0,2.128,37.3916,1.8079,1.117,28.8604,0
7.908,8.6687,2.7794,0.0977,2.469,0.1349,-0.0619,9.755,4.4073,1.4384,2.3722,0.0002,0.0005,0.0021,0.0022,0.0,1.83,37.3925,1.7996,1.117,28.7586,0
7.95,8.7709,2.7847,0.095,2.4416,0.1209,-0.0672,9.8291,4.411,1.4373,2.3593,-0.0007,-0.0008,-0.0002,0.0011,0.0,1.764,37.3941,1.783,1.117,28.6589,0
7.991,8.8721,2.7895,0.0921,2.418,0.1097,-0.0719,9.9269,4.4154,1.4357,2.3583,0.0008,0.0002,0.0012,0.0014,0.0,1.68,38.812,1.7292,1.11,29.9759,0
8.033,8.9724,2.7938,0.0898,2.3987,0.1008,-0.0335,10.0093,4.1381,1.2202,2.0396,0.0005,-0.0018,0.0011,0.0022,0.0,1.784,38.8127,1.7176,1.11,29.8771,0
8.075,9.0721,2.7979,0.0891,2.3874,0.0959,-0.0055,10.0799,4.141,1.2184,2.0236,-0.0003,-0.0013,-0.002,0.0024,0.0,1.73,38.8128,1.7143,1.11,29.778,0
8.116,9.1714,2.8019,0.0892,2.3835,0.0946,0.0067,10.2241,3.6733,1.0379,1.6636,-0.0003,0.0007,0.0007,0.001,0.0,1.997,39.9991,1.6602,1.108,30.8656,0
8.158,9.2708,2.8058,0.0896,2.3865,0.0977,0.014,10.2938,3.6747,1.0375,1.6432,-0.0006,-0.0011,-0.0025,0.0028,0.0,1.957,39.9992,1.6591,1.108,30.7666,0
8.199,9.3704,2.8101,0.0903,2.395,0.1071,0.0186,10.3638,3.6763,1.0372,1.6228,0.0005,0.0003,-0.0,0.0006,0.0,1.92,39.9992,1.6578,1.108,30.6674,0
8.241,9.4705,2.8149,0.0911,2.4071,0.1206,0.0185,10.445,3.6799,1.1498,1.6789,-0.0004,-0.0003,0.001,0.0011,0.0,1.877,39.9992,1.6572,1.108,30.5676,0
8.283,9.5711,2.8202,0.0919,2.4204,0.136,0.0175,10.5165,3.6827,1.1493,1.6601,-0.0004,-0.0011,-0.0001,0.0012,0.0,1.842,41.3783,1.6359,1.083,31.8447,0
8.324,9.6722,2.8263,0.0926,2.4333,0.1521,0.0179,10.5883,3.6861,1.1487,1.6413,0.0005,0.001,0.0016,0.002,0.0,1.808,42.3613,1.5976,1.086,32.7273,0
8.366,9.7739,2.833,0.0934,2.445,0.1675,0.0183,10.6847,3.6912,1.1479,1.6365,0.0002,-0.0008,-0.0011,0.0014,0.0,1.766,42.3614,1.597,1.086,32.626,0
8.407,9.876,2.8403,0.0941,2.4548,0.1811,0.0178,10.7573,3.6956,1.1474,1.6179,0.0002,0.0001,-0.0012,0.0012,0.0,1.736,43.5974,1.5744,1.075,33.7594,0
8.449,9.9784,2.8481,0.0944,2.4612,0.1916,-0.002,10.7199,3.8179,1.2959,1.7128,0.0005,0.0012,-0.0014,0.0019,0.0,1.635,43.5974,1.5742,1.075,33.6574,0
8.491,10.0811,2.8562,0.0941,2.4637,0.1981,-0.0128,10.8189,3.8255,1.2951,1.7107,0.0009,-0.0008,0.0014,0.0018,0.0,1.593,43.5974,1.5738,1.075,33.5552,0
8.532,10.1837,2.8646,0.0936,2.4631,0.2008,-0.0007,10.9352,3.8315,0.9762,1.5095,-0.0003,-0.0006,-0.002,0.0021,0.0,1.554,43.5974,1.5737,1.075,33.4531,0
8.574,10.2862,2.8729,0.0941,2.4588,0.1973,0.0201,11.0098,3.8388,0.9752,1.4943,0.0002,0.0006,-0.0005,0.0008,0.0,1.529,44.8125,1.4868,1.094,34.5685,0
8.615,10.3885,2.8809,0.0952,2.4516,0.1889,0.0298,11.109,3.8483,0.9745,1.4927,0.0001,0.0006,0.0005,0.0008,0.0,1.502,44.8125,1.4856,1.094,34.4667,0
8.657,10.4905,2.8885,0.0963,2.442,0.1775,0.0194,11.8631,4.249,0.6998,2.0246,0.0005,0.0013,-0.0004,0.0014,0.0,1.093,46.2645,1.4424,1.125,35.8181,0
8.699,10.5919,2.8956,0.0969,2.4293,0.1618,0.0121,11.9382,4.2555,0.7006,2.0065,0.0018,-0.0001,-0.0017,0.0024,0.0,1.08,46.2646,1.4415,1.125,35.717,0
8.74,10.6928,2.9019,0.0974,2.4148,0.1439,0.0099,12.0378,4.2637,0.7013,2.007,-0.0004,-0.0004,-0.0015,0.0016,0.0,1.07,46.2646,1.4412,1.125,35.6165,0
8.782,10.7931,2.9075,0.0977,2.3998,0.1254,0.008,12.1119,4.2693,0.7019,1.9897,-0.0003,-0.0003,0.002,0.0021,0.0,1.07,47.2946,1.4053,1.128,36.5469,0
8.823,10.8928,2.9123,0.0981,2.3854,0.1072,0.0161,12.282,4.1392,0.7496,1.9646,-0.0002,-0.0016,0.0006,0.0017,0.0,1.227,47.2946,1.4053,1.128,36.4476,0
8.865,10.9919,2.9164,0.0996,2.3748,0.0909,0.047,12.3782,4.1449,0.7486,1.9628,-0.0008,0.0007,0.0003,0.0011,0.0,1.247,48.7886,1.3059,1.103,37.8443,0
8.907,11.0907,2.9199,0.1018,2.3677,0.0784,0.0581,12.4501,4.1487,0.7485,1.9433,-0.0002,0.0005,-0.0015,0.0016,0.0,1.267,48.7887,1.3052,1.103,37.7458,0
8.948,11.1892,2.9229,0.1043,2.364,0.0696,0.0586,12.4634,3.8978,0.6865,1.7068,-0.0002,0.0008,-0.0004,0.0009,0.0,1.509,48.7887,1.3044,1.103,37.6475,0
8.99,11.2878,2.9258,0.1067,2.3674,0.0696,0.0584,12.5567,3.8995,0.6872,1.7015,0.0001,-0.0002,-0.0009,0.0009,0.0,1.538,49.8487,1.2696,1.099,38.6092,0
9.031,11.3866,2.9288,0.1091,2.3759,0.0761,0.0552,12.3178,3.625,0.7,1.3042,0.0006,-0.0002,-0.0021,0.0022,0.0,1.738,49.8487,1.2693,1.099,38.5106,0
9.073,11.4858,2.9323,0.1113,2.3881,0.0918,0.0515,12.3882,3.6245,0.7006,1.2809,0.0006,0.0009,-0.0026,0.0028,0.0,1.752,49.8487,1.2689,1.099,38.4116,0
9.115,11.5857,2.9366,0.1134,2.4025,0.1152,0.0496,12.4827,3.6247,0.7013,1.2743,-0.0001,0.001,-0.0007,0.0013,0.0,1.776,51.4007,1.2197,1.118,39.8647,0
9.156,11.6861,2.942,0.1153,2.4167,0.1416,0.035,12.364,3.5225,0.8764,1.1729,0.0008,-0.0003,-0.0023,0.0025,0.0,1.847,51.4008,1.2191,1.118,39.7646,0
9.198,11.7871,2.9485,0.1163,2.4292,0.1664,0.0156,12.4363,3.5259,0.8772,1.1549,0.0005,0.0005,-0.0012,0.0014,0.0,1.859,51.4008,1.219,1.118,39.6641,0
9.239,11.8886,2.956,0.1167,2.4404,0.1887,0.007,12.5333,3.5314,0.8776,1.1514,0.0001,0.0013,-0.0001,0.0013,0.0,1.879,52.4868,1.1901,1.117,40.6489,0
9.281,11.9905,2.9643,0.1169,2.4495,0.2072,0.0053,12.6063,3.5363,0.8777,1.1337,0.0002,0.0001,0.0007,0.0007,0.0,1.897,52.4868,1.1899,1.117,40.5475,0
9.323,12.0927,2.9732,0.1172,2.4562,0.2213,0.0073,12.6795,3.5416,0.8776,1.1161,-0.0003,0.0001,-0.0008,0.0009,0.0,1.916,52.4868,1.1898,1.117,40.4458,0
9.36,12.1849,2.9817,0.1174,2.4597,0.2302,0.0032,12.7515,3.7412,1.0224,1.3103,0.0004,0.0001,-0.0008,0.0009,0.0,1.761,54.0348,1.1714,1.133,41.9013,0
9.402,12.2875,2.9915,0.1171,2.4625,0.234,-0.0129,12.8487,3.7503,1.023,1.3082,-0.0005,0.0002,0.0015,0.0015,0.0,1.796,54.0348,1.1708,1.133,41.7994,0
9.443,12.3901,3.0012,0.1165,2.4647,0.2322,-0.0187,12.9217,3.7572,1.023,1.2946,-0.001,0.002,-0.0009,0.0024,0.0,1.826,54.0348,1.1707,1.133,41.6973,0
9.485,12.4928,3.0107,0.1156,2.4661,0.2257,-0.0206,12.9948,3.764,1.0229,1.2816,-0.0,-0.0001,0.0002,0.0002,0.0,1.858,54.0348,1.1707,1.133,41.5951,0
9.526,12.5956,3.0199,0.1147,2.4668,0.2161,-0.0211,13.0923,3.7727,1.0226,1.2797,0.0007,-0.0001,-0.0005,0.0009,0.0,1.905,55.4598,1.1479,1.135,42.9172,0
9.568,12.6984,3.0287,0.1139,2.4667,0.2048,-0.0247,13.147,3.8874,1.408,1.6166,-0.0003,-0.0001,0.0018,0.0018,0.0,1.846,56.9928,1.0765,1.199,44.3507,0
9.61,12.8011,3.0369,0.1121,2.4637,0.193,-0.0541,13.2216,3.8934,1.4084,1.6096,-0.0007,0.0013,-0.0007,0.0016,0.0,1.888,56.9928,1.076,1.199,44.2485,0
9.651,12.9037,3.0447,0.1095,2.4579,0.1798,-0.0668,13.321,3.9011,1.408,1.6105,0.0004,-0.0,0.0015,0.0015,0.0,1.948,58.1259,1.0602,1.207,45.279,0
9.693,13.0059,3.0519,0.1066,2.4501,0.1668,-0.0717,13.3954,3.9065,1.4075,1.6045,-0.0003,-0.0009,-0.0004,0.0011,0.0,1.996,58.1259,1.0602,1.207,45.1773,0
9.734,13.1078,3.0586,0.1035,2.4408,0.1549,-0.0746,13.4696,3.9115,1.4069,1.5991,-0.0003,-0.0005,-0.0013,0.0014,0.0,2.045,58.1259,1.0597,1.207,45.0759,0
9.776,13.2092,3.0648,0.1004,2.4309,0.1446,-0.0764,13.5955,3.6556,1.3889,1.4692,0.0003,0.0004,-0.0003,0.0006,0.0,2.315,58.1259,1.0597,1.207,44.975,0
9.818,13.3103,3.0706,0.0977,2.4211,0.135,-0.0476,14.0748,3.5126,1.0462,1.296,-0.001,0.0014,0.0001,0.0017,0.0,2.76,59.5689,1.0551,1.217,46.316,0
9.859,13.411,3.0761,0.0963,2.4119,0.1307,-0.0285,14.1481,3.516,1.0454,1.2798,-0.0004,-0.0013,0.0023,0.0027,0.0,2.814,59.5689,1.0548,1.217,46.2157,0
9.901,13.5113,3.0815,0.0952,2.4041,0.1312,-0.0214,14.2456,3.5201,1.0449,1.2781,-0.0011,-0.0015,0.0001,0.0019,0.0,2.886,59.5689,1.0547,1.217,46.1158,0
9.942,13.6113,3.0871,0.0944,2.3976,0.1355,-0.0176,14.3185,3.5232,1.0446,1.2622,-0.0005,-0.0012,0.0005,0.0014,0.0,2.941,61.2039,1.0617,1.203,47.6486,0
9.984,13.7111,3.0929,0.0938,2.3928,0.1425,-0.0147,14.6444,3.5093,0.9939,1.3619,0.0006,0.0011,-0.0002,0.0012,0.0,3.212,61.2039,1.0616,1.203,47.5491,0
10.026,13.8107,3.099,0.0932,2.3893,0.1522,-0.0128,14.7414,3.5134,0.9937,1.3597,-0.0001,0.0006,0.0025,0.0026,0.0,3.291,62.3919,1.0503,1.137,48.6356,0
10.067,13.9102,3.1056,0.0927,2.3871,0.1636,-0.0126,14.8141,3.5167,0.9936,1.3407,0.0002,0.0004,0.0006,0.0007,0.0,3.349,62.3919,1.0499,1.137,48.5365,0
10.109,14.0096,3.1127,0.0924,2.3861,0.1759,0.0042,15.266,3.9435,0.7706,1.6518,0.0002,-0.0001,-0.0002,0.0003,0.0,3.067,62.3919,1.0498,1.137,48.4375,0
10.15,14.109,3.1203,0.093,2.3838,0.1844,0.0222,15.3639,3.9507,0.7699,1.6501,-0.0001,0.0004,-0.0007,0.0008,0.0,2.977,64.1669,1.0457,0.876,50.107,0
10.192,14.2083,3.128,0.094,2.3808,0.1886,0.0222,15.4374,3.9564,0.7697,1.6289,0.0005,-0.0,0.0,0.0005,0.0,2.909,64.1669,1.0456,0.876,50.0081,0
10.234,14.3074,3.1359,0.0949,2.3774,0.1894,0.023,15.5107,3.9622,0.7694,1.6079,-0.0001,-0.0004,-0.0005,0.0007,0.0,2.842,64.1669,1.0456,0.876,49.9094,0
10.275,14.4064,3.1438,0.0957,2.3739,0.1871,0.0154,15.6083,3.9699,0.769,1.6064,-0.0001,0.0011,0.0002,0.0011,0.0,2.753,65.4299,1.0466,0.525,51.0684,0
10.317,14.5052,3.1515,0.0963,2.3709,0.1824,0.0202,15.3276,3.6195,0.5079,1.0319,-0.0003,0.0003,0.0001,0.0005,0.0,3.175,65.4299,1.0466,0.525,50.97,0
10.358,14.604,3.1589,0.0976,2.3733,0.1761,0.0369,15.398,3.6255,0.5069,1.0077,-0.0003,-0.0,0.001,0.001,0.0,3.112,65.4299,1.0466,0.525,50.8715,0
10.4,14.703,3.1661,0.099,2.3797,0.1697,0.0277,15.492,3.633,0.5059,1.003,0.0005,-0.0,0.0019,0.0019,0.0,3.03,67.2859,1.0211,-0.101,52.627,0
10.442,14.8024,3.1731,0.1,2.3899,0.1633,0.0235,15.5628,3.6385,0.5048,0.9791,0.0001,0.0008,-0.0001,0.0008,0.0,2.969,67.2859,1.0208,-0.101,52.528,0
10.483,14.9023,3.1797,0.1008,2.4014,0.1575,0.0109,15.6339,3.6437,0.5036,0.9554,0.0001,-0.0008,-0.0015,0.0017,0.0,2.907,68.5889,1.0337,-0.755,53.7363,0
10.525,15.0026,3.1862,0.1007,2.4134,0.1529,-0.0185,15.6339,3.7471,0.9517,1.1989,0.0012,0.0008,0.0,0.0014,0.0,2.849,68.5889,1.0337,-0.755,53.6364,0
10.566,15.1035,3.1925,0.0994,2.4271,0.1491,-0.0413,15.7052,3.7519,0.9496,1.1824,0.0001,0.0003,0.001,0.0011,0.0,2.787,70.4909,1.0373,-1.742,55.4599,0
10.608,15.2049,3.1986,0.0968,2.4405,0.1463,-0.0723,15.7768,3.7567,0.9468,1.1666,-0.0013,-0.001,0.0022,0.0027,0.0,2.725,70.4909,1.0371,-1.742,55.3588,0
10.65,15.3069,3.2046,0.0933,2.4547,0.144,-0.0929,15.9167,3.6878,0.925,1.1389,0.0003,0.0008,0.0008,0.0011,0.0,2.655,70.4909,1.0368,-1.742,55.2571,0
10.691,15.4095,3.2106,0.0892,2.4691,0.1416,-0.1034,15.9885,3.693,0.9212,1.1226,0.0014,-0.0006,-0.001,0.0018,0.0,2.595,71.7919,1.075,-2.708,56.4921,0
10.733,15.5126,3.2165,0.0844,2.4776,0.1397,-0.1184,16.0607,3.6982,0.9171,1.1072,-0.0003,-0.0006,0.0004,0.0008,0.0,2.537,71.7919,1.0752,-2.708,56.3892,1
10.774,15.6156,3.2222,0.0798,2.4354,0.1371,0.0042,16.157,3.7051,0.9118,1.1039,0.0001,0.0011,0.0012,0.0016,0.0,2.459,71.7919,1.0754,-2.708,56.2864,1
10.816,15.716,3.2279,0.0797,2.384,0.135,0.0052,16.6842,3.6274,0.9681,1.3733,0.0001,0.0001,-0.0002,0.0002,0.0,2.154,73.6179,1.1455,-4.076,58.0882,1
10.858,15.8141,3.2335,0.0797,2.3253,0.1322,0.0065,16.7541,3.6317,0.9675,1.353,0.0003,0.0003,-0.0009,0.001,0.0,2.109,73.6179,1.1455,-4.076,57.9906,1
10.899,15.9097,3.2389,0.0796,2.2672,0.1295,0.007,16.845,3.6375,0.9669,1.3494,-0.0002,-0.0004,0.0006,0.0008,0.0,2.052,73.6179,1.1456,-4.076,57.8955,1
10.941,16.0028,3.2443,0.0796,2.2039,0.1263,0.008,16.7772,4.0695,0.5291,1.2177,-0.0002,-0.001,-0.0025,0.0027,0.0,1.759,74.8639,1.2211,-5.35,59.1456,1
10.982,16.0933,3.2495,0.0796,2.1429,0.1233,0.008,16.8416,4.0746,0.5282,1.2008,-0.0001,0.0002,0.0022,0.0022,0.0,1.711,74.8639,1.2213,-5.35,59.0557,1
11.024,16.1813,3.2545,0.0796,2.0824,0.1202,0.0081,16.9249,4.0813,0.5271,1.1986,-0.0012,-0.0,0.0003,0.0012,0.0,1.65,74.8639,1.2214,-5.35,58.9683,1
11.066,16.2667,3.2595,0.0796,2.0152,0.1167,0.009,16.9855,4.0862,0.5263,1.1831,-0.0009,0.0014,0.0006,0.0017,0.0,1.608,76.6629,1.3473,-7.14,60.8562,1
11.107,16.3492,3.2643,0.0795,1.9464,0.1129,0.0097,17.0442,4.091,0.5255,1.1685,0.0003,0.0002,0.0005,0.0005,0.0,1.567,76.6629,1.3474,-7.14,60.7745,1
11.149,16.4288,3.2689,0.0795,1.8768,0.1091,0.0102,16.9636,3.8798,0.3862,0.8679,-0.0006,0.0003,-0.0009,0.0011,0.0,1.785,77.8179,1.463,-8.696,62.0394,1
11.19,16.5055,3.2733,0.0795,1.8066,0.1052,0.0105,17.0192,3.8817,0.3863,0.8533,-0.0002,-0.0016,0.0016,0.0023,0.0,1.752,77.8179,1.4632,-8.696,61.9636,1
11.232,16.5793,3.2776,0.0795,1.7367,0.1013,0.0106,17.073,3.8834,0.3863,0.8396,-0.0003,0.0006,0.0011,0.0013,0.0,1.721,77.8179,1.4634,-8.696,61.8907,1
11.274,16.6502,3.2818,0.0795,1.6673,0.0973,0.0106,16.9029,4.0521,0.4888,0.9082,0.0008,-0.0008,-0.0025,0.0028,0.0,1.687,79.4559,1.6171,-10.812,63.7648,1
11.315,16.7182,3.2858,0.0795,1.5983,0.0934,0.0107,16.9521,4.0558,0.4887,0.9028,-0.0009,-0.0012,-0.0001,0.0015,0.0,1.652,79.4558,1.6179,-10.812,63.6979,1
11.357,16.7833,3.2896,0.0795,1.5296,0.0895,0.0107,16.9994,4.0594,0.4886,0.8981,0.0005,0.0004,0.0016,0.0017,0.0,1.62,79.4558,1.6182,-10.812,63.6338,1
11.398,16.8456,3.2932,0.0795,1.4614,0.0855,0.0107,17.0595,4.064,0.4884,0.8984,-0.0002,0.0001,-0.0013,0.0013,0.0,1.58,80.8158,1.8224,-12.953,65.3008,1
11.44,16.905,3.2967,0.0795,1.3935,0.0816,0.0107,17.2579,4.1809,0.58,1.0756,-0.0002,-0.0006,0.0001,0.0007,0.0,1.371,80.8158,1.823,-12.953,65.2427,1
11.482,16.9616,3.3,0.0795,1.326,0.0776,0.0107,17.2991,4.1837,0.5788,1.0696,0.0006,-0.0001,-0.0001,0.0006,0.0,1.346,81.8864,2.1596,-15.116,66.6891,1
11.523,17.0155,3.3032,0.0795,1.2589,0.0737,0.0107,17.3511,4.1872,0.5771,1.0685,-0.0002,0.0005,-0.0016,0.0017,0.0,1.317,81.7848,2.2026,-15.116,66.537,1
11.565,17.0665,3.3062,0.0795,1.1921,0.0697,0.0107,17.4899,4.45,0.5182,1.2962,0.0012,0.0002,-0.0002,0.0012,0.0,1.02,82.9087,2.4612,-17.766,68.223,1
11.606,17.1148,3.309,0.0795,1.1257,0.0658,0.0107,17.5258,4.4523,0.5179,1.2916,-0.0001,-0.0006,0.0001,0.0006,0.0,1.001,82.9087,2.4629,-17.766,68.1763,1
11.648,17.1603,3.3116,0.0795,1.0597,0.0618,0.0107,17.7135,4.1076,0.1852,0.9751,0.0003,-0.0004,-0.0009,0.001,0.0,1.259,82.9087,2.4634,-17.766,68.1325,1
11.69,17.203,3.3141,0.0795,0.9941,0.0579,0.0107,17.744,4.1097,0.1854,0.9679,0.0009,-0.0003,0.0005,0.0011,0.0,1.25,83.2256,2.8092,-19.674,68.9162,1
11.731,17.2431,3.3165,0.0795,0.9288,0.054,0.0107,17.7727,4.1117,0.1855,0.9613,-0.0007,0.0013,-0.0015,0.0021,0.0,1.243,83.2256,2.8109,-19.674,68.8778,1
11.773,17.2804,3.3186,0.0795,0.8639,0.0501,0.0107,17.8083,4.1142,0.1857,0.9607,-0.0,-0.0,-0.0006,0.0006,0.0,1.234,83.2255,2.812,-19.674,68.842,1
11.814,17.315,3.3206,0.0795,0.7994,0.0462,0.0107,17.8329,4.116,0.1859,0.955,0.0001,0.0005,0.0001,0.0005,0.0,1.229,83.5264,3.1919,-21.941,69.7773,1
11.856,17.347,3.3225,0.0795,0.7352,0.0423,0.0107,17.9957,4.0346,0.6699,1.1298,-0.0003,0.0,-0.0004,0.0005,0.0,1.299,83.5264,3.1927,-21.941,69.7469,1
11.898,17.3762,3.3242,0.0795,0.6714,0.0384,0.0107,18.0228,4.037,0.6715,1.1299,0.0,-0.0005,0.001,0.0011,0.0,1.297,83.5264,3.1937,-21.941,69.7191,1
11.939,17.4029,3.3257,0.0795,0.6079,0.0346,0.0107,18.0411,4.0387,0.6726,1.1259,-0.0004,0.0003,0.001,0.0011,0.0,1.295,83.5893,3.489,-24.049,70.4475,1
11.981,17.4269,3.327,0.0795,0.5448,0.0308,0.0107,18.4849,3.8171,0.6175,1.2842,-0.0004,0.0001,0.0006,0.0007,0.0,1.527,83.5893,3.4903,-24.049,70.425,1
12.022,17.4482,3.3282,0.0797,0.4835,0.0274,0.0055,18.5056,3.8181,0.6175,1.2835,-0.0001,-0.0003,-0.0009,0.0009,0.0,1.524,83.5892,3.491,-24.049,70.405,1
12.064,17.4669,3.3293,0.0799,0.4226,0.0241,0.0024,18.5191,3.8187,0.6174,1.2789,0.0004,-0.0002,-0.0003,0.0005,0.0,1.522,83.4782,3.6998,-26.047,70.9946,1
12.106,17.4831,3.3302,0.0799,0.3619,0.0207,0.001,18.5309,3.8193,0.6172,1.275,-0.0003,-0.0001,0.0003,0.0004,0.0,1.52,83.4781,3.7007,-26.047,70.9795,1
12.147,17.4968,3.331,0.08,0.3015,0.0173,0.0004,18.5441,3.8201,0.6169,1.2745,0.0001,-0.0,-0.0004,0.0004,0.0,1.518,83.4781,3.7012,-26.047,70.9668,1
12.189,17.508,3.3317,0.08,0.2413,0.0139,0.0002,18.7957,4.0534,0.7708,1.6298,0.0004,0.0002,-0.0004,0.0006,0.0,1.286,83.2911,3.7019,-27.873,71.4767,1
12.23,17.5167,3.3322,0.08,0.1815,0.0105,0.0001,18.8012,4.0557,0.7725,1.6288,-0.0,-0.0002,0.0001,0.0002,0.0,1.285,83.2911,3.7021,-27.873,71.4687,1
12.272,17.5229,3.3325,0.08,0.122,0.0071,0.0,19.0458,4.246,0.6736,1.8725,-0.0004,0.0002,-0.0002,0.0005,0.0,1.152,83.0851,3.5134,-29.911,72.0964,1
12.314,17.5266,3.3327,0.08,0.0629,0.0036,0.0,19.047,4.2483,0.6749,1.8718,-0.0008,-0.0003,0.0,0.0008,0.0,1.15,83.0851,3.513,-29.911,72.0931,1
12.355,17.5279,3.3328,0.08,0.004,0.0002,0.0001,19.0465,4.2505,0.676,1.8718,-0.0002,0.0004,0.0004,0.0006,0.0,1.147,83.0851,3.5129,-29.911,72.0919,1
12.397,17.5279,3.3328,0.08,-0.0,0.0001,0.0,18.8697,4.5479,0.4249,1.8428,-0.0,-0.0004,-0.0002,0.0005,0.0,0.811,82.8883,3.0377,-31.273,72.4919,1
12.438,17.5279,3.3328,0.08,-0.0,0.0001,0.0,18.8683,4.5493,0.4251,1.8427,-0.0003,-0.0001,0.0006,0.0007,0.0,0.81,82.8883,3.0366,-31.273,72.492,1
12.48,17.5279,3.3328,0.08,-0.0,0.0001,0.0,18.8669,4.5506,0.4252,1.8426,-0.0003,0.0004,-0.0004,0.0006,0.0,0.808,82.8075,2.34,-33.376,73.3602,1
12.522,17.5279,3.3328,0.08,-0.0,0.0001,0.0,18.8649,4.5525,0.4255,1.8424,-0.0002,-0.0001,-0.0002,0.0003,0.0,0.806,82.8076,2.3378,-33.376,73.3603,1
12.563,17.5279,3.3328,0.08,-0.0,0.0001,0.0,18.8633,4.5539,0.4258,1.8423,0.0003,0.0005,0.0002,0.0006,0.0,0.804,82.8076,2.3367,-33.376,73.3603,1
12.605,17.5279,3.3328,0.08,-0.0,0.0001,0.0,18.9653,4.4878,0.3288,1.8607,-0.0004,-0.0002,0.0007,0.0008,0.0,0.897,82.7597,1.5906,-34.884,74.0318,1
12.646,17.5279,3.3328,0.08,-0.0,0.0001,0.0,18.9658,4.4886,0.3294,1.8616,-0.0001,0.0003,0.0001,0.0003,0.0,0.896,82.7598,1.5853,-34.884,74.032,1
12.688,17.5279,3.3328,0.08,-0.0,0.0001,0.0,18.9662,4.4891,0.3298,1.8623,-0.0002,-0.0001,0.0009,0.0009,0.0,0.896,82.7598,1.5848,-34.884,74.032,1
12.73,17.5279,3.3329,0.08,-0.0,0.0001,0.0,18.9667,4.4896,0.3301,1.8631,0.0,0.0,-0.0001,0.0001,0.0,0.895,82.7598,1.5842,-34.884,74.032,1
12.771,17.5279,3.3329,0.08,-0.0,0.0001,0.0,18.9675,4.4905,0.3306,1.8642,-0.0002,0.0004,0.0002,0.0004,0.0,0.895,82.7429,0.7328,-37.195,75.1611,1
12.813,17.5279,3.3329,0.08,-0.0,0.0001,0.0,18.7628,4.3311,0.4361,1.6274,-0.0001,0.0,0.0005,0.0006,0.0,1.007,82.787,-0.3267,-39.64,76.4841,1
12.854,17.5279,3.3329,0.08,-0.0,0.0001,0.0,18.7626,4.3312,0.4379,1.6276,0.0001,-0.0003,-0.001,0.0011,0.0,1.007,82.787,-0.3294,-39.64,76.4843,1
12.896,17.5279,3.3329,0.08,-0.0,0.0001,-0.0,18.8855,4.3529,0.4628,1.7407,-0.0003,0.0001,0.0003,0.0005,0.0,1.005,82.787,-0.3335,-39.64,76.4845,1
12.938,17.5279,3.3329,0.08,-0.0,0.0001,-0.0,18.8846,4.3527,0.463,1.74,0.0004,0.0002,0.0,0.0005,0.0,1.005,82.851,-1.2203,-41.529,77.5832,1
12.979,17.5279,3.3329,0.08,-0.0,0.0001,-0.0,18.8837,4.3525,0.4632,1.7392,-0.0003,-0.0001,-0.0002,0.0003,0.0,1.005,82.8509,-1.2261,-41.529,77.5835,1
13.021,17.5279,3.3329,0.08,-0.0,0.0001,-0.0,18.9436,4.6639,0.6914,2.0371,-0.0,-0.0002,0.0006,0.0006,0.0,0.724,82.8509,-1.2289,-41.529,77.5836,1
13.062,17.5279,3.3329,0.08,-0.0,0.0001,0.0,18.9434,4.6637,0.6934,2.0374,-0.0003,0.0001,0.0001,0.0003,0.0,0.725,82.8509,-1.2303,-41.529,77.5837,1
13.104,17.5279,3.3329,0.08,-0.0,0.0001,-0.0,18.872,4.5042,1.0,2.0063,0.0003,-0.0004,-0.0004,0.0006,0.0,0.854,82.9897,-2.4966,-44.401,79.3587,1
13.146,17.5279,3.3329,0.08,-0.0,0.0001,0.0,18.8728,4.5047,1.0002,2.0072,0.0001,0.0001,-0.001,0.001,0.0,0.854,83.1115,-3.4854,-46.593,80.7841,1
13.187,17.5279,3.3329,0.08,-0.0,0.0001,-0.0,18.8734,4.505,1.0005,2.0079,0.0001,-0.0003,-0.0002,0.0004,0.0,0.854,83.1113,-3.4911,-46.593,80.7844,1
13.229,17.5279,3.3329,0.08,-0.0,0.0001,-0.0,18.9266,4.6688,0.9429,2.118,-0.0001,0.0005,0.0003,0.0006,0.0,0.714,83.1112,-3.4928,-46.593,80.7845,1
13.27,17.5279,3.3329,0.08,-0.0,0.0001,-0.0,18.9287,4.6683,0.9426,2.1189,-0.0,-0.0008,-0.0009,0.0012,0.0,0.715,83.1112,-3.4947,-46.593,80.7846,1
13.312,17.5279,3.3329,0.08,-0.0,0.0001,-0.0,18.9303,4.6679,0.9424,2.1196,0.0,0.0002,0.0016,0.0016,0.0,0.716,83.2369,-4.7249,-49.455,82.6821,1
13.354,17.5279,3.3329,0.08,-0.0,0.0001,-0.0,18.9318,4.6675,0.942,2.1202,0.0001,-0.0,0.0007,0.0007,0.0,0.717,83.3944,-6.1524,-52.842,85.0242,1
13.395,17.5279,3.3329,0.08,-0.0,0.0001,-0.0,18.5079,4.4273,1.1328,1.8073,0.0002,-0.0001,0.0002,0.0003,0.0,0.92,83.3937,-6.1637,-52.842,85.0249,1
13.437,17.5279,3.3329,0.08,-0.0,0.0001,-0.0,18.5072,4.427,1.1335,1.8072,0.0003,0.0005,-0.0005,0.0008,0.0,0.92,83.3936,-6.1654,-52.842,85.025,1
13.478,17.5279,3.3329,0.08,-0.0,0.0001,-0.0,18.5065,4.4266,1.1342,1.807,-0.0001,-0.0002,-0.0003,0.0004,0.0,0.921,83.3934,-6.1675,-52.842,85.0251,1
13.52,17.5279,3.3329,0.08,-0.0,0.0001,0.0,18.7082,4.78,0.9606,2.0646,-0.0001,0.0006,0.0003,0.0007,0.0,0.555,83.4918,-7.328,-55.513,86.9222,1
13.562,17.5279,3.3329,0.08,-0.0,0.0001,0.0,18.7077,4.7814,0.9604,2.0653,0.0001,-0.0005,-0.0002,0.0005,0.0,0.553,83.4916,-7.3302,-55.513,86.9224,1
13.603,17.5279,3.3329,0.08,-0.0,0.0001,-0.0,18.7073,4.7828,0.9604,2.0659,-0.0002,-0.0003,0.0002,0.0004,0.0,0.552,83.6016,-8.8065,-58.904,89.3992,1
13.645,17.5279,3.3329,0.08,-0.0,0.0001,-0.0,18.7066,4.7846,0.9603,2.0668,-0.0001,0.0003,-0.0,0.0003,0.0,0.55,83.6009,-8.8137,-58.904,89.3997,1
13.686,17.5279,3.3329,0.08,-0.0,0.0001,-0.0,18.706,4.7859,0.9602,2.0673,0.0004,-0.0,0.0006,0.0007,0.0,0.549,83.6008,-8.8148,-58.904,89.3997,1
13.728,17.5279,3.3329,0.08,-0.0,0.0001,-0.0,18.7793,4.5788,1.2591,2.1234,0.0004,-0.0002,-0.0008,0.0009,0.0,0.763,83.6007,-8.8161,-58.904,89.3998,1
13.77,17.5279,3.3329,0.08,-0.0,0.0001,-0.0,18.7808,4.58,1.2577,2.1241,-0.0004,-0.0005,0.0004,0.0007,0.0,0.762,83.6854,-10.5686,-62.87,92.373,1
13.811,17.5279,3.3329,0.08,-0.0,0.0001,-0.0,18.782,4.5809,1.2565,2.1247,-0.0,-0.0,0.0002,0.0002,0.0,0.761,83.685,-10.5718,-62.87,92.3732,1
13.853,17.5279,3.333,0.08,-0.0,0.0001,-0.0,18.7832,4.5818,1.2554,2.1253,-0.0001,-0.001,-0.0007,0.0012,0.0,0.761,83.684,-11.9544,-65.955,94.7151,1
13.894,17.5279,3.333,0.08,-0.0,0.0001,-0.0,18.7847,4.5829,1.2541,2.1262,0.0001,0.0004,0.0003,0.0005,0.0,0.76,83.683,-11.9619,-65.955,94.7157,1
13.936,17.5279,3.333,0.08,-0.0,0.0001,-0.0,18.6019,4.3,1.005,1.7159,0.0001,0.0002,-0.0004,0.0004,0.0,1.035,83.6825,-11.9656,-65.955,94.7159,1
13.978,17.5278,3.333,0.08,-0.0,0.0001,0.0,18.6012,4.3004,1.0034,1.7148,0.0001,0.0,-0.0001,0.0002,0.0,1.035,83.6377,-13.758,-69.841,97.7321,1
14.019,17.5278,3.333,0.08,-0.0,0.0001,-0.0,18.6004,4.3009,1.0012,1.7135,0.0003,0.0002,0.0,0.0004,0.0,1.035,83.6371,-13.7616,-69.841,97.7323,1
14.061,17.5278,3.333,0.08,-0.0,0.0001,0.0,18.5998,4.3013,0.9995,1.7124,0.0001,0.0001,0.0007,0.0007,0.0,1.034,83.6363,-13.767,-69.841,97.7327,1
14.102,17.5278,3.333,0.08,-0.0,0.0001,-0.0,18.5991,4.3018,0.9978,1.7113,0.0001,-0.0003,0.0001,0.0003,0.0,1.034,83.6139,-15.858,-74.33,101.3534,1
14.144,17.5278,3.333,0.08,-0.0,0.0001,-0.0,18.625,4.3627,1.0525,1.7916,0.0001,-0.0006,-0.0005,0.0008,0.0,0.972,83.5253,-17.5205,-77.697,104.1143,1
14.186,17.5278,3.333,0.08,-0.0,0.0001,-0.0,18.6243,4.3619,1.0513,1.7901,-0.0004,0.0001,-0.0014,0.0014,0.0,0.972,83.5242,-17.5258,-77.697,104.1147,1
14.227,17.5278,3.333,0.08,-0.0,0.0001,-0.0,18.6235,4.3613,1.0501,1.7886,-0.0001,0.0004,-0.0002,0.0005,0.0,0.973,83.523,-17.5321,-77.697,104.1152,1
14.269,17.5278,3.333,0.08,-0.0,0.0001,-0.0,18.8049,4.7266,1.2554,2.2259,0.0005,0.0001,-0.0001,0.0005,0.0,0.622,83.4446,-19.9983,-82.408,108.1371,1
14.31,17.5278,3.333,0.08,-0.0,0.0001,-0.0,18.8046,4.7266,1.2545,2.2252,0.0001,-0.0005,0.0001,0.0005,0.0,0.622,83.4432,-20.005,-82.408,108.1377,1
14.352,17.5278,3.333,0.08,-0.0,0.0001,-0.0,18.8244,4.6716,1.3213,2.2391,0.0,-0.0002,0.0001,0.0003,0.0,0.68,83.4409,-20.0151,-82.408,108.1385,1
14.394,17.5278,3.333,0.08,-0.0,0.0001,-0.0,18.8246,4.6717,1.3219,2.2396,0.0,-0.0004,0.0006,0.0008,0.0,0.68,83.2986,-22.9068,-87.228,112.4144,1
14.435,17.5278,3.333,0.08,-0.0,0.0001,-0.0,18.8247,4.6718,1.3223,2.24,-0.0001,0.0001,-0.0003,0.0004,0.0,0.68,83.2971,-22.9128,-87.228,112.4149,1
14.477,17.5278,3.333,0.08,-0.0,0.0001,-0.0,18.7132,4.6186,1.1387,2.0441,-0.0005,0.0002,-0.001,0.0012,0.0,0.716,83.296,-22.917,-87.228,112.4153,1
14.518,17.5278,3.333,0.08,-0.0,0.0001,-0.0,18.7116,4.6195,1.1377,2.0433,0.0001,-0.0001,-0.0002,0.0003,0.0,0.715,83.1946,-25.405,-90.559,115.557,1
14.56,17.5278,3.333,0.08,-0.0,0.0001,-0.0,18.7104,4.6202,1.1369,2.0427,-0.0005,0.0002,-0.0003,0.0006,0.0,0.714,83.1924,-25.413,-90.559,115.5578,1
14.602,17.5278,3.333,0.08,-0.0,0.0001,0.0,18.7092,4.6209,1.1362,2.042,0.0007,-0.0001,0.0002,0.0007,0.0,0.714,83.189,-25.4249,-90.559,115.5588,1
14.643,17.5278,3.333,0.08,-0.0,0.0001,-0.0,18.7077,4.6216,1.1352,2.0411,-0.0002,0.0001,0.0002,0.0003,0.0,0.713,83.1174,-28.7246,-94.612,119.567,1
14.685,17.5278,3.333,0.08,-0.0,0.0001,-0.0,18.5889,4.02,1.1507,1.6566,0.0005,-0.0001,-0.0,0.0005,0.0,1.316,83.1151,-28.7318,-94.612,119.5676,1
14.726,17.5278,3.333,0.08,-0.0,0.0001,-0.0,18.5891,4.0201,1.1506,1.6567,0.0001,0.0004,0.0005,0.0006,0.0,1.316,83.1135,-28.7369,-94.612,119.5681,1
14.768,17.5278,3.333,0.08,-0.0,0.0001,-0.0,18.5893,4.0202,1.1504,1.6567,-0.0002,-0.0006,-0.0002,0.0006,0.0,1.315,83.2098,-32.4047,-98.708,123.8966,1
14.81,17.5278,3.333,0.08,-0.0,0.0001,-0.0,18.5894,4.0203,1.1503,1.6567,0.0002,0.0002,-0.0002,0.0004,0.0,1.315,83.2042,-32.4203,-98.708,123.8982,1
14.851,17.5278,3.333,0.08,-0.0,0.0001,-0.0,18.5894,4.0203,1.1502,1.6567,0.0004,-0.0004,0.0001,0.0006,0.0,1.315,83.4253,-36.7925,-103.305,129.0,1
14.893,17.5278,3.333,0.08,-0.0,0.0001,0.0,18.8952,3.9057,1.1358,1.82,0.0005,-0.0002,-0.0006,0.0008,0.0,1.446,83.4192,-36.808,-103.305,129.0017,1
14.934,17.5278,3.3331,0.08,-0.0,0.0001,-0.0,18.8938,3.9052,1.1355,1.8186,-0.0006,0.0003,-0.0002,0.0007,0.0,1.446,83.4161,-36.8157,-103.305,129.0025,1
14.976,17.5278,3.3331,0.08,-0.0,0.0001,-0.0,18.8924,3.9046,1.1353,1.8172,-0.0002,-0.0001,0.001,0.0011,0.0,1.446,83.7961,-40.4347,-106.685,133.0634,1
15.018,17.5278,3.3331,0.08,-0.0,0.0001,-0.0,18.8905,3.9039,1.1349,1.8154,-0.0005,-0.0006,-0.0006,0.001,0.0,1.447,83.7893,-40.4499,-106.685,133.065,1
15.059,17.5278,3.3331,0.08,-0.0,0.0001,-0.0,18.8891,3.9034,1.1347,1.814,0.0002,-0.0009,-0.0008,0.0012,0.0,1.447,83.7867,-40.4556,-106.685,133.0656,1
15.101,17.5278,3.3331,0.08,-0.0,0.0001,-0.0,18.638,4.2314,0.9819,1.689,-0.0,0.0001,-0.0003,0.0003,0.0,1.102,84.2206,-44.8356,-111.026,138.2487,1
15.142,17.5278,3.3331,0.08,-0.0,0.0001,-0.0,18.6357,4.2341,0.9807,1.6884,-0.0005,0.0001,-0.0002,0.0006,0.0,1.1,84.2104,-44.8563,-111.026,138.2509,1
15.184,17.5278,3.3331,0.08,-0.0,0.0001,-0.0,18.3371,3.7375,1.1792,1.4236,0.0001,0.0009,0.0007,0.0011,0.0,1.629,84.2069,-44.863,-111.026,138.2516,1
15.226,17.5278,3.3331,0.08,-0.0,0.0001,-0.0,18.3357,3.7373,1.1788,1.4225,0.0003,0.0001,-0.0007,0.0008,0.0,1.63,84.2059,-44.865,-111.026,138.2518,1
15.267,17.5278,3.3331,0.08,-0.0,0.0001,-0.0,18.3338,3.7371,1.1783,1.421,0.0002,0.0001,-0.0003,0.0004,0.0,1.631,84.6932,-49.3789,-115.525,143.7159,1
15.309,17.5278,3.3331,0.08,-0.0,0.0001,-0.0,18.3323,3.737,1.178,1.4199,0.0002,0.0002,-0.0004,0.0005,0.0,1.631,84.696,-49.3739,-115.525,143.7154,1
15.35,17.5278,3.3331,0.08,-0.0,0.0001,-0.0,18.3309,3.7369,1.1777,1.4188,0.0,-0.0006,0.0004,0.0007,0.0,1.63,85.1757,-53.9935,-120.114,149.3625,1
15.392,17.5278,3.3331,0.08,-0.0,0.0001,-0.0,18.7605,3.8693,0.8699,1.5592,0.0,-0.0,-0.0001,0.0001,0.0,1.467,85.169,-54.0046,-120.114,149.3638,1
15.434,17.5278,3.3331,0.08,-0.0,0.0001,-0.0,18.7608,3.8711,0.8697,1.5599,0.0004,-0.0004,-0.0002,0.0006,0.0,1.465,85.6346,-59.3519,-125.42,155.9429,1
15.475,17.5278,3.3331,0.08,-0.0,0.0001,-0.0,18.7612,3.8729,0.8695,1.5608,-0.0001,0.0,-0.0,0.0001,0.0,1.463,85.6256,-59.3659,-125.42,155.9446,1
15.517,17.5278,3.3331,0.08,-0.0,0.0001,-0.0,18.6483,3.8902,1.4551,1.8593,0.0001,0.0005,0.0,0.0005,0.0,1.443,85.6215,-59.3721,-125.42,155.9453,1
15.558,17.5278,3.3331,0.08,-0.0,0.0001,-0.0,18.6471,3.8911,1.4553,1.8589,-0.0003,0.0005,-0.0004,0.0007,0.0,1.442,86.0288,-64.3883,-130.407,162.1895,1
15.6,17.5278,3.3331,0.08,-0.0,0.0001,-0.0,18.6458,3.8919,1.4554,1.8585,0.0002,0.0006,-0.0001,0.0006,0.0,1.442,86.0241,-64.3951,-130.407,162.1903,1
15.642,17.5278,3.3331,0.08,-0.0,0.0001,-0.0,18.6442,3.8929,1.4557,1.858,0.0004,0.0006,-0.0001,0.0007,0.0,1.441,86.3438,-69.5056,-135.395,168.507,1
15.683,17.5278,3.3331,0.08,-0.0,0.0001,-0.0,18.643,3.8937,1.4558,1.8577,0.0001,0.0002,-0.0001,0.0002,0.0,1.44,86.3388,-69.5123,-135.395,168.5078,1
15.725,17.5278,3.3331,0.08,-0.0,0.0001,-0.0,18.5323,4.1243,1.3617,1.8105,-0.0005,0.0003,0.0004,0.0007,0.0,1.217,86.3302,-69.5235,-135.395,168.5091,1
15.766,17.5278,3.3331,0.08,-0.0,0.0001,0.0,18.5331,4.1228,1.3625,1.8108,0.0004,0.0001,-0.0001,0.0004,0.0,1.218,86.5082,-74.8027,-140.318,174.8574,1
15.808,17.5278,3.3331,0.08,-0.0,0.0001,0.0,18.5336,4.1218,1.3631,1.8111,-0.0002,-0.0003,0.0005,0.0006,0.0,1.219,86.5082,-74.8027,-140.318,174.8574,1
15.85,17.5278,3.3331,0.08,-0.0,0.0001,0.0,18.5342,4.1207,1.3637,1.8113,-0.0001,0.0006,-0.0008,0.001,0.0,1.22,86.5754,-80.3813,-145.038,181.204,1
15.891,17.5278,3.3331,0.08,-0.0,0.0001,-0.0,18.5349,4.1192,1.3644,1.8116,-0.0001,-0.0001,-0.0006,0.0007,0.0,1.221,86.5652,-80.3929,-145.038,181.2055,1
15.933,17.5278,3.3331,0.08,-0.0,0.0001,0.0,18.4832,3.6469,1.5765,1.8029,-0.0001,0.0007,-0.0008,0.001,0.0,1.696,86.5619,-80.3966,-145.038,181.2059,1
15.974,17.5278,3.3331,0.08,-0.0,0.0001,0.0,18.4837,3.6456,1.5767,1.8032,0.0002,-0.0003,-0.0005,0.0006,0.0,1.698,86.5846,-86.1308,-149.492,187.4685,1
16.016,17.5278,3.3332,0.08,-0.0,0.0001,0.0,18.4844,3.6439,1.5771,1.8036,0.0005,-0.0001,-0.0002,0.0005,0.0,1.699,86.5712,-86.1448,-149.492,187.4702,1
16.058,17.5278,3.3332,0.08,-0.0,0.0001,-0.0,18.485,3.6426,1.5773,1.8039,0.0007,0.0,-0.0003,0.0008,0.0,1.7,86.569,-86.1471,-149.492,187.4705,1
16.099,17.5278,3.3332,0.08,-0.0,0.0001,-0.0,18.4854,3.6413,1.5775,1.8041,-0.0001,-0.0009,0.0002,0.0009,0.0,1.702,86.6106,-92.0616,-153.702,193.7047,1
16.141,17.5278,3.3332,0.08,-0.0,0.0001,-0.0,18.4493,4.0236,1.4695,1.8046,-0.0,-0.0,0.0013,0.0013,0.0,1.328,86.6001,-92.072,-153.702,193.706,1
16.182,17.5278,3.3332,0.08,-0.0,0.0001,-0.0,18.3968,4.129,1.1951,1.6223,0.0,-0.0005,0.0008,0.001,0.0,1.234,86.5945,-92.0774,-153.702,193.7067,1
16.224,17.5278,3.3332,0.08,-0.0,0.0001,-0.0,18.3956,4.1286,1.1958,1.622,-0.0005,0.0003,0.0002,0.0006,0.0,1.235,86.7854,-98.0878,-157.611,199.8731,1
16.266,17.5278,3.3332,0.08,-0.0,0.0001,-0.0,18.3941,4.1279,1.1966,1.6214,0.0,0.0004,-0.0009,0.001,0.0,1.236,86.7772,-98.0953,-157.611,199.8741,1
16.307,17.5278,3.3332,0.08,-0.0,0.0001,-0.0,18.393,4.1274,1.1971,1.6209,-0.0004,-0.0,0.0007,0.0008,0.0,1.237,86.7732,-98.0989,-157.611,199.8746,1
16.349,17.5278,3.3332,0.08,-0.0,0.0001,-0.0,17.9052,4.5749,1.2141,1.7235,-0.0003,-0.0004,0.0004,0.0006,0.0,0.764,87.1656,-104.1741,-161.322,206.053,1
16.39,17.5278,3.3332,0.08,-0.0,0.0001,0.0,17.9047,4.5758,1.2146,1.7244,-0.0001,-0.0004,-0.0002,0.0005,0.0,0.763,87.7029,-111.2819,-165.728,213.4326,1
16.432,17.5278,3.3332,0.08,-0.0,0.0001,-0.0,17.9042,4.5765,1.2151,1.7251,0.0003,0.0002,-0.0004,0.0005,0.0,0.763,87.6915,-111.2914,-165.728,213.4339,1
16.474,17.5278,3.3332,0.08,-0.0,0.0001,-0.0,17.9038,4.5772,1.2156,1.7258,-0.0001,0.001,0.0007,0.0012,0.0,0.762,87.6854,-111.2963,-165.728,213.4345,1
16.515,17.5278,3.3332,0.08,-0.0,0.0001,-0.0,17.9031,4.5781,1.2162,1.7267,-0.0004,-0.0001,0.0001,0.0005,0.0,0.761,87.6824,-111.2987,-165.728,213.4348,1
16.557,17.5278,3.3332,0.08,-0.0,0.0001,-0.0,18.1155,4.5328,1.5731,2.0035,-0.0001,0.0,-0.001,0.001,0.0,0.809,88.3504,-118.2778,-169.957,220.7208,1
16.598,17.5278,3.3332,0.08,-0.0,0.0001,-0.0,18.1146,4.5344,1.5749,2.0054,-0.0005,-0.0003,-0.0011,0.0013,0.0,0.807,88.3459,-118.2813,-169.957,220.7212,1
16.64,17.5278,3.3332,0.08,-0.0,0.0001,0.0,18.1134,4.5365,1.5772,2.0081,-0.0002,-0.0001,-0.0011,0.0012,0.0,0.805,89.0112,-123.3651,-172.965,226.0684,1
16.682,17.5278,3.3332,0.08,-0.0,0.0001,-0.0,18.1125,4.5381,1.5789,2.0101,-0.0,0.0001,0.0003,0.0003,0.0,0.803,89.0051,-123.3696,-172.965,226.069,1
16.723,17.5278,3.3332,0.08,-0.0,0.0001,-0.0,18.1116,4.5398,1.5805,2.0121,-0.0003,-0.0001,0.0011,0.0011,0.0,0.801,89.0021,-123.3718,-172.965,226.0692,1
16.765,17.5278,3.3332,0.08,-0.0,0.0001,-0.0,18.0258,4.407,1.2875,1.6908,-0.0,-0.0004,0.0009,0.001,0.0,0.927,90.03,-130.5541,-177.447,233.8765,1
16.806,17.5278,3.3332,0.08,-0.0,0.0001,-0.0,18.0256,4.4063,1.2857,1.6891,-0.0004,0.0005,0.0002,0.0007,0.0,0.927,90.0279,-130.5556,-177.447,233.8767,1
16.848,17.5278,3.3332,0.08,-0.0,0.0001,0.0,18.0256,4.4055,1.284,1.6874,0.0004,0.0001,0.0008,0.0009,0.0,0.928,90.0255,-130.5573,-177.447,233.8769,1
16.89,17.5278,3.3332,0.08,-0.0,0.0001,-0.0,18.1946,4.5314,1.2979,1.834,0.0,0.0006,-0.0001,0.0006,0.0,0.825,90.9329,-135.6432,-180.628,239.4956,1
16.931,17.5278,3.3332,0.08,-0.0,0.0001,-0.0,18.1956,4.531,1.2969,1.8334,0.0003,0.0003,0.0003,0.0005,0.0,0.826,90.9348,-135.6419,-180.628,239.4954,1
16.973,17.5278,3.3332,0.08,-0.0,0.0001,0.0,18.402,4.6301,1.4096,2.0528,-0.0001,-0.0004,0.0004,0.0005,0.0,0.751,90.9299,-135.6452,-180.628,239.4959,1
17.014,17.5278,3.3332,0.08,-0.0,0.0001,-0.0,18.4029,4.6297,1.4094,2.0528,-0.0001,0.0004,0.0009,0.001,0.0,0.751,92.1191,-142.0657,-184.744,246.7076,1
17.056,17.5278,3.3332,0.08,-0.0,0.0001,-0.0,18.4036,4.6294,1.4091,2.0527,-0.0,0.0003,0.0002,0.0004,0.0,0.751,92.1176,-142.0667,-184.744,246.7077,1
17.098,17.5278,3.3333,0.08,-0.0,0.0001,-0.0,18.4043,4.629,1.4089,2.0526,0.0002,-0.0005,-0.0003,0.0007,0.0,0.752,92.1158,-142.0679,-184.744,246.7079,1
17.139,17.5278,3.3333,0.08,-0.0,0.0001,-0.0,18.4051,4.6284,1.4086,2.0524,0.0003,-0.0,0.001,0.0011,0.0,0.752,93.5614,-149.3427,-189.59,255.0799,1
17.181,17.5278,3.3333,0.08,-0.0,0.0001,-0.0,18.3627,4.5033,1.3405,1.9118,0.0002,0.0002,-0.0006,0.0007,0.0,0.884,94.8193,-154.5516,-193.185,261.2527,1
17.222,17.5278,3.3333,0.08,-0.0,0.0001,-0.0,18.3638,4.5022,1.3404,1.9116,0.0001,-0.0001,-0.0001,0.0001,0.0,0.885,94.8165,-154.5533,-193.185,261.2529,1
17.264,17.5278,3.3333,0.08,-0.0,0.0001,-0.0,18.4734,4.7531,0.9255,1.904,0.0005,-0.0006,-0.0001,0.0008,0.0,0.612,94.8121,-154.556,-193.185,261.2532,1
17.306,17.5278,3.3333,0.08,-0.0,0.0001,-0.0,18.4744,4.752,0.926,1.9038,0.0001,-0.0004,-0.0003,0.0005,0.0,0.612,94.811,-154.5567,-193.185,261.2533,1
17.347,17.5278,3.3333,0.08,-0.0,0.0001,-0.0,18.4753,4.7508,0.9264,1.9036,-0.0004,-0.0003,-0.0005,0.0007,0.0,0.613,96.3616,-161.164,-197.825,269.1478,1
17.389,17.5278,3.3333,0.08,-0.0,0.0001,-0.0,18.3783,4.6589,1.1885,1.926,0.0003,0.0008,0.0003,0.0009,0.0,0.734,96.3582,-161.1661,-197.825,269.148,1
17.43,17.5278,3.3333,0.08,-0.0,0.0001,-0.0,18.3781,4.6585,1.1897,1.9263,0.0004,0.0004,-0.0,0.0006,0.0,0.734,96.3577,-161.1664,-197.825,269.1481,1
17.472,17.5278,3.3333,0.08,-0.0,0.0001,-0.0,18.378,4.6582,1.1909,1.9268,0.0,-0.0002,-0.0002,0.0003,0.0,0.734,98.2458,-168.7379,-203.258,278.3347,1
17.514,17.5278,3.3333,0.08,-0.0,0.0001,-0.0,18.3778,4.6577,1.1925,1.9273,0.0001,-0.0003,-0.0002,0.0003,0.0,0.735,98.2441,-168.7389,-203.258,278.3349,1
17.555,17.5278,3.3333,0.08,-0.0,0.0001,0.0,18.3776,4.6573,1.1937,1.9276,-0.0001,0.0007,-0.0007,0.001,0.0,0.735,98.2421,-168.7401,-203.258,278.335,1
17.597,17.5278,3.3333,0.08,-0.0,0.0001,-0.0,18.2393,4.3275,0.8869,1.4648,0.0005,-0.0006,-0.0002,0.0008,0.0,1.034,99.7118,-174.2301,-207.353,285.1516,1
17.638,17.5278,3.3333,0.08,-0.0,0.0001,-0.0,18.2367,4.3268,0.8869,1.4631,0.0,0.0005,0.001,0.0011,0.0,1.034,99.71,-174.2312,-207.353,285.1517,1
17.68,17.5278,3.3333,0.08,-0.0,0.0001,-0.0,18.2347,4.3262,0.8869,1.4618,0.0002,-0.0004,-0.0007,0.0008,0.0,1.034,99.71,-174.2312,-207.353,285.1517,1
17.722,17.5278,3.3333,0.08,-0.0,0.0001,-0.0,18.2327,4.3257,0.8869,1.4605,0.0002,-0.0004,0.0005,0.0007,0.0,1.034,101.7546,-182.2712,-213.265,295.0581,1
17.763,17.5278,3.3333,0.08,-0.0,0.0001,0.0,18.2302,4.3251,0.8868,1.4588,-0.0002,0.0006,-0.0006,0.0009,0.0,1.034,101.7513,-182.2731,-213.265,295.0584,1
17.805,17.5277,3.3333,0.08,-0.0,0.0001,-0.0,18.6934,4.6472,1.1803,2.0726,-0.0005,-0.0003,-0.0006,0.0008,0.0,0.687,103.2802,-188.0214,-217.665,302.2962,1
17.846,17.5277,3.3333,0.08,-0.0,0.0001,-0.0,18.7112,4.5522,1.0636,1.9631,-0.0004,-0.0001,0.0005,0.0006,0.0,0.782,103.2791,-188.022,-217.665,302.2963,1
17.888,17.5277,3.3333,0.08,-0.0,0.0001,-0.0,18.7101,4.5536,1.0638,1.9634,0.0,0.0001,0.0004,0.0005,0.0,0.781,105.4218,-196.7225,-223.93,312.9348,1
17.93,17.5277,3.3333,0.08,-0.0,0.0001,-0.0,18.7092,4.5547,1.0639,1.9636,0.0004,0.0003,-0.0004,0.0006,0.0,0.78,105.4191,-196.7239,-223.93,312.9349,1
17.971,17.5277,3.3333,0.08,-0.0,0.0001,-0.0,18.7083,4.5557,1.064,1.9637,-0.0002,-0.0001,-0.0008,0.0008,0.0,0.779,105.4184,-196.7243,-223.93,312.935,1
18.013,17.5277,3.3333,0.08,-0.0,0.0001,-0.0,18.6237,4.5599,1.2139,1.9978,0.0001,-0.0008,-0.0001,0.0008,0.0,0.775,106.9726,-203.2819,-228.441,320.7992,1
18.054,17.5277,3.3333,0.08,-0.0,0.0001,-0.0,18.6227,4.5608,1.2135,1.9976,0.0003,0.0002,-0.0,0.0004,0.0,0.774,106.972,-203.2823,-228.441,320.7992,1
18.096,17.5277,3.3333,0.08,-0.0,0.0001,0.0,18.6217,4.5616,1.2132,1.9974,0.0002,0.0003,0.0,0.0004,0.0,0.773,106.9712,-203.2827,-228.441,320.7992,1
18.138,17.5277,3.3333,0.08,-0.0,0.0001,-0.0,18.6202,4.5627,1.2128,1.9971,0.0,-0.0,0.0001,0.0001,0.0,0.772,109.1624,-212.9512,-234.814,332.1913,1
18.179,17.5277,3.3334,0.08,-0.0,0.0001,0.0,18.6191,4.5635,1.2126,1.9968,0.0002,0.0002,-0.0002,0.0003,0.0,0.771,109.1579,-212.9535,-234.814,332.1916,1
18.221,17.5277,3.3334,0.08,-0.0,0.0001,0.0,17.9414,4.4498,1.2394,1.6618,0.0004,0.0006,0.0002,0.0008,0.0,0.885,111.3546,-223.2152,-241.073,343.9222,1
18.262,17.5277,3.3334,0.08,-0.0,0.0001,-0.0,17.9392,4.4488,1.2381,1.6597,0.0002,0.0,0.0005,0.0005,0.0,0.887,111.3515,-223.2168,-241.073,343.9224,1
18.304,17.5277,3.3334,0.08,-0.0,0.0001,-0.0,17.9377,4.4481,1.237,1.6581,-0.0001,0.0001,-0.0004,0.0004,0.0,0.887,111.35,-223.2175,-241.073,343.9225,1
18.346,17.5277,3.3334,0.08,-0.0,0.0001,-0.0,18.2283,4.3971,0.726,1.4281,-0.0,-0.0003,0.0008,0.0009,0.0,0.964,112.9483,-230.9744,-245.25,352.4089,1
18.387,17.5277,3.3334,0.08,-0.0,0.0001,0.0,18.228,4.3985,0.7227,1.4276,-0.0002,-0.0003,-0.0007,0.0008,0.0,0.962,114.9756,-240.7602,-250.462,363.1102,1
18.429,17.5277,3.3334,0.08,-0.0,0.0001,-0.0,18.0244,4.8668,1.4087,2.0889,0.0,-0.0001,-0.0003,0.0003,0.0,0.467,114.9729,-240.7615,-250.462,363.1104,1
18.47,17.5277,3.3334,0.08,-0.0,0.0001,-0.0,18.0249,4.8671,1.4084,2.0891,-0.0004,-0.0002,-0.0004,0.0006,0.0,0.467,114.9697,-240.7631,-250.462,363.1106,1
18.512,17.5277,3.3334,0.08,-0.0,0.0001,-0.0,18.0255,4.8676,1.4082,2.0894,0.0001,-0.0004,-0.0003,0.0005,0.0,0.466,114.9677,-240.764,-250.462,363.1107,1
18.554,17.5277,3.3334,0.08,-0.0,0.0001,-0.0,18.0261,4.8679,1.408,2.0897,-0.0002,-0.001,0.0003,0.001,0.0,0.466,116.9539,-250.7263,-255.426,373.785,1
18.595,17.5277,3.3334,0.08,-0.0,0.0001,-0.0,18.0266,4.8683,1.4078,2.0899,-0.0004,0.0002,-0.0001,0.0005,0.0,0.466,116.952,-250.7272,-255.426,373.7851,1
18.637,17.5277,3.3334,0.08,-0.0,0.0001,-0.0,17.8151,4.8729,1.0498,1.842,0.0003,-0.0004,-0.0003,0.0006,0.0,0.496,116.949,-250.7286,-255.426,373.7853,1
18.678,17.5277,3.3334,0.08,-0.0,0.0001,-0.0,17.8139,4.8741,1.0513,1.8437,0.0003,0.0001,0.0001,0.0004,0.0,0.496,119.0234,-260.9779,-260.074,384.5022,1
18.72,17.5277,3.3334,0.08,-0.0,0.0001,-0.0,17.8127,4.8753,1.0528,1.8453,0.0004,-0.0004,-0.0001,0.0006,0.0,0.495,119.0194,-260.9797,-260.074,384.5024,1
18.762,17.5277,3.3334,0.08,-0.0,0.0001,-0.0,17.8111,4.8769,1.0549,1.8474,0.0002,-0.0003,0.0007,0.0008,0.0,0.494,119.018,-260.9804,-260.074,384.5025,1
18.803,17.5277,3.3334,0.08,-0.0,0.0001,-0.0,17.81,4.8781,1.0564,1.8491,0.0003,0.0,0.0008,0.0009,0.0,0.493,121.0696,-271.4005,-264.345,395.1205,1
18.845,17.5277,3.3334,0.08,-0.0,0.0001,-0.0,17.8088,4.8792,1.0579,1.8506,-0.0001,-0.0001,-0.0004,0.0004,0.0,0.493,121.0667,-271.4018,-264.345,395.1206,1
18.886,17.5277,3.3334,0.08,-0.0,0.0001,0.0,18.1152,4.7344,0.6463,1.6213,-0.0002,0.0005,0.0005,0.0007,0.0,0.61,122.9976,-281.7921,-268.188,405.4481,1
18.928,17.5277,3.3334,0.08,-0.0,0.0001,-0.0,18.1144,4.733,0.6472,1.62,0.0,0.0005,-0.0008,0.0009,0.0,0.611,122.9943,-281.7935,-268.188,405.4482,1
18.97,17.5277,3.3334,0.08,-0.0,0.0001,-0.0,18.1134,4.7316,0.6481,1.6188,-0.0006,-0.0008,0.0002,0.0011,0.0,0.612,122.9943,-281.7935,-268.188,405.4482,1
19.011,17.5277,3.3334,0.08,-0.0,0.0001,-0.0,18.1122,4.7298,0.6492,1.6172,0.0001,-0.0007,0.0001,0.0007,0.0,0.614,124.9013,-292.2847,-271.663,415.6482,1
19.053,17.5277,3.3334,0.08,-0.0,0.0001,-0.0,18.2852,4.5713,0.7233,1.5875,0.0004,0.0002,-0.0002,0.0005,0.0,0.814,124.9001,-292.2852,-271.663,415.6482,1
19.094,17.5277,3.3334,0.08,-0.0,0.0001,-0.0,18.2859,4.5694,0.7238,1.5865,0.0001,-0.0013,0.0009,0.0016,0.0,0.816,124.8987,-292.2858,-271.663,415.6483,1
19.136,17.5277,3.3334,0.08,-0.0,0.0001,-0.0,18.2869,4.5669,0.7246,1.5853,0.0002,-0.0003,-0.0002,0.0004,0.0,0.818,126.681,-302.8279,-274.831,425.7056,1
19.178,17.5277,3.3334,0.08,-0.0,0.0001,-0.0,18.1829,4.6064,0.8896,1.6448,0.0001,0.0005,-0.0009,0.0011,0.0,0.75,126.6779,-302.8293,-274.831,425.7058,1
19.219,17.5277,3.3334,0.08,-0.0,0.0001,-0.0,18.1833,4.6052,0.8886,1.6435,0.0,0.0003,-0.0003,0.0004,0.0,0.751,126.6759,-302.8301,-274.831,425.7059,1
19.261,17.5277,3.3335,0.08,-0.0,0.0001,0.0,18.1838,4.6037,0.8872,1.6418,0.0002,0.0001,0.0001,0.0002,0.0,0.752,128.6047,-314.6569,-278.171,436.8977,1
19.302,17.5277,3.3335,0.08,-0.0,0.0001,-0.0,18.1841,4.6025,0.8862,1.6405,0.0002,-0.0002,-0.0003,0.0004,0.0,0.754,130.2869,-326.6564,-281.202,448.0263,1
19.344,17.5277,3.3335,0.08,-0.0,0.0001,-0.0,18.1845,4.6013,0.8851,1.6392,0.0005,-0.0005,0.0003,0.0007,0.0,0.755,130.2839,-326.6577,-281.202,448.0264,1
19.386,17.5277,3.3335,0.08,-0.0,0.0001,-0.0,18.3077,4.2567,1.1549,1.6175,-0.0001,0.0002,-0.0,0.0003,0.0,1.12,130.282,-326.6584,-281.202,448.0265,1
19.427,17.5277,3.3335,0.08,-0.0,0.0001,-0.0,18.3088,4.2545,1.1538,1.616,0.0003,0.0001,0.0008,0.0008,0.0,1.122,130.2817,-326.6586,-281.202,448.0265,1
19.473,17.5277,3.3335,0.08,-0.0,0.0001,-0.0,18.3104,4.2515,1.1521,1.6139,0.0006,-0.0001,-0.0009,0.0011,0.0,1.125,130.2815,-326.6586,-281.202,448.0265,1
19.515,17.5277,3.3335,0.08,-0.0,0.0001,-0.0,18.3116,4.2492,1.1508,1.6123,0.0001,0.0005,-0.0001,0.0005,0.0,1.128,131.1982,-334.7617,-282.827,455.2645,1
19.556,17.5277,3.3335,0.08,-0.0,0.0001,-0.0,18.3127,4.2468,1.1495,1.6107,-0.0003,0.0001,0.0004,0.0004,0.0,1.131,131.1974,-334.7621,-282.827,455.2645,1
19.598,17.5277,3.3335,0.08,-0.0,0.0001,-0.0,18.265,4.2179,1.2207,1.6208,-0.0002,0.0002,0.0002,0.0003,0.0,1.146,132.5012,-346.2211,-285.474,465.7772,1
19.639,17.5277,3.3335,0.08,-0.0,0.0001,-0.0,18.2645,4.2186,1.2207,1.621,-0.0002,0.0005,0.0009,0.001,0.0,1.146,132.4979,-346.2224,-285.474,465.7773,1
19.681,17.5277,3.3335,0.08,-0.0,0.0001,0.0,18.4722,3.8915,0.9686,1.4117,-0.0002,0.0002,0.001,0.001,0.0,1.455,133.0489,-353.6721,-286.964,472.4325,1
19.723,17.5277,3.3335,0.08,-0.0,0.0001,-0.0,18.4747,3.8924,0.969,1.4141,0.0004,-0.0006,0.0001,0.0007,0.0,1.454,133.046,-353.6732,-286.964,472.4326,1
19.764,17.5277,3.3335,0.08,-0.0,0.0001,-0.0,18.5123,3.9317,0.8902,1.4084,-0.0005,-0.0004,-0.0007,0.0009,0.0,1.41,133.6723,-362.8013,-289.053,480.7724,1
19.806,17.5277,3.3335,0.08,-0.0,0.0001,-0.0,18.5121,3.933,0.8889,1.4081,-0.0001,0.0004,0.0001,0.0004,0.0,1.409,133.6707,-362.8019,-289.053,480.7725,1
19.847,17.5277,3.3335,0.08,-0.0,0.0001,-0.0,18.5117,3.9347,0.8873,1.4077,0.0,0.0003,-0.0007,0.0007,0.0,1.407,134.2738,-372.971,-291.6,490.2163,1
19.889,17.5277,3.3335,0.08,-0.0,0.0001,-0.0,18.5469,4.2349,0.8135,1.5457,-0.0007,0.0001,0.0001,0.0007,0.0,1.105,134.2715,-372.9719,-291.6,490.2164,1
19.931,17.5277,3.3335,0.08,-0.0,0.0001,-0.0,18.5469,4.2358,0.8122,1.5457,0.0001,-0.0002,-0.0003,0.0004,0.0,1.104,134.2704,-372.9723,-291.6,490.2164,1
19.972,17.5277,3.3335,0.08,-0.0,0.0001,0.0,18.4782,4.3952,1.3399,1.9021,0.0005,0.0002,0.0005,0.0007,0.0,0.957,134.2701,-372.9724,-291.6,490.2164,1
20.014,17.5277,3.3335,0.08,-0.0,0.0001,0.0,18.478,4.395,1.3418,1.9032,-0.0003,-0.0002,-0.0002,0.0004,0.0,0.957,134.372,-379.3761,-293.464,496.2735,1
20.055,17.5277,3.3335,0.08,-0.0,0.0001,-0.0,18.4778,4.3948,1.3436,1.9041,0.0005,-0.0003,-0.001,0.0012,0.0,0.957,134.3698,-379.3769,-293.464,496.2736,1
20.097,17.5277,3.3335,0.08,-0.0,0.0001,-0.0,18.4719,4.267,1.0573,1.6486,0.0001,-0.0002,0.0001,0.0002,0.0,1.084,134.3687,-379.3773,-293.464,496.2736,1
20.139,17.5277,3.3335,0.08,-0.0,0.0001,-0.0,18.4709,4.2658,1.0568,1.6471,-0.0,0.0001,0.0009,0.001,0.0,1.085,134.6091,-388.7423,-296.519,505.3736,1
20.18,17.5277,3.3335,0.08,-0.0,0.0001,-0.0,18.2216,4.3242,1.0115,1.5266,0.0002,-0.0006,-0.0007,0.0009,0.0,1.033,134.6076,-388.7428,-296.519,505.3736,1
20.222,17.5277,3.3335,0.08,-0.0,0.0001,-0.0,18.222,4.3238,1.0136,1.5278,0.0006,-0.0006,0.0005,0.001,0.0,1.034,134.5641,-394.537,-298.963,511.2976,1
20.263,17.5277,3.3335,0.08,-0.0,0.0001,0.0,18.2223,4.3235,1.0152,1.5288,0.0001,-0.0,-0.0,0.0002,0.0,1.034,134.563,-394.5374,-298.963,511.2976,1
20.305,17.5277,3.3335,0.08,-0.0,0.0001,-0.0,18.2215,4.4203,0.8175,1.4854,0.0001,-0.0003,0.0002,0.0004,0.0,0.94,134.5616,-394.5378,-298.963,511.2977,1
20.347,17.5277,3.3336,0.08,-0.0,0.0001,-0.0,18.2227,4.421,0.8182,1.4868,0.0003,-0.0005,0.0001,0.0007,0.0,0.939,134.6438,-402.0291,-302.176,519.0316,1
20.388,17.5277,3.3336,0.08,-0.0,0.0001,-0.0,18.0913,4.4287,1.1498,1.6314,0.0001,-0.0,-0.0007,0.0007,0.0,0.909,134.6422,-402.0297,-302.176,519.0317,1
20.43,17.5277,3.3336,0.08,-0.0,0.0001,-0.0,18.1226,4.1617,1.0968,1.44,-0.0,0.0002,-0.0001,0.0002,0.0,1.178,134.6417,-402.0298,-302.176,519.0317,1
20.471,17.5277,3.3336,0.08,-0.0,0.0001,-0.0,18.1238,4.1611,1.0969,1.4403,-0.0002,-0.0002,0.0001,0.0003,0.0,1.179,134.6179,-409.2671,-305.635,526.6983,1
20.513,17.5277,3.3336,0.08,-0.0,0.0001,0.0,18.1247,4.1607,1.097,1.4404,0.0001,0.0003,-0.0007,0.0007,0.0,1.179,134.6173,-409.2673,-305.635,526.6983,1
20.555,17.5277,3.3336,0.08,-0.0,0.0001,-0.0,18.1257,4.1602,1.097,1.4406,-0.0003,-0.0004,0.0008,0.0009,0.0,1.18,134.6166,-409.2676,-305.635,526.6984,1
20.596,17.5277,3.3336,0.08,-0.0,0.0001,-0.0,18.4452,4.5787,1.1587,1.8856,0.0005,0.0,0.001,0.0011,0.0,0.787,134.5593,-417.4736,-309.773,535.5222,1
20.638,17.5277,3.3336,0.08,-0.0,0.0001,-0.0,18.5299,4.8016,1.0415,2.0209,-0.0001,0.0001,-0.0003,0.0003,0.0,0.549,134.5572,-417.4743,-309.773,535.5222,1
20.679,17.5277,3.3336,0.08,-0.0,0.0001,-0.0,18.5291,4.802,1.042,2.021,0.0002,-0.0001,-0.0008,0.0008,0.0,0.549,134.5572,-417.4743,-309.773,535.5222,1
20.721,17.5277,3.3336,0.08,-0.0,0.0001,-0.0,18.5281,4.8025,1.0427,2.0212,-0.0001,-0.0,0.0002,0.0003,0.0,0.549,134.4406,-424.5022,-313.78,543.3417,1
20.763,17.5277,3.3336,0.08,-0.0,0.0001,0.0,18.5273,4.8029,1.0432,2.0214,-0.0,0.0001,-0.0002,0.0002,0.0,0.548,134.4394,-424.5025,-313.78,543.3417,1
20.804,17.5277,3.3336,0.08,-0.0,0.0001,-0.0,18.5264,4.8033,1.0438,2.0215,0.0002,-0.0003,0.0002,0.0004,0.0,0.548,134.2865,-431.4462,-318.064,551.2546,1
20.846,17.5277,3.3336,0.08,-0.0,0.0001,-0.0,18.5861,4.2673,1.1094,1.7469,0.0006,-0.0002,0.0001,0.0007,0.0,1.069,134.2845,-431.4468,-318.064,551.2547,1
20.887,17.5277,3.3336,0.08,-0.0,0.0001,0.0,18.5861,4.2668,1.1091,1.7465,0.0003,-0.0001,0.0,0.0003,0.0,1.07,134.1405,-437.9067,-322.354,558.798,1
20.929,17.5277,3.3336,0.08,-0.0,0.0001,-0.0,18.5861,4.2662,1.1088,1.746,-0.0001,0.0001,-0.0001,0.0001,0.0,1.07,134.1391,-437.9072,-322.354,558.7981,1
20.971,17.5277,3.3336,0.08,-0.0,0.0001,-0.0,18.5862,4.2655,1.1085,1.7455,-0.0,-0.0007,0.0008,0.0011,0.0,1.071,134.137,-437.9078,-322.354,558.7982,1
21.012,17.5277,3.3336,0.08,-0.0,0.0001,-0.0,18.485,4.1444,1.3807,1.8071,-0.0005,-0.0,0.0001,0.0006,0.0,1.203,133.97,-445.8364,-327.778,568.1579,1
21.054,17.5277,3.3336,0.08,-0.0,0.0001,0.0,18.4848,4.1436,1.3814,1.8071,-0.0001,0.0005,0.0001,0.0006,0.0,1.204,133.9688,-445.8368,-327.778,568.1579,1
21.095,17.5277,3.3336,0.08,-0.0,0.0001,-0.0,18.4845,4.1426,1.3822,1.8071,-0.0002,-0.0002,-0.0001,0.0003,0.0,1.205,133.7859,-451.2707,-332.026,574.8699,1
21.137,17.5277,3.3336,0.08,-0.0,0.0001,0.0,18.4286,4.6446,1.5395,2.1588,-0.0004,-0.0004,-0.0009,0.0011,0.0,0.729,133.7848,-451.271,-332.026,574.87,1
21.179,17.5277,3.3336,0.08,-0.0,0.0001,0.0,18.4286,4.6448,1.5395,2.159,0.0002,0.0002,-0.0003,0.0004,0.0,0.728,133.7835,-451.2714,-332.026,574.87,1
21.22,17.5277,3.3336,0.08,-0.0,0.0001,-0.0,18.5598,4.7879,1.6321,2.3642,0.0001,-0.0002,0.0003,0.0004,0.0,0.556,133.7831,-451.2715,-332.026,574.87,1
21.262,17.5277,3.3336,0.08,-0.0,0.0001,-0.0,18.5601,4.7881,1.632,2.3644,-0.0004,0.0004,0.0005,0.0008,0.0,0.556,133.6003,-458.297,-337.43,583.5141,1
21.303,17.5277,3.3336,0.08,-0.0,0.0001,-0.0,18.5603,4.7884,1.632,2.3646,-0.0003,-0.0001,0.0004,0.0005,0.0,0.555,133.6003,-458.297,-337.43,583.5141,1
21.345,17.5277,3.3336,0.08,-0.0,0.0001,-0.0,18.3751,4.5115,1.5622,2.0742,-0.0001,0.0002,-0.0005,0.0006,0.0,0.872,133.5984,-458.2976,-337.43,583.5142,1
21.387,17.5277,3.3337,0.08,-0.0,0.0001,-0.0,18.377,4.5126,1.5619,2.0754,-0.0003,-0.0002,-0.0006,0.0007,0.0,0.87,133.3604,-465.2222,-343.095,592.2253,1
21.428,17.5277,3.3337,0.08,-0.0,0.0001,0.0,18.2993,4.5061,1.6201,2.0837,0.0003,0.0009,-0.0005,0.0011,0.0,0.88,133.3585,-465.2227,-343.095,592.2254,1
21.47,17.5277,3.3337,0.08,-0.0,0.0001,-0.0,18.3,4.5053,1.6206,2.0839,-0.0004,-0.0001,0.0003,0.0005,0.0,0.881,133.3572,-465.2231,-343.095,592.2255,1
21.511,17.5277,3.3337,0.08,-0.0,0.0001,-0.0,18.3005,4.5047,1.6209,2.084,0.0002,-0.0004,0.0,0.0005,0.0,0.881,133.0776,-473.1556,-349.688,602.2719,1
21.553,17.5277,3.3337,0.08,-0.0,0.0001,-0.0,18.8465,4.4286,1.434,2.1844,0.0003,0.0001,-0.0005,0.0006,0.0,0.922,132.8428,-478.8194,-354.876,609.7236,1
21.595,17.5277,3.3337,0.08,-0.0,0.0001,-0.0,18.8482,4.4287,1.4351,2.1861,-0.0005,-0.0003,0.0003,0.0007,0.0,0.923,132.8408,-478.8199,-354.876,609.7237,1
21.636,17.5277,3.3337,0.08,-0.0,0.0001,-0.0,18.8494,4.4288,1.4359,2.1874,-0.0002,-0.0006,-0.0005,0.0007,0.0,0.923,132.8398,-478.8202,-354.876,609.7237,1
21.678,17.5276,3.3337,0.08,-0.0,0.0001,0.0,18.8506,4.4288,1.4367,2.1886,0.0002,0.0001,-0.0002,0.0003,0.0,0.923,132.8395,-478.8203,-354.876,609.7237,1
21.719,17.5276,3.3337,0.08,-0.0,0.0001,-0.0,18.8942,4.3645,1.1278,2.007,-0.0002,-0.0003,-0.0007,0.0008,0.0,0.995,132.5052,-487.0825,-362.185,620.4545,1
21.761,17.5276,3.3337,0.08,-0.0,0.0001,-0.0,18.8938,4.3655,1.1266,2.0065,0.0002,-0.0004,-0.0001,0.0005,0.0,0.994,132.5042,-487.0828,-362.185,620.4545,1
21.803,17.5276,3.3337,0.08,-0.0,0.0001,-0.0,18.8933,4.3664,1.1252,2.006,-0.0001,-0.0001,0.0011,0.0011,0.0,0.993,132.233,-492.9691,-367.802,628.3398,1
21.844,17.5276,3.3337,0.08,-0.0,0.0001,-0.0,18.7491,4.9151,1.382,2.385,0.0001,0.0001,0.0006,0.0007,0.04,0.426,132.2312,-492.9696,-367.802,628.3399,1
21.886,17.5276,3.3337,0.08,-0.0,0.0001,0.0,18.7508,4.9161,1.383,2.387,0.0002,-0.0,-0.0002,0.0003,0.041,0.426,132.2312,-492.9696,-367.802,628.3399,1
21.927,17.5276,3.3337,0.08,-0.0,0.0001,-0.0,18.7525,4.9171,1.3841,2.3891,-0.0,-0.0006,-0.0002,0.0006,0.042,0.425,132.2305,-492.9697,-367.802,628.3399,1
21.969,17.5276,3.3337,0.08,-0.0,0.0001,-0.0,18.4733,5.0493,1.3039,2.3098,0.0002,-0.0005,0.0009,0.001,0.177,0.344,131.8621,-501.6416,-375.821,639.8234,1
22.011,17.5276,3.3337,0.08,-0.0,0.0001,-0.0,18.4731,5.0506,1.3049,2.3113,-0.0004,-0.0001,0.0004,0.0005,0.179,0.343,131.5371,-507.8172,-381.813,648.1633,1
22.052,17.5276,3.3337,0.08,-0.0,0.0001,-0.0,18.4729,5.052,1.3059,2.3128,-0.0001,0.0001,0.0009,0.0009,0.181,0.342,131.8616,-501.6418,-375.821,639.8235,1
22.094,17.5276,3.3337,0.08,-0.0,0.0001,-0.0,18.4729,5.0538,1.3072,2.3148,-0.0004,0.0002,-0.0003,0.0006,0.183,0.34,131.5344,-507.8179,-381.813,648.1634,1
22.135,17.5276,3.3337,0.08,-0.0,0.0001,-0.0,18.4729,5.0552,1.3082,2.3164,-0.0001,-0.0001,0.0001,0.0002,0.185,0.339,131.5339,-507.818,-381.813,648.1634,1
22.177,17.5276,3.3337,0.08,-0.0,0.0001,-0.0,18.5999,4.6409,1.2134,2.0354,0.0005,-0.0004,0.0004,0.0008,0.0,0.696,131.0633,-516.8814,-390.444,660.3205,1
22.219,17.5276,3.3337,0.08,-0.0,0.0001,-0.0,18.6011,4.6403,1.2122,2.035,-0.0003,0.0003,-0.0008,0.0009,0.0,0.696,131.0609,-516.882,-390.444,660.3206,1
22.26,17.5276,3.3337,0.08,-0.0,0.0001,-0.0,18.6021,4.6398,1.2114,2.0348,0.0003,0.0003,-0.0,0.0004,0.0,0.697,130.6618,-523.3786,-396.734,669.0938,1
22.302,17.5276,3.3337,0.08,-0.0,0.0001,-0.0,18.6031,4.6394,1.2106,2.0346,0.0,-0.0002,-0.0,0.0002,0.0,0.697,130.6612,-523.3787,-396.734,669.0938,1
22.343,17.5276,3.3337,0.08,-0.0,0.0001,0.0,18.6903,4.5806,1.2365,2.0601,-0.0002,0.0001,-0.0003,0.0004,0.0,0.753,130.6605,-523.3789,-396.734,669.0939,1
22.385,17.5276,3.3337,0.08,-0.0,0.0001,-0.0,18.69,4.5792,1.236,2.0588,-0.0004,-0.0004,-0.0003,0.0006,0.0,0.754,130.0781,-532.8657,-405.724,681.8023,1
22.427,17.5276,3.3337,0.08,-0.0,0.0001,-0.0,18.6896,4.5779,1.2356,2.0575,0.0005,0.0004,-0.0009,0.0011,0.0,0.756,130.0765,-532.8661,-405.724,681.8024,1
22.468,17.5276,3.3338,0.08,-0.0,0.0001,-0.0,18.4585,4.5849,1.1194,1.8741,-0.0,-0.0,-0.0003,0.0003,0.0,0.777,130.0755,-532.8664,-405.724,681.8024,1
22.51,17.5276,3.3338,0.08,-0.0,0.0001,-0.0,18.4573,4.5849,1.118,1.8728,-0.0001,-0.0002,0.0001,0.0002,0.0,0.777,130.0753,-532.8664,-405.724,681.8024,1
22.551,17.5276,3.3338,0.08,-0.0,0.0001,0.0,18.4561,4.585,1.1165,1.8714,-0.0,0.0005,-0.0004,0.0006,0.0,0.777,129.4646,-542.6328,-414.961,694.8874,1
22.593,17.5276,3.3338,0.08,-0.0,0.0001,-0.0,18.5951,4.5575,1.2186,1.9833,-0.0,0.0003,0.0002,0.0004,0.0,0.779,129.4641,-542.633,-414.961,694.8874,1
22.635,17.5276,3.3338,0.08,-0.0,0.0001,0.0,18.5959,4.558,1.2199,1.9848,-0.0004,-0.0,-0.0002,0.0004,0.0,0.779,128.8976,-549.8098,-421.475,704.3293,1
22.676,17.5276,3.3338,0.08,-0.0,0.0001,-0.0,18.5968,4.5585,1.2212,1.9864,0.0004,-0.0,-0.0006,0.0007,0.0,0.778,128.8958,-549.8102,-421.475,704.3293,1
22.718,17.5276,3.3338,0.08,-0.0,0.0001,-0.0,18.5981,4.5592,1.2229,1.9884,0.0004,-0.0001,0.0005,0.0007,0.0,0.777,127.953,-560.5439,-430.752,718.1699,1
22.759,17.5276,3.3338,0.08,-0.0,0.0001,-0.0,18.5274,4.8911,1.4278,2.2894,-0.0001,0.0001,-0.0008,0.0008,0.0,0.464,127.9506,-560.5444,-430.752,718.17,1
22.801,17.5276,3.3338,0.08,-0.0,0.0001,-0.0,18.5277,4.8915,1.4295,2.2908,0.0002,-0.0005,0.0005,0.0007,0.0,0.463,127.9495,-560.5447,-430.752,718.17,1
22.843,17.5276,3.3338,0.08,-0.0,0.0001,0.0,18.5281,4.8922,1.4318,2.2928,0.0001,-0.0001,0.0005,0.0005,0.0,0.462,127.0789,-568.6303,-437.031,728.1555,1
22.884,17.5276,3.3338,0.08,-0.0,0.0001,-0.0,18.8179,4.5957,1.4531,2.2677,-0.0004,0.0004,-0.0005,0.0007,0.0,0.753,127.0776,-568.6306,-437.031,728.1555,1
22.926,17.5276,3.3338,0.08,-0.0,0.0001,-0.0,18.8189,4.5951,1.4517,2.2672,0.0,-0.0013,0.0,0.0013,0.0,0.754,125.8043,-579.0061,-444.745,740.7516,1
22.967,17.5276,3.3338,0.08,-0.0,0.0001,0.0,18.8202,4.5945,1.45,2.2665,0.0008,0.0,0.0001,0.0008,0.0,0.755,125.8019,-579.0066,-444.745,740.7516,1
23.009,17.5276,3.3338,0.08,-0.0,0.0001,-0.0,18.8212,4.594,1.4487,2.266,0.0004,0.0002,-0.0003,0.0005,0.0,0.755,125.8004,-579.007,-444.745,740.7517,1
23.051,17.5276,3.3338,0.08,-0.0,0.0001,-0.0,18.8221,4.5936,1.4475,2.2655,-0.0002,-0.0,0.0007,0.0007,0.0,0.756,125.8001,-579.007,-444.745,740.7517,1
23.092,17.5276,3.3338,0.08,-0.0,0.0001,-0.0,18.7457,4.448,1.0293,1.9043,-0.0002,0.0001,0.0005,0.0006,0.0,0.889,124.0944,-591.1048,-453.264,755.1388,1
23.134,17.5276,3.3338,0.08,-0.0,0.0001,-0.0,18.7475,4.4491,1.0297,1.9063,0.0001,0.0008,0.0001,0.0008,0.0,0.888,124.0925,-591.1052,-453.264,755.1388,1
23.175,17.5276,3.3338,0.08,-0.0,0.0001,0.0,18.7494,4.4501,1.0301,1.9083,-0.0001,-0.0003,-0.0,0.0003,0.0,0.887,122.4405,-600.0793,-458.817,765.3107,1
23.217,17.5276,3.3338,0.08,-0.0,0.0001,0.0,18.5017,4.5502,1.0488,1.8349,0.0001,0.0001,-0.0003,0.0004,0.0,0.8,122.4391,-600.0796,-458.817,765.3108,1
23.259,17.5276,3.3338,0.08,-0.0,0.0001,-0.0,18.5024,4.5512,1.0483,1.8358,-0.0008,0.0001,-0.0015,0.0016,0.0,0.799,122.4385,-600.0797,-458.817,765.3108,1
23.3,17.5276,3.3338,0.08,-0.0,0.0001,-0.0,18.5032,4.5523,1.0479,1.8367,-0.0003,-0.0,-0.0005,0.0006,0.0,0.798,122.4383,-600.0797,-458.817,765.3108,1
23.342,17.5276,3.3338,0.08,-0.0,0.0001,0.0,18.5042,4.5537,1.0473,1.8378,-0.0002,0.0001,-0.0003,0.0004,0.0,0.796,117.3521,-623.8302,-473.088,791.9517,1
23.383,17.5276,3.3338,0.08,-0.0,0.0001,-0.0,18.4394,4.5563,0.5906,1.6083,-0.0001,-0.0003,0.0004,0.0005,0.0,0.81,117.3497,-623.8306,-473.088,791.9518,1
23.425,17.5276,3.3338,0.08,-0.0,0.0001,-0.0,18.4389,4.5559,0.5912,1.6079,0.0001,-0.0006,-0.0001,0.0006,0.0,0.81,117.3469,-623.8312,-473.088,791.9519,1
23.467,17.5276,3.3338,0.08,-0.0,0.0001,0.0,18.4383,4.5554,0.5921,1.6074,-0.0004,0.0003,-0.0004,0.0006,0.0,0.811,117.3455,-623.8315,-473.088,791.9519,1
23.508,17.5276,3.3338,0.08,-0.0,0.0001,0.0,18.5873,4.2372,0.8803,1.6061,0.0001,0.0009,-0.0007,0.0011,0.0,1.099,114.6727,-632.8164,-477.755,801.5301,1
23.55,17.5276,3.3339,0.08,-0.0,0.0001,0.0,18.5884,4.2367,0.8794,1.6061,0.0005,-0.0005,0.0002,0.0008,0.0,1.099,114.672,-632.8165,-477.755,801.5301,1
23.591,17.5276,3.3339,0.08,-0.0,0.0001,-0.0,18.5899,4.236,0.8782,1.6061,0.0001,-0.0003,0.0,0.0003,0.0,1.1,114.6711,-632.8167,-477.755,801.5302,1
23.633,17.5276,3.3339,0.08,-0.0,0.0001,0.0,18.5911,4.2355,0.8773,1.6061,0.0002,0.0003,-0.0008,0.0009,0.0,1.1,110.8485,-645.3377,-484.556,815.0801,1
23.675,17.5276,3.3339,0.08,-0.0,0.0001,-0.0,18.5924,4.2349,0.8764,1.6062,0.0,0.0003,0.0003,0.0004,0.0,1.101,110.847,-645.3379,-484.556,815.0801,1
23.716,17.5276,3.3339,0.08,-0.0,0.0001,-0.0,18.3689,3.8972,0.918,1.3143,-0.0001,0.0006,0.0002,0.0007,0.0,1.467,110.8451,-645.3382,-484.556,815.0802,1
23.758,17.5276,3.3339,0.08,-0.0,0.0001,0.0,18.3696,3.8965,0.9182,1.3146,-0.0003,-0.0,0.0006,0.0007,0.0,1.467,107.4667,-653.985,-488.746,824.0801,1
23.799,17.5276,3.3339,0.08,-0.0,0.0001,-0.0,18.2524,3.8545,0.6601,1.0644,-0.0001,-0.0003,0.0003,0.0004,0.0,1.5,107.4646,-653.9854,-488.746,824.0801,1
23.841,17.5276,3.3339,0.08,-0.0,0.0001,-0.0,18.2498,3.855,0.6607,1.0632,0.0001,0.0004,0.001,0.001,0.0,1.499,102.6822,-666.2254,-495.03,837.0752,1
23.883,17.5276,3.3339,0.08,-0.0,0.0001,-0.0,18.2477,3.8554,0.6612,1.0623,-0.0001,-0.0001,0.0004,0.0004,0.0,1.499,102.6805,-666.2257,-495.03,837.0752,1
23.924,17.5276,3.3339,0.08,-0.0,0.0001,0.0,18.4302,4.0709,0.6165,1.2829,0.0,-0.0003,0.0001,0.0003,0.0,1.284,102.6785,-666.226,-495.03,837.0753,1
23.966,17.5276,3.3339,0.08,-0.0,0.0001,0.0,18.4322,4.0723,0.6179,1.2856,0.0003,0.0001,-0.0005,0.0007,0.0,1.283,102.6775,-666.2261,-495.03,837.0753,1
24.007,17.5276,3.3339,0.08,-0.0,0.0001,-0.0,18.5601,4.1784,0.5478,1.4136,0.0003,0.0001,0.0001,0.0003,0.0,1.16,98.6218,-674.2496,-498.949,845.4144,1
24.049,17.5276,3.3339,0.08,-0.0,0.0001,-0.0,18.5604,4.1799,0.5468,1.4143,-0.0001,-0.0001,0.0007,0.0007,0.0,1.158,98.6203,-674.2498,-498.949,845.4145,1
24.091,17.5276,3.3339,0.08,-0.0,0.0001,-0.0,18.375,3.9652,0.6181,1.1858,-0.0003,-0.0003,-0.0002,0.0005,0.0,1.399,92.9279,-685.7719,-505.008,857.7097,1
24.132,17.5276,3.3339,0.08,-0.0,0.0001,0.0,18.3734,3.9664,0.6171,1.1849,0.0003,-0.0,-0.0002,0.0004,0.0,1.398,92.9243,-685.7724,-505.008,857.7098,1
24.174,17.5276,3.3339,0.08,-0.0,0.0001,-0.0,18.3717,3.9677,0.6161,1.1839,0.0002,-0.0011,-0.0003,0.0011,0.0,1.397,86.7381,-696.634,-510.961,869.4297,1
24.215,17.5276,3.3339,0.08,-0.0,0.0001,-0.0,18.2243,4.0689,0.7575,1.2185,0.0004,0.0001,0.0006,0.0007,0.0,1.284,86.7334,-696.6346,-510.961,869.4298,1
24.257,17.5276,3.3339,0.08,-0.0,0.0001,-0.0,18.2222,4.0705,0.756,1.2174,-0.0001,-0.0001,0.0009,0.001,0.0,1.282,86.7326,-696.6347,-510.961,869.4299,1
24.299,17.5276,3.3339,0.08,-0.0,0.0001,-0.0,18.2202,4.0721,0.7544,1.2163,-0.0001,-0.0,-0.0005,0.0005,0.0,1.28,81.8974,-703.3912,-515.03,876.8935,1
24.34,17.5276,3.3339,0.08,-0.0,0.0001,-0.0,18.4722,3.9229,0.6402,1.2462,0.0001,0.0004,0.0,0.0004,0.0,1.424,81.8949,-703.3915,-515.03,876.8936,1
24.382,17.5276,3.3339,0.08,-0.0,0.0001,-0.0,18.4727,3.9218,0.6398,1.2459,-0.0004,0.0005,-0.0005,0.0008,0.0,1.425,81.8904,-703.3921,-515.03,876.8937,1
24.423,17.5276,3.3339,0.08,-0.0,0.0001,-0.0,18.4733,3.9207,0.6395,1.2457,0.0002,0.0008,-0.0007,0.001,0.0,1.426,75.0557,-713.2185,-521.348,888.0563,1
24.465,17.5276,3.3339,0.08,-0.0,0.0001,-0.0,18.4738,3.9193,0.6391,1.2452,0.0003,-0.0003,-0.0007,0.0008,0.0,1.427,75.05,-713.2192,-521.348,888.0565,1
24.507,17.5276,3.3339,0.08,-0.0,0.0001,-0.0,18.4723,3.656,0.4711,1.072,0.0003,-0.0007,-0.0,0.0007,0.0,1.689,75.0491,-713.2192,-521.348,888.0565,1
24.548,17.5276,3.3339,0.08,-0.0,0.0001,-0.0,18.4722,3.6576,0.4692,1.0717,-0.0002,-0.0004,-0.0004,0.0006,0.0,1.687,69.9171,-719.0976,-525.89,895.1516,1
24.59,17.5276,3.3339,0.08,-0.0,0.0001,-0.0,18.4721,3.6598,0.4666,1.0713,0.0003,-0.0001,-0.0005,0.0006,0.0,1.685,62.7105,-727.7664,-532.83,905.8379,1
24.631,17.5276,3.334,0.08,-0.0,0.0001,-0.0,18.8151,4.0048,0.2508,1.4618,-0.0003,-0.0004,-0.0002,0.0005,0.0,1.337,62.7057,-727.7669,-532.83,905.838,1
24.673,17.5276,3.334,0.08,-0.0,0.0001,0.0,18.8152,4.0065,0.2499,1.4626,-0.0004,0.0003,0.0002,0.0005,0.0,1.335,62.7033,-727.7671,-532.83,905.8381,1
24.715,17.5276,3.334,0.08,-0.0,0.0001,-0.0,18.8155,4.0088,0.2488,1.4638,0.0,0.0003,-0.0005,0.0006,0.0,1.333,62.7027,-727.7671,-532.83,905.8381,1
24.756,17.5276,3.334,0.08,-0.0,0.0001,-0.0,18.8157,4.0105,0.248,1.4646,0.0004,-0.0004,-0.001,0.0011,0.0,1.331,57.4608,-732.8564,-538.111,912.8091,1
24.798,17.5276,3.334,0.08,-0.0,0.0001,0.0,18.8158,4.0123,0.2472,1.4655,0.0001,0.0007,0.0002,0.0007,0.0,1.329,57.4579,-732.8566,-538.111,912.8092,1
24.839,17.5276,3.334,0.08,-0.0,0.0001,-0.0,18.8698,4.3965,0.3649,1.7354,-0.0001,0.0007,-0.0006,0.0009,0.0,0.959,57.4565,-732.8568,-538.111,912.8092,1
24.881,17.5276,3.334,0.08,-0.0,0.0001,-0.0,18.8703,4.3978,0.3653,1.7367,0.0001,0.0006,-0.0003,0.0006,0.0,0.957,50.0692,-740.6252,-546.078,923.4841,1
24.923,17.5276,3.334,0.08,-0.0,0.0001,-0.0,18.8709,4.3992,0.3658,1.738,-0.0004,-0.0002,-0.0007,0.0008,0.0,0.956,50.0661,-740.6255,-546.078,923.4841,1
24.964,17.5276,3.334,0.08,-0.0,0.0001,0.0,18.8716,4.4009,0.3664,1.7398,0.0002,-0.0008,-0.0004,0.0009,0.0,0.955,50.0646,-740.6256,-546.078,923.4842,1
25.006,17.5276,3.334,0.08,-0.0,0.0001,-0.0,18.8723,4.4023,0.3668,1.7412,-0.0002,-0.0,0.0005,0.0005,0.0,0.953,44.8461,-745.2499,-552.111,930.6122,1
25.047,17.5276,3.334,0.08,-0.0,0.0001,-0.0,18.8021,4.5562,0.5892,1.8378,0.0003,0.0004,0.0016,0.0017,0.0,0.789,44.8452,-745.25,-552.111,930.6122,1
25.089,17.5276,3.334,0.08,-0.0,0.0001,0.0,18.8014,4.5552,0.59,1.8369,0.0002,-0.0001,0.0001,0.0003,0.0,0.79,38.3512,-751.4202,-559.787,939.9674,1
25.131,17.5276,3.334,0.08,-0.0,0.0001,-0.0,18.7441,4.4215,0.7931,1.7807,0.0006,0.0002,0.0004,0.0007,0.0,0.915,38.3488,-751.4204,-559.787,939.9674,1
25.172,17.5276,3.334,0.08,-0.0,0.0001,0.0,18.7425,4.4207,0.7937,1.7794,-0.0001,0.0006,-0.0007,0.0009,0.0,0.916,38.3451,-751.4206,-559.787,939.9675,1
25.214,17.5276,3.334,0.08,-0.0,0.0001,-0.0,18.7403,4.4196,0.7945,1.7776,0.0,-0.0002,-0.0002,0.0003,0.0,0.917,30.9535,-758.3098,-568.669,950.6613,1
25.255,17.5276,3.334,0.08,-0.0,0.0001,0.0,18.3441,4.4341,0.8165,1.5555,-0.0008,-0.0002,-0.0005,0.0009,0.0,0.955,30.9481,-758.31,-568.669,950.6614,1
25.297,17.5276,3.334,0.08,-0.0,0.0001,-0.0,18.3431,4.4357,0.8172,1.5564,-0.0002,0.0006,0.0005,0.0008,0.0,0.954,25.7355,-762.7612,-575.457,958.2338,1
25.339,17.5276,3.334,0.08,-0.0,0.0001,0.0,18.3418,4.438,0.8181,1.5577,0.0002,0.0004,0.0003,0.0005,0.0,0.952,25.7323,-762.7613,-575.457,958.2339,1
25.38,17.5276,3.334,0.08,-0.0,0.0001,-0.0,18.3407,4.4397,0.8187,1.5587,-0.0001,0.0002,-0.0003,0.0004,0.0,0.951,18.2447,-769.4765,-585.206,969.4309,1
25.422,17.5276,3.334,0.08,-0.0,0.0001,0.0,18.3397,4.4414,0.8194,1.5596,-0.0001,-0.0003,-0.0004,0.0005,0.0,0.95,18.2404,-769.4766,-585.206,969.431,1
25.463,17.5276,3.334,0.08,-0.0,0.0001,-0.0,18.2764,4.8988,0.7049,1.8438,-0.0002,-0.0003,0.0,0.0004,0.0,0.515,18.2382,-769.4767,-585.206,969.431,1
25.505,17.5276,3.334,0.08,-0.0,0.0001,-0.0,18.2757,4.9005,0.7031,1.8444,0.0001,-0.0002,0.0007,0.0007,0.0,0.513,18.2372,-769.4767,-585.206,969.4311,1
25.547,17.5276,3.334,0.08,-0.0,0.0001,0.0,18.437,4.7209,0.7201,1.7777,0.0004,0.0004,-0.0008,0.001,0.0,0.654,13.0206,-773.8617,-592.548,977.3748,1
25.588,17.5275,3.334,0.08,-0.0,0.0001,-0.0,18.4377,4.7206,0.7186,1.7772,0.0002,-0.0003,0.0004,0.0006,0.0,0.654,5.4061,-780.5219,-603.068,989.1231,1
25.63,17.5275,3.334,0.08,-0.0,0.0001,-0.0,18.4382,4.7203,0.7174,1.7769,0.0001,0.0004,-0.0005,0.0006,0.0,0.654,5.4015,-780.5219,-603.068,989.1232,1
25.671,17.5275,3.334,0.08,-0.0,0.0001,-0.0,18.1897,4.8996,0.8025,1.847,0.0003,0.0001,-0.0007,0.0008,0.0,0.473,5.4002,-780.5219,-603.068,989.1232,1
25.713,17.5275,3.3341,0.08,-0.0,0.0001,-0.0,18.1901,4.8996,0.8009,1.8465,0.0002,0.0004,-0.0013,0.0014,0.0,0.474,5.3982,-780.522,-603.068,989.1233,1
25.755,17.5275,3.3341,0.08,-0.0,0.0001,-0.0,18.1906,4.8996,0.7998,1.8463,0.0001,0.001,-0.0007,0.0012,0.0,0.474,0.1661,-784.896,-610.992,997.5054,1
25.796,17.5275,3.3341,0.08,-0.0,0.0001,0.0,18.191,4.8998,0.7986,1.8461,0.0003,-0.0002,-0.0008,0.0009,0.0,0.474,0.1629,-784.896,-610.992,997.5055,1
25.838,17.5275,3.3341,0.08,-0.0,0.0001,-0.0,18.1916,4.9,0.7972,1.8459,0.0004,0.0004,0.0004,0.0007,0.0,0.474,0.1624,-784.896,-610.992,997.5055,1
25.879,17.5275,3.3341,0.08,-0.0,0.0001,-0.0,18.3883,5.071,0.9991,2.1454,-0.0,-0.0005,0.0007,0.0008,0.113,0.382,-7.4684,-791.498,-622.432,1009.903,1
25.921,17.5275,3.3341,0.08,-0.0,0.0001,0.0,18.3887,5.0703,1.0008,2.1457,-0.0003,0.0006,0.0007,0.001,0.112,0.383,-7.4706,-791.498,-622.432,1009.903,1
25.963,17.5275,3.3341,0.08,-0.0,0.0001,-0.0,18.4136,4.9409,0.9704,2.0396,-0.0005,0.0004,0.0003,0.0007,0.0,0.467,-7.4733,-791.498,-622.432,1009.9031,1
26.004,17.5275,3.3341,0.08,-0.0,0.0001,-0.0,18.4143,4.9402,0.9696,2.0389,-0.0,0.0002,0.0004,0.0005,0.0,0.467,-14.1572,-797.1319,-632.896,1020.984,1
26.046,17.5275,3.3341,0.08,-0.0,0.0001,-0.0,18.3859,4.8707,1.0207,1.9957,-0.0005,0.0002,0.0004,0.0007,0.0,0.541,-14.1572,-797.1319,-632.896,1020.984,1
26.087,17.5275,3.3341,0.08,-0.0,0.0001,-0.0,18.3871,4.8723,1.0209,1.9975,-0.0003,-0.0009,0.0002,0.0009,0.0,0.539,-21.7229,-803.5968,-645.121,1033.9064,1
26.129,17.5275,3.3341,0.08,-0.0,0.0001,-0.0,18.3879,4.8735,1.021,1.9988,-0.0003,0.0001,0.0006,0.0007,0.0,0.538,-21.7253,-803.5968,-645.121,1033.9064,1
26.171,17.5275,3.3341,0.08,-0.0,0.0001,0.0,18.4581,4.8172,0.9334,1.9478,-0.0001,-0.0001,-0.0001,0.0002,0.0,0.557,-21.7281,-803.5967,-645.121,1033.9065,1
26.212,17.5275,3.3341,0.08,-0.0,0.0001,-0.0,18.4604,4.8179,0.9317,1.9486,-0.0001,0.0001,0.0,0.0002,0.0,0.555,-27.0723,-808.1196,-654.162,1043.3019,1
26.254,17.5275,3.3341,0.08,-0.0,0.0001,-0.0,18.4621,4.8184,0.9303,1.9493,-0.0001,0.0004,-0.0007,0.0008,0.0,0.554,-27.0759,-808.1195,-654.162,1043.302,1
26.295,17.5275,3.3341,0.08,-0.0,0.0001,0.0,18.4639,4.819,0.929,1.95,0.0002,0.0002,-0.0004,0.0006,0.0,0.553,-27.0765,-808.1195,-654.162,1043.302,1
26.337,17.5275,3.3341,0.08,-0.0,0.0001,0.0,18.4662,4.8199,0.9271,1.9509,0.0001,-0.0003,-0.0001,0.0004,0.0,0.551,-34.9167,-814.7993,-666.903,1056.8628,1
26.379,17.5275,3.3341,0.08,-0.0,0.0001,-0.0,18.4868,4.975,0.9081,2.0733,-0.0001,-0.0003,-0.0006,0.0007,0.082,0.401,-34.9201,-814.7992,-666.903,1056.8629,1
26.42,17.5275,3.3341,0.08,-0.0,0.0001,-0.0,18.6019,5.1701,0.954,2.2998,0.0003,0.0002,-0.0007,0.0008,0.457,0.176,-34.9206,-814.7992,-666.903,1056.8629,1
26.462,17.5275,3.3341,0.08,-0.0,0.0001,-0.0,18.6039,5.17,0.9519,2.2998,-0.0008,-0.0003,-0.0002,0.0009,0.458,0.175,-40.4149,-819.477,-675.928,1066.4719,1
26.503,17.5275,3.3341,0.08,-0.0,0.0001,-0.0,18.6054,5.1699,0.9504,2.2999,-0.0,0.0002,-0.0008,0.0009,0.459,0.175,-47.407,-825.4617,-687.109,1078.586,1
26.545,17.5275,3.3341,0.08,-0.0,0.0001,-0.0,18.6069,5.1698,0.9489,2.3,0.0003,-0.0001,-0.0001,0.0003,0.46,0.174,-47.4087,-825.4616,-687.109,1078.586,1
26.587,17.5275,3.3341,0.08,-0.0,0.0001,-0.0,18.7161,4.9899,1.1204,2.2884,0.0005,0.0003,0.0002,0.0006,0.172,0.347,-47.4108,-825.4615,-687.109,1078.5861,1
26.628,17.5275,3.3341,0.08,-0.0,0.0001,-0.0,18.7164,4.9887,1.1204,2.2877,-0.0005,-0.0009,-0.0004,0.0011,0.17,0.348,-47.4118,-825.4614,-687.109,1078.5861,1
26.67,17.5275,3.3341,0.08,-0.0,0.0001,-0.0,18.7167,4.9875,1.1204,2.287,-0.0,0.0001,-0.0004,0.0004,0.168,0.349,-55.4879,-832.4311,-699.854,1092.5852,1
26.711,17.5275,3.3341,0.08,-0.0,0.0001,-0.0,18.7129,4.8698,1.0153,2.1536,-0.0002,-0.0001,-0.0002,0.0003,0.0,0.466,-55.4911,-832.4309,-699.854,1092.5853,1
26.753,17.5275,3.3342,0.08,-0.0,0.0001,0.0,18.7131,4.8689,1.0151,2.153,-0.0,-0.0001,0.0001,0.0002,0.0,0.467,-55.4916,-832.4309,-699.854,1092.5853,1
26.795,17.5275,3.3342,0.08,-0.0,0.0001,0.0,18.7133,4.8681,1.015,2.1525,-0.0,0.0,0.0004,0.0004,0.0,0.468,-61.3277,-837.4256,-708.868,1102.589,1
26.836,17.5275,3.3342,0.08,-0.0,0.0001,-0.0,18.7134,4.8671,1.0148,2.1518,0.0,-0.0002,-0.0003,0.0004,0.0,0.469,-68.7878,-843.8013,-720.186,1115.29,1
26.878,17.5275,3.3342,0.08,-0.0,0.0001,-0.0,18.7135,4.8662,1.0147,2.1512,-0.0002,0.0001,0.0,0.0002,0.0,0.469,-68.7898,-843.8011,-720.186,1115.2901,1
26.919,17.5275,3.3342,0.08,-0.0,0.0001,-0.0,18.3852,4.6117,1.1336,1.8649,0.0,-0.0001,0.0,0.0001,0.0,0.775,-68.7923,-843.8009,-720.186,1115.2901,1
26.961,17.5275,3.3342,0.08,-0.0,0.0001,-0.0,18.3844,4.6106,1.1355,1.8648,0.0002,0.0,-0.0002,0.0003,0.0,0.776,-68.7935,-843.8008,-720.186,1115.2902,1
27.003,17.5275,3.3342,0.08,-0.0,0.0001,0.0,18.3837,4.6098,1.1369,1.8648,-0.0004,-0.0001,0.0009,0.001,0.0,0.777,-76.2815,-850.1823,-731.296,1127.9191,1
27.044,17.5275,3.3342,0.08,-0.0,0.0001,0.0,18.3832,4.609,1.1383,1.8648,-0.0001,0.0003,-0.0005,0.0006,0.0,0.778,-76.2825,-850.1823,-731.296,1127.9191,1
27.086,17.5275,3.3342,0.08,-0.0,0.0001,0.0,18.3824,4.608,1.1402,1.8648,-0.0001,0.0006,-0.0004,0.0007,0.0,0.779,-85.0258,-857.5856,-744.003,1142.5233,1
27.127,17.5275,3.3342,0.08,-0.0,0.0001,-0.0,18.5652,4.5818,1.3529,2.0624,-0.0003,-0.0001,0.0,0.0003,0.0,0.758,-85.027,-857.5855,-744.003,1142.5233,1
27.169,17.5275,3.3342,0.08,-0.0,0.0001,-0.0,18.5665,4.5829,1.355,2.0651,-0.0001,-0.0005,-0.0008,0.001,0.0,0.757,-85.0283,-857.5853,-744.003,1142.5234,1
27.211,17.5275,3.3342,0.08,-0.0,0.0001,-0.0,18.5873,4.4279,1.311,1.9582,-0.0001,-0.0005,-0.0003,0.0006,0.0,0.909,-91.5621,-863.0381,-753.021,1153.1099,1
27.252,17.5275,3.3342,0.08,-0.0,0.0001,-0.0,18.5882,4.4288,1.3121,1.9599,0.0,-0.0009,-0.0003,0.001,0.0,0.908,-91.5657,-863.0377,-753.021,1153.11,1
27.294,17.5275,3.3342,0.08,-0.0,0.0001,-0.0,18.5891,4.4298,1.3131,1.9616,0.0001,-0.0003,0.0004,0.0005,0.0,0.907,-91.5663,-863.0377,-753.021,1153.11,1
27.335,17.5275,3.3342,0.08,-0.0,0.0001,-0.0,18.7052,4.4497,1.6558,2.2615,0.0,-0.0003,0.0003,0.0004,0.0,0.884,-91.5667,-863.0376,-753.021,1153.11,1
27.377,17.5275,3.3342,0.08,-0.0,0.0001,0.0,18.7051,4.4495,1.6562,2.2617,0.0003,0.0003,-0.0001,0.0005,0.0,0.885,-101.0044,-870.856,-765.965,1168.3678,1
27.419,17.5275,3.3342,0.08,-0.0,0.0001,-0.0,18.7051,4.4493,1.6566,2.2618,-0.0004,0.0002,0.0001,0.0005,0.0,0.885,-109.5977,-877.9154,-777.341,1182.0089,1
27.46,17.5275,3.3342,0.08,-0.0,0.0001,-0.0,18.705,4.4491,1.6571,2.262,0.0004,-0.0002,0.0002,0.0005,0.0,0.885,-109.6003,-877.9151,-777.341,1182.009,1
27.502,17.5275,3.3342,0.08,-0.0,0.0001,-0.0,18.8301,4.3009,1.5182,2.1679,-0.0003,-0.0004,-0.0003,0.0005,0.0,1.045,-119.575,-885.9502,-790.218,1197.5787,1
27.543,17.5275,3.3342,0.08,-0.0,0.0001,-0.0,18.8286,4.3,1.5174,2.1661,-0.0001,0.0,0.0002,0.0003,0.0,1.046,-119.5775,-885.9498,-790.218,1197.5787,1
27.585,17.5275,3.3342,0.08,-0.0,0.0001,0.0,18.8266,4.2989,1.5162,2.1636,0.0002,-0.0007,-0.0003,0.0008,0.0,1.047,-119.5805,-885.9494,-790.218,1197.5788,1
27.627,17.5275,3.3342,0.08,-0.0,0.0001,-0.0,18.379,4.1317,1.5103,1.8457,-0.0001,-0.0003,-0.0012,0.0012,0.0,1.236,-127.0049,-891.7367,-799.237,1208.6973,1
27.668,17.5275,3.3342,0.08,-0.0,0.0001,-0.0,18.3784,4.1319,1.5096,1.845,0.0004,0.0001,0.0001,0.0004,0.0,1.235,-127.0072,-891.7364,-799.237,1208.6974,1
27.71,17.5275,3.3342,0.08,-0.0,0.0001,0.0,18.3776,4.1323,1.5086,1.844,0.0002,-0.0002,-0.0003,0.0005,0.0,1.235,-127.0083,-891.7363,-799.237,1208.6974,1
27.751,17.5275,3.3342,0.08,-0.0,0.0001,0.0,18.377,4.1325,1.5079,1.8433,-0.0002,-0.0002,-0.0002,0.0004,0.0,1.235,-127.0086,-891.7362,-799.237,1208.6974,1
27.793,17.5275,3.3342,0.08,-0.0,0.0001,-0.0,18.3764,4.1327,1.5073,1.8427,0.0005,-0.0003,-0.0001,0.0006,0.0,1.235,-137.7399,-900.0517,-812.337,1224.841,1
27.835,17.5275,3.3343,0.08,-0.0,0.0001,0.0,18.437,4.2733,1.5193,1.9444,0.0002,0.0002,-0.0002,0.0003,0.0,1.085,-137.7447,-900.051,-812.337,1224.8411,1
27.876,17.5275,3.3343,0.08,-0.0,0.0001,-0.0,18.4371,4.2741,1.5189,1.9446,0.0003,-0.0006,-0.0,0.0007,0.0,1.084,-137.7447,-900.051,-812.337,1224.8411,1
27.918,17.5275,3.3343,0.08,-0.0,0.0001,-0.0,18.4373,4.275,1.5186,1.9448,-0.0001,0.0003,-0.0,0.0003,0.0,1.083,-145.6404,-905.9152,-821.357,1236.1703,1
27.959,17.5275,3.3343,0.08,-0.0,0.0001,0.0,18.4375,4.2761,1.5181,1.9451,0.0008,-0.0005,-0.0019,0.0022,0.0,1.082,-145.6435,-905.9147,-821.357,1236.1704,1
28.001,17.5275,3.3343,0.08,-0.0,0.0001,-0.0,18.4377,4.277,1.5177,1.9453,0.0003,-0.0,0.0002,0.0003,0.0,1.081,-145.644,-905.9146,-821.357,1236.1704,1
28.043,17.5275,3.3343,0.08,-0.0,0.0001,0.0,18.4378,4.2777,1.5173,1.9455,0.0002,-0.0001,-0.0,0.0002,0.0,1.08,-157.1121,-914.3836,-834.519,1252.7013,1
28.084,17.5275,3.3343,0.08,-0.0,0.0001,-0.0,18.4257,4.0493,1.4291,1.7715,-0.0004,0.0003,-0.0004,0.0006,0.0,1.306,-165.4692,-920.2468,-843.535,1264.1898,1
28.126,17.5275,3.3343,0.08,-0.0,0.0001,-0.0,18.4247,4.0489,1.4292,1.7709,0.0,0.0007,-0.0002,0.0007,0.0,1.307,-165.4742,-920.2459,-843.535,1264.1899,1
28.167,17.5275,3.3343,0.08,-0.0,0.0001,0.0,18.4236,4.0484,1.4293,1.7702,0.0004,-0.0001,0.0001,0.0004,0.0,1.308,-165.475,-920.2457,-843.535,1264.19,1
28.209,17.5275,3.3343,0.08,-0.0,0.0001,-0.0,18.4222,4.0478,1.4295,1.7694,-0.0003,-0.0002,-0.0004,0.0006,0.0,1.309,-176.0979,-927.596,-854.974,1278.7648,1
28.251,17.5275,3.3343,0.08,-0.0,0.0001,-0.0,18.2068,4.2357,0.9974,1.4545,-0.0001,-0.0003,0.0007,0.0008,0.0,1.117,-176.1019,-927.5953,-854.974,1278.7649,1
28.292,17.5275,3.3343,0.08,-0.0,0.0001,0.0,18.2055,4.2364,0.9957,1.4534,-0.0,0.0,0.0001,0.0001,0.0,1.116,-176.1038,-927.595,-854.974,1278.7649,1
28.334,17.5275,3.3343,0.08,-0.0,0.0001,-0.0,18.2039,4.2374,0.9936,1.4518,-0.0003,-0.0002,-0.0005,0.0006,0.0,1.115,-186.7781,-934.7668,-866.194,1293.1377,1
28.375,17.5275,3.3343,0.08,-0.0,0.0001,-0.0,18.3101,4.2599,0.6617,1.3444,0.0005,-0.0004,-0.0001,0.0006,0.0,1.117,-186.7797,-934.7665,-866.194,1293.1377,1
28.417,17.5275,3.3343,0.08,-0.0,0.0001,-0.0,18.3109,4.2606,0.6579,1.3438,0.0004,-0.0005,-0.0005,0.0008,0.0,1.117,-186.7817,-934.7661,-866.194,1293.1377,1
28.459,17.5275,3.3343,0.08,-0.0,0.0001,0.0,18.7494,4.395,0.7523,1.7522,0.0001,-0.0005,-0.0007,0.0009,0.0,0.942,-199.1961,-942.8048,-878.807,1309.4238,1
28.5,17.5275,3.3343,0.08,-0.0,0.0001,0.0,18.7502,4.3946,0.7498,1.7516,0.0005,0.0,0.0002,0.0005,0.0,0.942,-199.2002,-942.8039,-878.807,1309.4238,1
28.542,17.5275,3.3343,0.08,-0.0,0.0001,0.0,18.751,4.3941,0.7474,1.7509,-0.0001,-0.0002,-0.0004,0.0005,0.0,0.943,-199.2008,-942.8038,-878.807,1309.4239,1
28.583,17.5275,3.3343,0.08,-0.0,0.0001,-0.0,18.5756,4.7766,0.9869,2.0003,-0.0004,0.0002,-0.0003,0.0006,0.0,0.564,-208.2319,-948.2935,-887.416,1320.6862,1
28.625,17.5275,3.3343,0.08,-0.0,0.0001,-0.0,18.5737,4.7777,0.9877,2.0004,0.0003,-0.0006,0.0001,0.0007,0.0,0.563,-208.2329,-948.2933,-887.416,1320.6862,1
28.667,17.5275,3.3343,0.08,-0.0,0.0001,-0.0,18.5717,4.7789,0.9886,2.0006,0.0002,-0.0002,0.0009,0.001,0.0,0.563,-221.4798,-956.321,-900.221,1337.3873,1
28.708,17.5275,3.3343,0.08,-0.0,0.0001,-0.0,18.569,4.7804,0.9898,2.0009,0.0003,0.0003,0.0003,0.0005,0.0,0.561,-221.4814,-956.3206,-900.221,1337.3873,1
28.75,17.5275,3.3343,0.08,-0.0,0.0001,0.0,18.5669,4.7816,0.9907,2.0011,0.0,0.0,-0.0004,0.0004,0.0,0.561,-232.5029,-962.5364,-910.383,1350.6903,1
28.791,17.5275,3.3343,0.08,-0.0,0.0001,0.0,18.5972,4.6808,1.3031,2.1103,-0.0,0.0001,0.0008,0.0008,0.0,0.656,-232.5055,-962.5358,-910.383,1350.6904,1
28.833,17.5275,3.3343,0.08,-0.0,0.0001,-0.0,18.5969,4.6807,1.3058,2.1116,-0.0003,0.0004,0.0008,0.0009,0.0,0.656,-232.5095,-962.5348,-910.383,1350.6904,1
28.875,17.5275,3.3343,0.08,-0.0,0.0001,-0.0,18.1516,4.8249,1.2961,2.0224,-0.0004,-0.0003,0.0006,0.0008,0.0,0.531,-245.0034,-969.2289,-921.736,1365.484,1
28.916,17.5275,3.3344,0.08,-0.0,0.0001,-0.0,18.1514,4.8242,1.2967,2.0222,-0.0002,-0.0001,-0.0001,0.0003,0.0,0.531,-245.006,-969.2283,-921.736,1365.484,1
28.958,17.5275,3.3344,0.08,-0.0,0.0001,0.0,18.1509,4.8233,1.2974,2.0218,0.0002,0.0001,-0.0004,0.0005,0.0,0.532,-245.0108,-969.2271,-921.736,1365.4841,1
28.999,17.5275,3.3344,0.08,-0.0,0.0001,0.0,18.1506,4.8225,1.298,2.0215,-0.0006,0.0001,-0.0004,0.0007,0.0,0.533,-254.0286,-973.3154,-929.492,1375.3878,1
29.041,17.5275,3.3344,0.08,-0.0,0.0001,-0.0,18.1502,4.8218,1.2985,2.0212,-0.0001,0.0005,-0.0,0.0005,0.0,0.533,-254.0319,-973.3145,-929.492,1375.3878,1
29.083,17.5275,3.3344,0.08,-0.0,0.0001,-0.0,17.9216,4.7179,1.0577,1.7394,-0.0001,0.0001,0.001,0.001,0.0,0.62,-254.0335,-973.3141,-929.492,1375.3878,1
29.124,17.5275,3.3344,0.08,-0.0,0.0001,0.0,17.9206,4.7175,1.0579,1.739,0.0001,0.0002,-0.0,0.0002,0.0,0.621,-266.9027,-978.966,-940.791,1389.6232,1
29.166,17.5275,3.3344,0.08,-0.0,0.0001,-0.0,17.9197,4.717,1.0582,1.7386,-0.0005,0.0003,-0.0003,0.0007,0.0,0.621,-266.9009,-978.9664,-940.791,1389.6232,1
29.207,17.5275,3.3344,0.08,-0.0,0.0001,-0.0,17.9185,4.7165,1.0586,1.7381,0.0001,-0.0008,-0.0014,0.0016,0.0,0.622,-275.9232,-982.0305,-948.432,1398.8324,1
29.249,17.5275,3.3344,0.08,-0.0,0.0001,0.0,17.9176,4.7161,1.0589,1.7377,0.0001,-0.0002,0.0001,0.0003,0.0,0.623,-275.9258,-982.0297,-948.432,1398.8325,1
29.291,17.5275,3.3344,0.08,-0.0,0.0001,0.0,17.9168,4.7158,1.0591,1.7374,-0.0004,0.0001,0.0007,0.0008,0.0,0.623,-275.9266,-982.0295,-948.432,1398.8325,1
29.332,17.5275,3.3344,0.08,-0.0,0.0001,-0.0,18.2431,4.6312,1.2036,1.8591,-0.0002,0.0,0.001,0.001,0.0,0.743,-288.981,-986.3963,-959.805,1412.407,1
29.374,17.5275,3.3344,0.08,-0.0,0.0001,-0.0,18.2445,4.6306,1.2043,1.8596,-0.0002,0.0006,0.0001,0.0007,0.0,0.744,-288.9863,-986.3948,-959.805,1412.4071,1
29.415,17.5275,3.3344,0.08,-0.0,0.0001,-0.0,18.2459,4.63,1.2049,1.8601,-0.0001,-0.0001,-0.0004,0.0005,0.0,0.745,-288.9871,-986.3946,-959.805,1412.4071,1
29.457,17.5275,3.3344,0.08,-0.0,0.0001,-0.0,18.2478,4.6292,1.2056,1.8607,-0.0002,-0.0001,-0.0003,0.0004,0.0,0.746,-298.0093,-988.34,-967.649,1421.0845,1
29.499,17.5274,3.3344,0.08,-0.0,0.0001,-0.0,18.2492,4.6287,1.2061,1.8612,0.0009,-0.0002,0.0,0.0009,0.0,0.747,-298.0115,-988.3394,-967.649,1421.0845,1
29.54,17.5274,3.3344,0.08,-0.0,0.0001,0.0,18.1931,4.2606,1.2681,1.647,-0.0003,-0.0002,-0.0013,0.0013,0.0,1.09,-298.0122,-988.3392,-967.649,1421.0845,1
29.582,17.5274,3.3344,0.08,-0.0,0.0001,-0.0,18.1924,4.2591,1.2661,1.6444,0.0006,-0.0,-0.0008,0.001,0.0,1.091,-309.3378,-990.6421,-977.799,1432.1583,1
29.623,17.5274,3.3344,0.08,-0.0,0.0001,-0.0,18.192,4.2579,1.2645,1.6424,-0.0004,-0.0,0.0001,0.0004,0.0,1.092,-309.3416,-990.6409,-977.799,1432.1584,1
29.665,17.5274,3.3344,0.08,-0.0,0.0001,-0.0,18.1915,4.2568,1.263,1.6405,-0.0,-0.0002,0.0,0.0002,0.0,1.093,-309.3435,-990.6404,-977.799,1432.1584,1
29.707,17.5274,3.3344,0.08,-0.0,0.0001,-0.0,18.1671,4.5489,1.2177,1.7828,0.0002,0.0004,-0.001,0.0011,0.0,0.802,-320.6879,-992.308,-988.257,1443.0882,1
29.748,17.5274,3.3344,0.08,-0.0,0.0001,-0.0,18.1681,4.5457,1.2177,1.7811,-0.0,0.0002,-0.0001,0.0003,0.0,0.805,-320.6879,-992.308,-988.257,1443.0882,1
29.79,17.5274,3.3344,0.08,-0.0,0.0001,-0.0,18.1691,4.5426,1.2178,1.7793,0.0003,-0.0004,-0.001,0.0011,0.0,0.809,-320.6904,-992.3072,-988.257,1443.0882,1
29.831,17.5274,3.3344,0.08,-0.0,0.0001,-0.0,18.3534,4.1087,0.9719,1.4413,-0.0005,0.0001,-0.0007,0.0009,0.0,1.264,-333.4656,-994.1352,-1000.313,1455.6538,1
29.873,17.5274,3.3344,0.08,-0.0,0.0001,0.0,18.3549,4.1081,0.9712,1.4414,0.0003,-0.0002,-0.0017,0.0018,0.0,1.264,-342.4908,-994.6765,-1009.222,1464.3529,1
29.915,17.5274,3.3344,0.08,-0.0,0.0001,0.0,18.3564,4.1075,0.9705,1.4414,0.0003,0.0004,-0.0005,0.0007,0.0,1.265,-342.4932,-994.6757,-1009.222,1464.353,1
29.956,17.5274,3.3345,0.08,-0.0,0.0001,-0.0,18.3583,4.1067,0.9695,1.4415,-0.0005,-0.0006,-0.0003,0.0008,0.0,1.265,-342.496,-994.6747,-1009.222,1464.353,1
29.998,17.5274,3.3345,0.08,-0.0,0.0001,-0.0,18.3597,4.106,0.9689,1.4416,-0.0002,0.0003,0.0002,0.0004,0.0,1.265,-342.4974,-994.6742,-1009.222,1464.353,1
30.039,17.5274,3.3345,0.08,-0.0,0.0001,0.0,18.5136,4.8391,1.2357,2.1383,-0.0006,0.0004,0.0004,0.0008,0.0,0.517,-355.4854,-995.9222,-1022.03,1477.2817,1
30.081,17.5274,3.3345,0.08,-0.0,0.0001,-0.0,18.5124,4.8411,1.2364,2.1395,0.0005,-0.0002,0.0001,0.0005,0.0,0.516,-355.4892,-995.9209,-1022.03,1477.2818,1
30.123,17.5274,3.3345,0.08,-0.0,0.0001,0.0,18.5115,4.8426,1.237,2.1405,0.0001,-0.0001,0.0,0.0002,0.0,0.515,-355.4902,-995.9205,-1022.03,1477.2818,1
30.164,17.5274,3.3345,0.08,-0.0,0.0001,-0.0,18.5107,4.8441,1.2376,2.1415,-0.0001,-0.0,-0.0001,0.0002,0.0,0.513,-366.9188,-996.6426,-1033.352,1488.5344,1
30.206,17.5274,3.3345,0.08,-0.0,0.0001,-0.0,18.5096,4.8461,1.2383,2.1427,0.0001,-0.0007,-0.0002,0.0007,0.0,0.512,-378.1971,-997.224,-1044.55,1499.6556,1
30.247,17.5274,3.3345,0.08,-0.0,0.0001,-0.0,18.9665,4.5406,1.0095,2.0952,0.0002,-0.0002,0.0002,0.0003,0.0,0.848,-378.2021,-997.2221,-1044.55,1499.6557,1
30.289,17.5274,3.3345,0.08,-0.0,0.0001,-0.0,18.8039,4.6196,1.158,2.1079,-0.0003,-0.0005,0.0004,0.0007,0.0,0.727,-378.2036,-997.2215,-1044.55,1499.6557,1
30.331,17.5274,3.3345,0.08,-0.0,0.0001,0.0,18.8026,4.621,1.1583,2.108,-0.0001,-0.0002,-0.0001,0.0002,0.0,0.725,-391.0466,-997.9756,-1057.246,1512.446,1
30.372,17.5274,3.3345,0.08,-0.0,0.0001,-0.0,18.8017,4.622,1.1584,2.1081,0.0,-0.0,-0.0005,0.0005,0.0,0.724,-391.0505,-997.9741,-1057.246,1512.4461,1
30.414,17.5274,3.3345,0.08,-0.0,0.0001,-0.0,18.8007,4.6229,1.1585,2.1082,-0.0005,-0.0004,-0.0008,0.001,0.0,0.723,-391.0517,-997.9737,-1057.246,1512.4461,1
30.455,17.5274,3.3345,0.08,-0.0,0.0001,0.0,18.547,4.3896,1.0585,1.7636,0.0,0.0003,-0.0,0.0003,0.0,0.951,-391.0534,-997.973,-1057.246,1512.4461,1
30.497,17.5274,3.3345,0.08,-0.0,0.0001,-0.0,18.905,4.0303,0.9202,1.7572,-0.0005,-0.0002,0.0006,0.0008,0.0,1.325,-400.0702,-998.3199,-1066.263,1521.4423,1
30.539,17.5274,3.3345,0.08,-0.0,0.0001,-0.0,18.9045,4.0292,0.9191,1.7559,-0.0,-0.0005,-0.0,0.0005,0.0,1.326,-400.0735,-998.3186,-1066.263,1521.4424,1
30.58,17.5274,3.3345,0.08,-0.0,0.0001,-0.0,18.9038,4.0276,0.9176,1.754,-0.0002,0.0003,0.0009,0.001,0.0,1.327,-413.1446,-999.0796,-1079.241,1534.6811,1
30.622,17.5274,3.3345,0.08,-0.0,0.0001,0.0,18.9033,4.0265,0.9164,1.7525,0.0,0.0002,-0.0005,0.0005,0.0,1.328,-413.1488,-999.0779,-1079.241,1534.6812,1
30.663,17.5274,3.3345,0.08,-0.0,0.0001,0.0,18.9027,4.0253,0.9151,1.7511,0.0001,0.0,-0.001,0.001,0.0,1.329,-413.15,-999.0774,-1079.241,1534.6812,1
30.705,17.5274,3.3345,0.08,-0.0,0.0001,-0.0,18.6021,4.1932,1.2186,1.7857,-0.0004,-0.0002,-0.0002,0.0005,0.0,1.142,-413.1509,-999.077,-1079.241,1534.6812,1
30.747,17.5274,3.3345,0.08,-0.0,0.0001,0.0,18.6013,4.1926,1.2189,1.7851,-0.0001,-0.0002,0.0003,0.0004,0.0,1.143,-422.1754,-999.6337,-1088.257,1543.9434,1
30.788,17.5274,3.3345,0.08,-0.0,0.0001,-0.0,18.6005,4.192,1.2191,1.7845,-0.0003,-0.0,-0.0003,0.0005,0.0,1.143,-433.5754,-1000.5511,-1099.599,1555.8194,1
30.83,17.5274,3.3345,0.08,-0.0,0.0001,0.0,18.5995,4.1912,1.2195,1.7837,0.0002,0.0003,-0.0009,0.001,0.0,1.144,-433.5801,-1000.5491,-1099.599,1555.8194,1
30.871,17.5274,3.3345,0.08,-0.0,0.0001,0.0,18.5639,4.1813,1.3025,1.8127,-0.0,0.0,-0.0009,0.0009,0.0,1.157,-446.4774,-1001.8572,-1112.427,1569.5167,1
30.913,17.5274,3.3345,0.08,-0.0,0.0001,0.0,18.564,4.18,1.3018,1.8117,-0.0002,-0.0006,0.0008,0.001,0.0,1.158,-446.4799,-1001.8561,-1112.427,1569.5168,1
30.955,17.5274,3.3345,0.08,-0.0,0.0001,0.0,18.5642,4.1783,1.3008,1.8104,0.0002,-0.0002,0.0005,0.0006,0.0,1.16,-446.4828,-1001.8548,-1112.427,1569.5168,1
30.996,17.5274,3.3345,0.08,-0.0,0.0001,0.0,18.6144,4.2698,1.3736,1.9312,0.0005,-0.0002,0.0005,0.0007,0.0,1.065,-446.4843,-1001.8542,-1112.427,1569.5168,1
31.038,17.5274,3.3346,0.08,-0.0,0.0001,-0.0,18.6142,4.2697,1.3732,1.9308,-0.0001,0.0006,0.0005,0.0008,0.0,1.065,-455.5072,-1002.9724,-1121.448,1579.3165,1
31.079,17.5274,3.3346,0.08,-0.0,0.0001,-0.0,18.6139,4.2696,1.3726,1.9302,-0.0001,-0.0002,-0.0004,0.0004,0.0,1.065,-455.5092,-1002.9716,-1121.448,1579.3165,1
31.121,17.5274,3.3346,0.08,-0.0,0.0001,-0.0,18.6136,4.2695,1.3722,1.9297,-0.0,0.0001,0.0,0.0001,0.0,1.065,-455.5101,-1002.9711,-1121.448,1579.3165,1
31.163,17.5274,3.3346,0.08,-0.0,0.0001,-0.0,18.6133,4.2694,1.3719,1.9293,0.0,-0.0001,0.0014,0.0014,0.0,1.065,-455.5104,-1002.971,-1121.448,1579.3165,1
31.204,17.5274,3.3346,0.08,-0.0,0.0001,-0.0,18.6626,4.4225,1.081,1.864,-0.0001,0.0002,-0.0002,0.0003,0.0,0.911,-466.8021,-1004.4999,-1132.706,1591.7002,1
31.246,17.5274,3.3346,0.08,-0.0,0.0001,-0.0,18.6629,4.423,1.0788,1.8633,0.0002,-0.0002,-0.0002,0.0004,0.0,0.91,-479.7776,-1006.4683,-1145.69,1606.1765,1
31.287,17.5274,3.3346,0.08,-0.0,0.0001,-0.0,18.4825,4.0765,0.827,1.4215,0.0003,-0.0007,0.0004,0.0009,0.0,1.27,-479.7797,-1006.4674,-1145.69,1606.1766,1
31.329,17.5274,3.3346,0.08,-0.0,0.0001,-0.0,18.4829,4.0751,0.8255,1.4203,0.0004,-0.0008,-0.0002,0.0009,0.0,1.272,-479.7821,-1006.4662,-1145.69,1606.1766,1
31.371,17.5274,3.3346,0.08,-0.0,0.0001,-0.0,18.4832,4.074,0.8244,1.4194,-0.0002,-0.0001,0.0007,0.0008,0.0,1.273,-488.8047,-1008.199,-1154.704,1616.5081,1
31.412,17.5274,3.3346,0.08,-0.0,0.0001,0.0,18.1205,4.2204,0.8364,1.3071,-0.0006,0.0011,0.0006,0.0014,0.0,1.119,-488.8086,-1008.1971,-1154.704,1616.5081,1
31.454,17.5274,3.3346,0.08,-0.0,0.0001,0.0,18.1193,4.2196,0.8362,1.3059,-0.0001,0.0001,-0.0001,0.0002,0.0,1.12,-488.8097,-1008.1966,-1154.704,1616.5082,1
31.495,17.5274,3.3346,0.08,-0.0,0.0001,0.0,18.1185,4.2189,0.8361,1.305,0.0002,0.0003,-0.0001,0.0004,0.0,1.121,-501.9548,-1010.6271,-1167.755,1631.5081,1
31.537,17.5274,3.3346,0.08,-0.0,0.0001,0.0,18.1177,4.2182,0.8359,1.3041,-0.0,0.0002,0.0004,0.0004,0.0,1.121,-501.9573,-1010.6259,-1167.755,1631.5081,1
31.579,17.5274,3.3346,0.08,-0.0,0.0001,-0.0,18.1167,4.2173,0.8358,1.3029,0.0006,-0.0001,-0.0005,0.0008,0.0,1.122,-513.3565,-1013.0783,-1179.063,1644.783,1
31.62,17.5274,3.3346,0.08,-0.0,0.0001,-0.0,18.2049,3.9806,0.6995,1.1225,0.0002,-0.0002,-0.0005,0.0005,0.0,1.368,-513.3588,-1013.0771,-1179.063,1644.783,1
31.662,17.5274,3.3346,0.08,-0.0,0.0001,0.0,18.2064,3.9808,0.6998,1.1237,-0.0003,-0.0005,-0.0005,0.0008,0.0,1.368,-513.3595,-1013.0768,-1179.063,1644.783,1
31.703,17.5274,3.3346,0.08,-0.0,0.0001,-0.0,18.2083,3.9811,0.7003,1.1254,-0.0004,-0.0008,0.0002,0.0009,0.0,1.368,-513.3603,-1013.0764,-1179.063,1644.783,1
31.745,17.5274,3.3346,0.08,-0.0,0.0001,0.0,18.2098,3.9813,0.7008,1.1266,-0.0005,-0.0003,0.0001,0.0006,0.0,1.368,-526.2398,-1015.9541,-1191.669,1659.7885,1
31.787,17.5274,3.3346,0.08,-0.0,0.0001,-0.0,18.2112,3.9815,0.7014,1.1279,0.0004,0.0003,-0.0005,0.0007,0.0,1.368,-535.2679,-1018.3625,-1200.062,1670.266,1
31.828,17.5274,3.3346,0.08,-0.0,0.0001,-0.0,18.0809,3.96,1.2192,1.4125,-0.0004,-0.0005,-0.0002,0.0007,0.0,1.376,-535.2721,-1018.3603,-1200.062,1670.2661,1
31.87,17.5274,3.3346,0.08,-0.0,0.0001,-0.0,18.0803,3.9583,1.2196,1.4119,-0.0005,-0.0003,0.0007,0.0009,0.0,1.377,-535.2742,-1018.3593,-1200.062,1670.2661,1
31.911,17.5274,3.3346,0.08,-0.0,0.0001,0.0,18.0798,3.9566,1.22,1.4112,0.0001,-0.0001,-0.0001,0.0002,0.0,1.379,-535.2752,-1018.3587,-1200.062,1670.2661,1
31.953,17.5274,3.3346,0.08,-0.0,0.0001,-0.0,18.079,3.9543,1.2205,1.4104,-0.0002,0.0005,0.001,0.0011,0.0,1.381,-548.3833,-1021.7276,-1211.884,1685.1896,1
31.995,17.5274,3.3346,0.08,-0.0,0.0001,-0.0,18.0784,3.9526,1.2209,1.4097,-0.0,0.0008,-0.0002,0.0008,0.0,1.383,-548.3853,-1021.7265,-1211.884,1685.1897,1
32.036,17.5274,3.3346,0.08,-0.0,0.0001,-0.0,18.6755,3.841,0.8579,1.4764,0.0002,0.0002,0.0002,0.0004,0.0,1.492,-548.3853,-1021.7265,-1211.884,1685.1897,1
32.078,17.5274,3.3346,0.08,-0.0,0.0001,0.0,18.6772,3.8407,0.858,1.4776,-0.0001,-0.0,-0.0009,0.0009,0.0,1.493,-557.4089,-1024.2605,-1219.326,1695.1267,1
32.119,17.5274,3.3347,0.08,-0.0,0.0001,-0.0,18.6784,3.8405,0.8581,1.4786,-0.0003,-0.0003,0.0006,0.0007,0.0,1.493,-570.5498,-1027.5889,-1230.098,1709.3789,1
32.161,17.5274,3.3347,0.08,-0.0,0.0001,-0.0,18.6796,3.8404,0.8581,1.4795,0.0,-0.0003,0.0006,0.0007,0.0,1.493,-570.5498,-1027.5889,-1230.098,1709.3789,1
32.203,17.5274,3.3347,0.08,-0.0,0.0001,0.0,18.6812,3.8401,0.8582,1.4807,0.0002,-0.0002,-0.0001,0.0003,0.0,1.493,-570.5541,-1027.5865,-1230.098,1709.3789,1
32.244,17.5274,3.3347,0.08,-0.0,0.0001,0.0,18.5709,3.9087,1.2806,1.6911,-0.0003,0.0003,-0.0001,0.0005,0.0,1.428,-570.5546,-1027.5863,-1230.098,1709.3789,1
32.286,17.5274,3.3347,0.08,-0.0,0.0001,0.0,18.5712,3.9087,1.2813,1.6918,-0.0001,0.0003,0.0005,0.0006,0.0,1.428,-579.5766,-1029.7812,-1236.664,1718.5451,1
32.327,17.5274,3.3347,0.08,-0.0,0.0001,-0.0,18.5716,3.9086,1.2822,1.6926,-0.0002,0.0003,0.0002,0.0004,0.0,1.428,-579.5787,-1029.78,-1236.664,1718.5451,1
32.369,17.5274,3.3347,0.08,-0.0,0.0001,0.0,18.5719,3.9085,1.2828,1.6933,0.0001,-0.0001,0.0005,0.0005,0.0,1.428,-592.7581,-1032.6061,-1246.409,1731.865,1
32.411,17.5274,3.3347,0.08,-0.0,0.0001,-0.0,18.5723,3.9085,1.2835,1.694,0.0002,-0.0007,-0.0004,0.0008,0.0,1.428,-592.76,-1032.605,-1246.409,1731.8651,1
32.452,17.5274,3.3347,0.08,-0.0,0.0001,-0.0,18.579,4.4319,0.8129,1.6873,-0.0005,-0.0006,0.0004,0.0008,0.0,0.906,-601.787,-1034.0861,-1252.363,1740.2315,1
32.494,17.5274,3.3347,0.08,-0.0,0.0001,0.0,18.5783,4.433,0.8095,1.6861,-0.0002,-0.0003,0.0004,0.0005,0.0,0.905,-601.7885,-1034.0853,-1252.363,1740.2316,1
32.535,17.5274,3.3347,0.08,-0.0,0.0001,0.0,18.5776,4.4341,0.8062,1.685,0.0001,0.0001,-0.0002,0.0002,0.0,0.904,-601.7901,-1034.0844,-1252.363,1740.2316,1
32.577,17.5274,3.3347,0.08,-0.0,0.0001,0.0,18.5767,4.4356,0.8017,1.6834,-0.0006,0.0003,-0.0007,0.0009,0.0,0.902,-601.7906,-1034.0841,-1252.363,1740.2316,1
32.619,17.5274,3.3347,0.08,-0.0,0.0001,-0.0,18.5759,4.4366,0.7984,1.6821,0.0004,-0.0001,0.0007,0.0009,0.0,0.901,-613.2993,-1035.6493,-1260.069,1750.83,1
32.66,17.5274,3.3347,0.08,-0.0,0.0001,-0.0,18.5752,4.4376,0.7949,1.6809,-0.0001,-0.0007,0.0001,0.0007,0.0,0.9,-613.301,-1035.6484,-1260.069,1750.83,1
32.702,17.5274,3.3347,0.08,-0.0,0.0001,-0.0,18.7848,4.5235,0.6697,1.8281,-0.0004,0.0002,0.0008,0.0009,0.0,0.818,-626.2693,-1036.9318,-1268.745,1762.5395,1
32.743,17.5274,3.3347,0.08,-0.0,0.0001,-0.0,18.7849,4.5241,0.6703,1.8288,-0.0003,-0.0008,0.0003,0.0009,0.0,0.818,-626.2715,-1036.9305,-1268.745,1762.5395,1
32.785,17.5274,3.3347,0.08,-0.0,0.0001,-0.0,18.785,4.5247,0.6708,1.8294,0.0003,-0.0004,0.0005,0.0008,0.0,0.817,-626.2725,-1036.9299,-1268.745,1762.5395,1
32.827,17.5274,3.3347,0.08,-0.0,0.0001,0.0,18.7853,4.5253,0.6716,1.8303,0.0004,0.001,0.001,0.0014,0.0,0.817,-635.2966,-1036.9784,-1274.45,1769.9879,1
32.868,17.5274,3.3347,0.08,-0.0,0.0001,0.0,18.6496,4.8055,0.9581,2.0478,0.0002,0.0002,0.0,0.0002,0.0,0.528,-635.2972,-1036.9781,-1274.45,1769.9879,1
32.91,17.5274,3.3347,0.08,-0.0,0.0001,-0.0,18.6489,4.8057,0.9588,2.048,0.0003,-0.0006,0.0009,0.0011,0.0,0.528,-648.3339,-1037.3234,-1283.19,1781.326,1
32.951,17.5274,3.3347,0.08,-0.0,0.0001,-0.0,18.6337,4.7292,0.7228,1.8926,-0.0003,0.0,-0.0007,0.0008,0.0,0.605,-648.3381,-1037.3208,-1283.19,1781.3261,1
32.993,17.5274,3.3347,0.08,-0.0,0.0001,-0.0,18.6342,4.7303,0.7228,1.8936,-0.0,0.0003,0.0008,0.0008,0.0,0.604,-648.3388,-1037.3204,-1283.19,1781.3261,1
33.035,17.5274,3.3347,0.08,-0.0,0.0001,-0.0,18.6346,4.7314,0.7226,1.8946,-0.0002,-0.0005,-0.0003,0.0007,0.0,0.603,-648.3396,-1037.3199,-1283.19,1781.3261,1
33.076,17.5274,3.3347,0.08,-0.0,0.0001,-0.0,18.7925,5.0122,1.0993,2.3352,0.0002,-0.0003,0.0005,0.0006,0.175,0.345,-657.3351,-1036.9627,-1289.163,1788.8,1
33.118,17.5274,3.3347,0.08,-0.0,0.0001,0.0,18.7939,5.0125,1.0995,2.3363,0.0001,0.0001,0.0,0.0002,0.175,0.345,-657.336,-1036.9621,-1289.163,1788.8,1
33.159,17.5274,3.3348,0.08,-0.0,0.0001,-0.0,18.7953,5.0129,1.0997,2.3374,0.0004,0.0006,0.0004,0.0009,0.175,0.345,-657.3372,-1036.9614,-1289.163,1788.8001,1
33.201,17.5274,3.3348,0.08,-0.0,0.0001,0.0,18.9641,4.3744,1.269,2.1352,-0.0,-0.0,-0.0,0.0,0.0,1.004,-670.9576,-1036.7886,-1298.519,1800.6186,1
33.243,17.5274,3.3348,0.08,-0.0,0.0001,0.0,18.9641,4.3749,1.2693,2.1355,-0.0001,0.0004,0.0002,0.0005,0.0,1.004,-670.9597,-1036.7872,-1298.519,1800.6186,1
33.284,17.5274,3.3348,0.08,-0.0,0.0001,0.0,18.964,4.3754,1.2694,2.1359,0.0004,0.0,-0.0004,0.0005,0.0,1.003,-682.1752,-1036.1773,-1306.469,1810.3147,1
33.326,17.5274,3.3348,0.08,-0.0,0.0001,-0.0,18.9641,4.3762,1.2697,2.1364,0.0002,0.0,0.0003,0.0003,0.0,1.002,-682.1774,-1036.1759,-1306.469,1810.3147,1
33.367,17.5274,3.3348,0.08,-0.0,0.0001,-0.0,18.9641,4.3768,1.27,2.1368,-0.0002,0.0001,-0.0005,0.0005,0.0,1.002,-682.1785,-1036.1752,-1306.469,1810.3147,1
33.409,17.5274,3.3348,0.08,-0.0,0.0001,-0.0,19.2772,3.9126,1.4765,2.3122,-0.0004,-0.0001,-0.0001,0.0004,0.0,1.546,-694.8903,-1035.3803,-1315.725,1821.4858,1
33.451,17.5274,3.3348,0.08,-0.0,0.0001,0.0,19.2766,3.9119,1.4773,2.312,0.0004,0.0001,-0.0005,0.0006,0.0,1.547,-694.8941,-1035.3778,-1315.725,1821.4859,1
33.492,17.5273,3.3348,0.08,-0.0,0.0001,0.0,19.2763,3.9114,1.4777,2.3119,-0.0,0.0006,-0.0003,0.0007,0.0,1.547,-694.8946,-1035.3774,-1315.725,1821.4859,1
33.534,17.5273,3.3348,0.08,-0.0,0.0001,-0.0,19.2761,3.9108,1.4782,2.3119,0.0001,-0.0002,-0.0007,0.0007,0.0,1.548,-703.9179,-1034.4532,-1322.649,1829.5079,1
33.575,17.5273,3.3348,0.08,-0.0,0.0001,-0.0,19.2758,3.9101,1.4789,2.3119,0.0,-0.0005,0.0002,0.0005,0.0,1.548,-703.9195,-1034.4522,-1322.649,1829.5079,1
33.617,17.5273,3.3348,0.08,-0.0,0.0001,0.0,18.8571,4.3371,1.7082,2.329,-0.0001,-0.0002,-0.0004,0.0005,0.0,1.014,-716.9293,-1033.3219,-1332.77,1841.3508,1
33.659,17.5273,3.3348,0.08,-0.0,0.0001,-0.0,18.8555,4.3369,1.7099,2.3291,-0.0003,0.0003,0.0007,0.0008,0.0,1.014,-716.9305,-1033.3211,-1332.77,1841.3508,1
33.7,17.5273,3.3348,0.08,-0.0,0.0001,0.0,18.8534,4.3366,1.7121,2.3294,0.0002,0.0002,-0.0003,0.0005,0.0,1.014,-725.9599,-1032.3347,-1340.289,1849.8577,1
33.742,17.5273,3.3348,0.08,-0.0,0.0001,0.0,18.8519,4.3364,1.7139,2.3297,0.0005,-0.0007,-0.0003,0.0009,0.0,1.014,-725.9622,-1032.3331,-1340.289,1849.8578,1
33.783,17.5273,3.3348,0.08,-0.0,0.0001,-0.0,18.8504,4.3361,1.7157,2.3299,0.0001,0.0003,0.0003,0.0004,0.0,1.014,-725.9628,-1032.3327,-1340.289,1849.8578,1
33.825,17.5273,3.3348,0.08,-0.0,0.0001,0.0,19.0284,4.2927,1.4451,2.2437,0.0004,-0.0004,-0.0003,0.0007,0.0,1.102,-739.1048,-1031.1496,-1351.275,1862.4743,1
33.867,17.5273,3.3348,0.08,-0.0,0.0001,0.0,19.0287,4.2922,1.4441,2.2431,-0.0,0.0,-0.0005,0.0005,0.0,1.102,-739.1078,-1031.1475,-1351.275,1862.4743,1
33.908,17.5273,3.3348,0.08,-0.0,0.0001,-0.0,19.0289,4.2917,1.4431,2.2424,0.0,-0.0005,-0.0003,0.0005,0.0,1.103,-739.1093,-1031.1464,-1351.275,1862.4744,1
33.95,17.5273,3.3348,0.08,-0.0,0.0001,-0.0,18.747,3.6205,1.4432,1.8514,-0.0001,-0.0001,-0.0009,0.0009,0.0,1.715,-748.1329,-1030.3001,-1359.352,1871.5481,1
33.991,17.5273,3.3348,0.08,-0.0,0.0001,-0.0,18.7466,3.6188,1.4425,1.8503,0.0003,0.0002,0.0003,0.0004,0.0,1.716,-748.1337,-1030.2996,-1359.352,1871.5481,1
34.033,17.5273,3.3348,0.08,-0.0,0.0001,-0.0,18.7461,3.6171,1.4419,1.8493,-0.0,-0.0007,0.0003,0.0008,0.0,1.718,-748.1345,-1030.2989,-1359.352,1871.5481,1
34.075,17.5273,3.3348,0.08,-0.0,0.0001,-0.0,18.7454,3.6149,1.441,1.8478,0.0001,0.0008,-0.0,0.0008,0.0,1.72,-761.3444,-1029.2701,-1371.054,1884.9198,1
34.116,17.5273,3.3348,0.08,-0.0,0.0001,-0.0,18.745,3.6132,1.4403,1.8468,-0.0001,-0.0003,0.0005,0.0006,0.0,1.722,-761.3444,-1029.2701,-1371.054,1884.9198,1
34.158,17.5273,3.3348,0.08,-0.0,0.0001,-0.0,18.9032,3.7891,1.3238,1.9096,-0.0002,-0.0004,0.0003,0.0005,0.0,1.562,-770.3671,-1028.7197,-1379.558,1894.5488,1
34.199,17.5273,3.3348,0.08,-0.0,0.0001,0.0,18.9039,3.7878,1.3244,1.9101,0.0002,0.0005,-0.0004,0.0007,0.0,1.564,-770.3694,-1028.7179,-1379.558,1894.5488,1
34.241,17.5273,3.3349,0.08,-0.0,0.0001,0.0,18.9045,3.7868,1.3247,1.9105,0.0003,0.0004,-0.0002,0.0006,0.0,1.565,-770.3698,-1028.7177,-1379.558,1894.5488,1
34.283,17.5273,3.3349,0.08,-0.0,0.0001,0.0,18.905,3.7859,1.3251,1.911,0.0002,0.0001,-0.0002,0.0003,0.0,1.566,-781.8335,-1028.3391,-1390.288,1906.9484,1
34.324,17.5273,3.3349,0.08,-0.0,0.0001,0.0,18.448,3.9368,1.3158,1.6545,-0.0006,0.0006,-0.0009,0.0013,0.0,1.414,-781.8343,-1028.3385,-1390.288,1906.9484,1
34.366,17.5273,3.3349,0.08,-0.0,0.0001,0.0,18.4473,3.9374,1.3151,1.6537,0.0001,0.0003,0.0005,0.0006,0.0,1.413,-781.8354,-1028.3377,-1390.288,1906.9484,1
34.407,17.5273,3.3349,0.08,-0.0,0.0001,-0.0,18.4466,3.938,1.3143,1.653,-0.0002,-0.0002,0.0001,0.0003,0.0,1.413,-781.8354,-1028.3377,-1390.288,1906.9484,1
34.449,17.5273,3.3349,0.08,-0.0,0.0001,0.0,18.6421,4.0571,1.2691,1.7828,0.0003,-0.0003,-0.0005,0.0006,0.0,1.276,-794.7817,-1028.3826,-1402.341,1921.2162,1
34.491,17.5273,3.3349,0.08,-0.0,0.0001,-0.0,18.6419,4.0582,1.268,1.7824,0.0,0.0001,0.0003,0.0003,0.0,1.275,-794.7822,-1028.3822,-1402.341,1921.2162,1
34.532,17.5273,3.3349,0.08,-0.0,0.0001,0.0,18.8142,3.8851,1.3972,1.9219,0.0003,0.0006,0.0,0.0007,0.0,1.456,-803.7997,-1029.1311,-1410.893,1931.6855,1
34.574,17.5273,3.3349,0.08,-0.0,0.0001,-0.0,18.8129,3.8842,1.3971,1.9208,0.0,0.0001,0.0002,0.0003,0.0,1.456,-815.1879,-1030.2921,-1421.302,1944.7689,1
34.615,17.5273,3.3349,0.08,-0.0,0.0001,-0.0,18.812,3.8836,1.3971,1.9199,0.0003,-0.0002,-0.0001,0.0004,0.0,1.457,-815.1888,-1030.2913,-1421.302,1944.7689,1
34.657,17.5273,3.3349,0.08,-0.0,0.0001,0.0,19.0284,3.6698,1.106,1.8488,0.0,-0.0,-0.0006,0.0006,0.0,1.702,-815.19,-1030.2904,-1421.302,1944.7689,1
34.699,17.5273,3.3349,0.08,-0.0,0.0001,-0.0,19.0284,3.6705,1.1043,1.848,0.0001,-0.0002,0.0007,0.0007,0.0,1.702,-815.1905,-1030.29,-1421.302,1944.7689,1
34.74,17.5273,3.3349,0.08,-0.0,0.0001,-0.0,18.8357,4.0456,0.9786,1.7391,-0.0003,-0.0007,-0.0003,0.0008,0.0,1.299,-828.0824,-1031.8985,-1432.746,1959.5291,1
34.782,17.5273,3.3349,0.08,-0.0,0.0001,-0.0,18.8367,4.0464,0.9773,1.7396,0.0002,-0.0001,0.0002,0.0003,0.0,1.298,-828.0845,-1031.8968,-1432.746,1959.5291,1
34.823,17.5273,3.3349,0.08,-0.0,0.0001,-0.0,19.3218,4.2335,0.8829,2.1616,-0.0,-0.0001,0.0005,0.0005,0.0,1.28,-839.4662,-1033.8508,-1442.373,1972.527,1
34.865,17.5273,3.3349,0.08,-0.0,0.0001,-0.0,19.3227,4.2331,0.8821,2.1618,-0.0,0.0003,-0.0003,0.0004,0.0,1.281,-839.4677,-1033.8496,-1442.373,1972.527,1
34.907,17.5273,3.3349,0.08,-0.0,0.0001,-0.0,19.3236,4.2328,0.8812,2.1621,0.0,0.0002,0.0007,0.0008,0.0,1.282,-839.4682,-1033.8493,-1442.373,1972.527,1
34.948,17.5273,3.3349,0.08,-0.0,0.0001,0.0,19.367,4.209,0.9894,2.2305,0.0001,-0.0,0.0001,0.0002,0.0,1.325,-850.6418,-1035.9501,-1451.327,1985.0474,1
34.99,17.5273,3.3349,0.08,-0.0,0.0001,-0.0,19.3676,4.2088,0.9894,2.231,-0.0,-0.0002,0.001,0.0011,0.0,1.325,-850.643,-1035.9492,-1451.327,1985.0474,1
35.031,17.5273,3.3349,0.08,-0.0,0.0001,-0.0,19.3683,4.2087,0.9894,2.2315,0.0,-0.0002,-0.0006,0.0006,0.0,1.326,-850.6433,-1035.9489,-1451.327,1985.0474,1
35.073,17.5273,3.3349,0.08,-0.0,0.0001,0.0,19.1056,4.0964,1.1465,2.0514,-0.0001,0.0004,-0.0011,0.0012,0.0,1.313,-863.4402,-1038.3434,-1461.195,1999.1303,1
35.115,17.5273,3.3349,0.08,-0.0,0.0001,-0.0,19.1052,4.0952,1.1461,2.0504,-0.0004,0.0004,-0.0004,0.0007,0.0,1.313,-863.4412,-1038.3425,-1461.195,1999.1303,1
35.156,17.5273,3.3349,0.08,-0.0,0.0001,-0.0,19.1048,4.0941,1.1456,2.0495,0.0002,0.0002,-0.0004,0.0005,0.0,1.314,-872.4606,-1040.2185,-1467.385,2008.6154,1
35.198,17.5273,3.3349,0.08,-0.0,0.0001,-0.0,19.1043,4.0928,1.145,2.0483,-0.0,-0.0002,0.0,0.0002,0.0,1.316,-872.4632,-1040.2164,-1467.385,2008.6154,1
35.239,17.5273,3.3349,0.08,-0.0,0.0001,-0.0,19.1039,4.0917,1.1446,2.0474,-0.0002,-0.0002,0.0008,0.0009,0.0,1.316,-872.4639,-1040.2158,-1467.385,2008.6154,1
35.281,17.5273,3.3349,0.08,-0.0,0.0001,-0.0,18.9734,4.557,1.1029,2.152,0.0,-0.0003,0.0004,0.0005,0.0,0.835,-883.7242,-1042.2627,-1474.927,2020.1917,1
35.323,17.5273,3.335,0.08,-0.0,0.0001,-0.0,18.9723,4.5577,1.1026,2.1515,-0.0008,-0.0001,-0.0001,0.0008,0.0,0.834,-883.7258,-1042.2613,-1474.927,2020.1917,1
35.364,17.5273,3.335,0.08,-0.0,0.0001,-0.0,18.9714,4.5583,1.1025,2.1512,-0.0,-0.0001,-0.0007,0.0007,0.0,0.833,-883.7266,-1042.2607,-1474.927,2020.1917,1
35.406,17.5273,3.335,0.08,-0.0,0.0001,-0.0,18.9706,4.5589,1.1024,2.1509,-0.0002,-0.0004,-0.0,0.0005,0.0,0.832,-883.7268,-1042.2605,-1474.927,2020.1917,1
35.447,17.5273,3.335,0.08,-0.0,0.0001,0.0,18.9695,4.5596,1.1023,2.1505,0.0005,0.0003,0.0001,0.0006,0.0,0.831,-896.6187,-1044.2572,-1483.357,2033.1497,1
35.489,17.5273,3.335,0.08,-0.0,0.0001,0.0,18.6123,4.5412,1.0232,1.8767,-0.0001,-0.0002,0.0001,0.0002,0.0,0.794,-905.6392,-1045.5299,-1488.67,2041.7469,1
35.531,17.5273,3.335,0.08,-0.0,0.0001,0.0,18.6134,4.5407,1.0224,1.8766,-0.0003,0.0006,0.001,0.0012,0.0,0.794,-905.6415,-1045.5279,-1488.67,2041.7469,1
35.572,17.5273,3.335,0.08,-0.0,0.0001,-0.0,18.6148,4.54,1.0215,1.8765,0.0,-0.0002,-0.0002,0.0003,0.0,0.795,-905.6419,-1045.5276,-1488.67,2041.7469,1
35.614,17.5273,3.335,0.08,-0.0,0.0001,-0.0,18.6158,4.5394,1.0209,1.8764,0.0,0.0003,0.0007,0.0008,0.0,0.796,-905.6424,-1045.5271,-1488.67,2041.7469,1
35.655,17.5273,3.335,0.08,-0.0,0.0001,-0.0,18.6168,4.5389,1.0202,1.8763,-0.0,-0.0002,-0.0001,0.0002,0.0,0.796,-918.7689,-1047.2529,-1496.856,2054.5566,1
35.697,17.5273,3.335,0.08,-0.0,0.0001,0.0,18.4704,4.7851,1.1227,2.0198,-0.0,-0.0001,-0.0004,0.0004,0.0,0.582,-918.7706,-1047.2514,-1496.856,2054.5566,1
35.739,17.5273,3.335,0.08,-0.0,0.0001,-0.0,18.4711,4.7866,1.1234,2.0215,0.0,0.0009,0.0007,0.0011,0.0,0.581,-918.7714,-1047.2506,-1496.856,2054.5566,1
35.78,17.5273,3.335,0.08,-0.0,0.0001,-0.0,18.137,4.6702,0.8589,1.6617,0.0,-0.0001,-0.0007,0.0007,0.0,0.677,-927.7924,-1048.2629,-1502.143,2063.0466,1
35.822,17.5273,3.335,0.08,-0.0,0.0001,-0.0,18.2979,4.4728,1.0433,1.6782,-0.0005,-0.0001,-0.0002,0.0005,0.0,0.911,-941.0112,-1049.7045,-1510.27,2075.7758,1
35.863,17.5273,3.335,0.08,-0.0,0.0001,-0.0,18.2971,4.4728,1.0436,1.678,0.0002,-0.0001,0.0006,0.0007,0.0,0.91,-941.0125,-1049.7033,-1510.27,2075.7758,1
35.905,17.5273,3.335,0.08,-0.0,0.0001,0.0,18.2963,4.4729,1.0438,1.6779,-0.0,0.0003,-0.0011,0.0011,0.0,0.91,-941.014,-1049.702,-1510.27,2075.7758,1
35.947,17.5273,3.335,0.08,-0.0,0.0001,-0.0,18.2952,4.4731,1.044,1.6776,0.0007,-0.0008,-0.0006,0.0011,0.0,0.91,-952.3335,-1050.6857,-1517.126,2086.5051,1
35.988,17.5273,3.335,0.08,-0.0,0.0001,-0.0,17.868,4.4132,1.3091,1.6702,-0.0003,-0.0002,0.0012,0.0012,0.0,0.93,-952.3345,-1050.6848,-1517.126,2086.5051,1
36.03,17.5273,3.335,0.08,-0.0,0.0001,0.0,18.0299,4.4518,1.2524,1.6954,-0.0005,0.0003,0.0004,0.0007,0.0,0.882,-952.3348,-1050.6846,-1517.126,2086.5051,1
36.071,17.5273,3.335,0.08,-0.0,0.0001,-0.0,18.0287,4.4525,1.2524,1.6955,0.0,0.0002,-0.0001,0.0002,0.0,0.881,-961.3554,-1051.1821,-1522.566,2094.9149,1
36.113,17.5273,3.335,0.08,-0.0,0.0001,-0.0,18.0277,4.453,1.2524,1.6955,-0.0002,0.0002,0.0012,0.0013,0.0,0.881,-961.3577,-1051.18,-1522.566,2094.9149,1
36.155,17.5273,3.335,0.08,-0.0,0.0001,0.0,18.0268,4.4536,1.2523,1.6956,-0.0,-0.0002,-0.001,0.001,0.0,0.88,-961.3581,-1051.1797,-1522.566,2094.9149,1
36.196,17.5273,3.335,0.08,-0.0,0.0001,-0.0,18.237,3.9842,1.2435,1.5096,0.0002,0.0001,0.0004,0.0005,0.0,1.37,-974.3178,-1051.9041,-1530.547,2107.1557,1
36.238,17.5273,3.335,0.08,-0.0,0.0001,0.0,18.2373,3.9844,1.2436,1.5099,0.0002,-0.0005,-0.0,0.0005,0.0,1.37,-974.3196,-1051.9024,-1530.547,2107.1557,1
36.279,17.5273,3.335,0.08,-0.0,0.0001,0.0,18.2377,3.9845,1.2437,1.5102,0.0003,0.0004,0.0004,0.0006,0.0,1.37,-974.3205,-1051.9016,-1530.547,2107.1558,1
36.321,17.5273,3.335,0.08,-0.0,0.0001,-0.0,17.8925,3.784,1.6184,1.6437,0.0,-0.0003,0.0006,0.0007,0.0,1.553,-985.7354,-1052.2799,-1537.707,2117.9348,1
36.363,17.5273,3.3351,0.08,-0.0,0.0001,0.0,17.8931,3.7852,1.6183,1.644,0.0004,0.0002,0.0,0.0005,0.0,1.552,-985.7359,-1052.2795,-1537.707,2117.9348,1
36.404,17.5273,3.3351,0.08,-0.0,0.0001,-0.0,17.8937,3.7864,1.6181,1.6443,-0.0002,-0.0002,0.0001,0.0003,0.0,1.551,-996.9857,-1052.5149,-1544.966,2128.6669,1
36.446,17.5273,3.3351,0.08,-0.0,0.0001,0.0,17.8945,3.7881,1.6178,1.6446,-0.0002,-0.0006,0.0002,0.0007,0.0,1.549,-996.9874,-1052.5132,-1544.966,2128.6669,1
36.487,17.5273,3.3351,0.08,-0.0,0.0001,-0.0,17.8953,3.7893,1.6174,1.6448,-0.0005,-0.0001,0.0007,0.0008,0.0,1.548,-996.9879,-1052.5128,-1544.966,2128.6669,1
36.529,17.5273,3.3351,0.08,-0.0,0.0001,0.0,18.162,4.0534,1.3533,1.5939,-0.0002,0.0001,0.0006,0.0007,0.0,1.29,-996.988,-1052.5126,-1544.966,2128.6669,1
36.571,17.5273,3.3351,0.08,-0.0,0.0001,0.0,18.1627,4.0539,1.3546,1.5953,0.0,0.0003,0.0001,0.0004,0.0,1.29,-1009.8295,-1052.6653,-1553.355,2140.9715,1
36.612,17.5273,3.3351,0.08,-0.0,0.0001,-0.0,18.1632,4.0542,1.3554,1.5964,-0.0003,0.0001,-0.0003,0.0005,0.0,1.29,-1009.8311,-1052.6637,-1553.355,2140.9715,1
36.654,17.5273,3.3351,0.08,-0.0,0.0001,-0.0,18.1638,4.0545,1.3563,1.5974,-0.0003,0.0002,0.0005,0.0006,0.0,1.289,-1018.8512,-1052.5597,-1559.505,2149.7208,1
36.695,17.5273,3.3351,0.08,-0.0,0.0001,-0.0,18.1646,4.0548,1.3575,1.5988,-0.0001,0.0005,-0.0001,0.0006,0.0,1.289,-1018.8521,-1052.5588,-1559.505,2149.7208,1
36.737,17.5273,3.3351,0.08,-0.0,0.0001,0.0,18.2886,3.9996,1.1712,1.4873,0.0005,-0.0004,-0.0013,0.0014,0.0,1.365,-1018.8532,-1052.5578,-1559.505,2149.7208,1
36.779,17.5273,3.3351,0.08,-0.0,0.0001,0.0,18.2886,3.9992,1.1727,1.4882,-0.0006,-0.0,0.0,0.0006,0.0,1.365,-1031.847,-1052.5421,-1568.412,2162.4593,1
36.82,17.5273,3.3351,0.08,-0.0,0.0001,0.0,18.2885,3.9987,1.1746,1.4893,-0.0001,0.0003,0.0003,0.0004,0.0,1.365,-1031.8487,-1052.5404,-1568.412,2162.4593,1
36.862,17.5273,3.3351,0.08,-0.0,0.0001,0.0,18.2884,3.9983,1.176,1.4901,0.0002,-0.0003,0.0006,0.0007,0.0,1.366,-1031.8489,-1052.5402,-1568.412,2162.4593,1
36.903,17.5273,3.3351,0.08,-0.0,0.0001,0.0,18.2883,3.9979,1.1775,1.491,0.0,-0.0001,-0.0006,0.0007,0.0,1.366,-1040.8712,-1052.385,-1574.854,2171.444,1
36.945,17.5273,3.3351,0.08,-0.0,0.0001,0.0,18.2583,3.9523,1.0039,1.3301,-0.0001,-0.0002,-0.0006,0.0006,0.0,1.405,-1040.8718,-1052.3844,-1574.854,2171.4441,1
36.987,17.5273,3.3351,0.08,-0.0,0.0001,-0.0,18.2577,3.952,1.0037,1.3294,-0.0001,0.0001,0.0,0.0001,0.0,1.405,-1053.9938,-1052.3924,-1584.122,2184.5855,1
37.028,17.5273,3.3351,0.08,-0.0,0.0001,-0.0,18.2572,3.9517,1.0035,1.3288,-0.0002,-0.0001,-0.0005,0.0005,0.0,1.405,-1053.9946,-1052.3916,-1584.122,2184.5855,1
37.07,17.5273,3.3351,0.08,-0.0,0.0001,-0.0,18.3537,4.2335,0.5301,1.301,-0.0001,-0.0002,-0.0003,0.0003,0.0,1.143,-1063.0182,-1052.359,-1590.629,2193.7237,1
37.111,17.5273,3.3351,0.08,-0.0,0.0001,0.0,18.3544,4.2343,0.5299,1.3019,-0.0003,0.0002,-0.0002,0.0005,0.0,1.143,-1063.0182,-1052.359,-1590.629,2193.7237,1
37.153,17.5273,3.3351,0.08,-0.0,0.0001,-0.0,18.355,4.235,0.5299,1.3028,0.0002,-0.0,0.0003,0.0004,0.0,1.142,-1063.0195,-1052.3577,-1590.629,2193.7237,1
37.195,17.5273,3.3351,0.08,-0.0,0.0001,0.0,18.3559,4.2358,0.5299,1.3039,-0.0002,0.0006,-0.0004,0.0007,0.0,1.141,-1063.02,-1052.3572,-1590.629,2193.7237,1
37.236,17.5273,3.3351,0.08,-0.0,0.0001,0.0,18.6428,4.1128,0.6141,1.4611,-0.0005,0.0004,-0.0004,0.0008,0.0,1.221,-1074.4482,-1052.3789,-1598.661,2205.2019,1
37.278,17.5273,3.3351,0.08,-0.0,0.0001,-0.0,18.6429,4.1139,0.6141,1.4617,-0.0001,0.0007,0.0002,0.0007,0.0,1.22,-1074.4489,-1052.3783,-1598.661,2205.2019,1
37.319,17.5273,3.3351,0.08,-0.0,0.0001,-0.0,18.6428,4.1155,0.614,1.4624,-0.0003,0.0005,-0.0001,0.0006,0.0,1.218,-1085.7297,-1052.4384,-1606.411,2216.4492,1
37.361,17.5273,3.3351,0.08,-0.0,0.0001,0.0,18.6483,4.0542,0.5797,1.4225,0.0002,-0.0004,0.0001,0.0005,0.0,1.279,-1085.7308,-1052.4373,-1606.411,2216.4492,1
37.403,17.5273,3.3351,0.08,-0.0,0.0001,-0.0,18.6469,4.0527,0.5788,1.4203,0.0,-0.0003,-0.0003,0.0004,0.0,1.281,-1085.7308,-1052.4373,-1606.411,2216.4492,1
37.444,17.5273,3.3352,0.08,-0.0,0.0001,-0.0,18.3325,4.0174,0.8853,1.3276,-0.0005,0.0002,0.0009,0.001,0.0,1.357,-1099.0138,-1052.3972,-1615.304,2229.5067,1
37.486,17.5273,3.3352,0.08,-0.0,0.0001,-0.0,18.3318,4.0173,0.8851,1.327,-0.0001,-0.0001,-0.0005,0.0005,0.0,1.357,-1099.0148,-1052.3961,-1615.304,2229.5067,1
37.527,17.5272,3.3352,0.08,-0.0,0.0001,0.0,18.3311,4.0172,0.8849,1.3264,-0.0004,-0.0003,-0.0,0.0005,0.0,1.357,-1110.1003,-1052.2546,-1622.465,2240.1933,1
37.569,17.5272,3.3352,0.08,-0.0,0.0001,-0.0,18.3301,4.0171,0.8844,1.3254,0.0002,-0.0002,-0.0003,0.0004,0.0,1.357,-1110.1019,-1052.2529,-1622.465,2240.1933,1
37.611,17.5272,3.3352,0.08,-0.0,0.0001,0.0,18.3294,4.017,0.8841,1.3248,0.0002,-0.0,0.0007,0.0007,0.0,1.357,-1122.686,-1051.8617,-1630.316,2252.0475,1
37.652,17.5272,3.3352,0.08,-0.0,0.0001,0.0,18.3288,4.0171,0.8838,1.3243,0.0007,-0.0001,-0.0007,0.001,0.0,1.357,-1122.6884,-1051.8592,-1630.316,2252.0475,1
37.694,17.5272,3.3352,0.08,-0.0,0.0001,-0.0,18.1121,3.8207,1.1038,1.2752,-0.0005,-0.001,-0.0002,0.0012,0.0,1.517,-1122.689,-1051.8585,-1630.316,2252.0475,1
37.735,17.5272,3.3352,0.08,-0.0,0.0001,0.0,18.1093,3.82,1.1043,1.274,0.0001,0.0001,0.0003,0.0003,0.0,1.517,-1122.689,-1051.8585,-1630.316,2252.0475,1
37.777,17.5272,3.3352,0.08,-0.0,0.0001,0.0,18.1066,3.8194,1.1047,1.2728,0.0001,0.0004,-0.0009,0.001,0.0,1.518,-1131.7052,-1051.2891,-1635.586,2260.1706,1
37.819,17.5272,3.3352,0.08,-0.0,0.0001,-0.0,18.1029,3.8184,1.1053,1.2713,0.0001,-0.0001,0.0013,0.0013,0.0,1.518,-1131.7058,-1051.2885,-1635.586,2260.1706,1
37.86,17.5272,3.3352,0.08,-0.0,0.0001,-0.0,17.9134,3.9615,0.6923,0.9572,-0.0003,-0.0,-0.0003,0.0005,0.0,1.375,-1144.6713,-1050.2799,-1643.201,2271.8236,1
37.902,17.5272,3.3352,0.08,-0.0,0.0001,0.0,17.913,3.9606,0.6917,0.9561,0.0005,0.0001,-0.0006,0.0008,0.0,1.375,-1144.6723,-1050.2789,-1643.201,2271.8236,1
37.943,17.5272,3.3352,0.08,-0.0,0.0001,-0.0,17.9125,3.9593,0.6908,0.9545,0.0007,-0.0002,0.0004,0.0008,0.0,1.377,-1144.6737,-1050.2773,-1643.201,2271.8237,1
37.985,17.5272,3.3352,0.08,-0.0,0.0001,0.0,18.3313,3.8855,0.737,1.1752,-0.0001,0.0,0.001,0.001,0.0,1.485,-1144.6741,-1050.2769,-1643.201,2271.8237,1
38.027,17.5272,3.3352,0.08,-0.0,0.0001,0.0,18.332,3.885,0.7381,1.176,0.0001,-0.0005,-0.0003,0.0006,0.0,1.486,-1153.694,-1049.0708,-1648.225,2279.5234,1
38.068,17.5272,3.3352,0.08,-0.0,0.0001,-0.0,18.3328,3.8842,0.7395,1.177,0.0001,-0.0002,0.0011,0.0011,0.0,1.487,-1153.6952,-1049.0695,-1648.225,2279.5234,1
38.11,17.5272,3.3352,0.08,-0.0,0.0001,0.0,18.3334,3.8835,0.7406,1.1777,-0.0003,-0.0002,-0.0005,0.0007,0.0,1.488,-1166.7986,-1047.356,-1655.783,2290.9522,1
38.151,17.5272,3.3352,0.08,-0.0,0.0001,-0.0,18.334,3.883,0.7417,1.1784,-0.0003,-0.0003,-0.0002,0.0005,0.0,1.488,-1166.8002,-1047.3541,-1655.783,2290.9522,1
38.193,17.5272,3.3352,0.08,-0.0,0.0001,0.0,18.48,4.0044,0.7566,1.3466,0.0,0.0001,-0.0002,0.0003,0.0,1.342,-1166.8011,-1047.3532,-1655.783,2290.9522,1
38.235,17.5272,3.3352,0.08,-0.0,0.0001,0.0,18.4801,4.0049,0.7572,1.3472,0.0,-0.0011,0.0003,0.0011,0.0,1.341,-1166.8015,-1047.3528,-1655.783,2290.9522,1
38.276,17.5272,3.3352,0.08,-0.0,0.0001,-0.0,18.4802,4.0054,0.7579,1.3479,-0.0,-0.0005,0.0004,0.0006,0.0,1.341,-1175.8234,-1045.8177,-1660.906,2298.6261,1
38.318,17.5272,3.3352,0.08,-0.0,0.0001,-0.0,18.4804,4.0059,0.7587,1.3487,-0.0002,0.0002,-0.0002,0.0003,0.0,1.34,-1187.2792,-1043.8974,-1667.571,2308.5309,1
38.359,17.5272,3.3352,0.08,-0.0,0.0001,0.0,18.4804,4.0063,0.7594,1.3492,0.0001,-0.0003,-0.0005,0.0006,0.0,1.34,-1187.2799,-1043.8967,-1667.571,2308.5309,1
38.401,17.5272,3.3352,0.08,-0.0,0.0001,-0.0,18.7373,3.9001,0.8729,1.553,-0.0001,-0.0008,0.0001,0.0008,0.0,1.435,-1187.2807,-1043.8958,-1667.571,2308.5309,1
38.443,17.5272,3.3352,0.08,-0.0,0.0001,-0.0,18.7376,3.9006,0.8725,1.5533,-0.0005,0.0006,-0.0004,0.0009,0.0,1.434,-1200.3045,-1041.6387,-1675.3,2319.9101,1
38.484,17.5272,3.3352,0.08,-0.0,0.0001,-0.0,18.7377,3.9011,0.8723,1.5535,0.0002,-0.0001,0.0004,0.0004,0.0,1.434,-1200.3069,-1041.636,-1675.3,2319.9101,1
38.526,17.5272,3.3353,0.08,-0.0,0.0001,-0.0,18.7379,3.9017,0.872,1.5537,0.0,0.0003,0.001,0.0011,0.0,1.433,-1200.3072,-1041.6356,-1675.3,2319.9101,1
38.567,17.5272,3.3353,0.08,-0.0,0.0001,-0.0,18.7383,3.9024,0.8717,1.5541,-0.0003,0.0003,-0.0006,0.0008,0.0,1.433,-1209.3291,-1039.7294,-1680.803,2327.7732,1
38.609,17.5272,3.3353,0.08,-0.0,0.0001,-0.0,18.7256,4.1209,0.7354,1.5757,-0.0003,-0.0006,-0.0002,0.0007,0.0,1.214,-1209.3299,-1039.7285,-1680.803,2327.7732,1
38.651,17.5272,3.3353,0.08,-0.0,0.0001,0.0,18.724,4.1217,0.7342,1.5745,0.0004,0.0003,-0.0003,0.0006,0.0,1.213,-1209.3302,-1039.7282,-1680.803,2327.7732,1
38.692,17.5272,3.3353,0.08,-0.0,0.0001,0.0,18.722,4.1229,0.7325,1.5728,0.0006,0.0,-0.0005,0.0007,0.0,1.212,-1220.6861,-1037.3678,-1687.911,2337.8513,1
38.734,17.5272,3.3353,0.08,-0.0,0.0001,0.0,18.7204,4.1237,0.7313,1.5715,-0.0003,-0.0002,-0.0002,0.0004,0.0,1.211,-1220.6869,-1037.3669,-1687.911,2337.8513,1
38.775,17.5272,3.3353,0.08,-0.0,0.0001,-0.0,18.7188,4.1246,0.7301,1.5702,0.0,0.0008,0.0,0.0008,0.0,1.21,-1220.6871,-1037.3666,-1687.911,2337.8513,1
38.817,17.5272,3.3353,0.08,-0.0,0.0001,0.0,18.4265,4.2633,0.977,1.5731,0.0001,-0.0003,-0.0008,0.0008,0.0,1.097,-1233.5197,-1034.6196,-1696.151,2349.3974,1
38.859,17.5272,3.3353,0.08,-0.0,0.0001,-0.0,18.4248,4.2653,0.9748,1.572,0.0002,-0.0002,0.0006,0.0007,0.0,1.095,-1233.5204,-1034.6187,-1696.151,2349.3974,1
38.9,17.5272,3.3353,0.08,-0.0,0.0001,-0.0,18.4229,4.2672,0.9727,1.5709,0.0001,-0.0005,0.0003,0.0006,0.0,1.094,-1244.8286,-1031.9451,-1703.725,2359.7244,1
38.942,17.5272,3.3353,0.08,-0.0,0.0001,-0.0,18.3076,4.3477,1.1048,1.6384,-0.0,-0.0004,-0.0005,0.0006,0.0,1.033,-1244.83,-1031.9435,-1703.725,2359.7244,1
38.983,17.5272,3.3353,0.08,-0.0,0.0001,0.0,18.3058,4.3488,1.104,1.6377,-0.0001,-0.0002,-0.0004,0.0005,0.0,1.031,-1244.8303,-1031.943,-1703.725,2359.7244,1
39.025,17.5272,3.3353,0.08,-0.0,0.0001,0.0,18.3096,4.3174,1.2395,1.7091,0.0003,0.0005,-0.0017,0.0018,0.0,1.062,-1257.7301,-1028.8787,-1712.504,2371.6431,1
39.067,17.5272,3.3353,0.08,-0.0,0.0001,0.0,18.3084,4.3174,1.2391,1.7083,-0.0001,0.0,0.0003,0.0004,0.0,1.062,-1257.7305,-1028.8782,-1712.504,2371.6431,1
39.108,17.5272,3.3353,0.08,-0.0,0.0001,0.0,18.3076,4.3174,1.2387,1.7077,0.0002,0.0002,-0.0002,0.0004,0.0,1.061,-1257.731,-1028.8776,-1712.504,2371.6431,1
39.15,17.5272,3.3353,0.08,-0.0,0.0001,-0.0,18.3067,4.3174,1.2384,1.7071,-0.0004,-0.0006,0.0011,0.0013,0.0,1.061,-1266.7532,-1026.5269,-1719.084,2380.2347,1
39.191,17.5272,3.3353,0.08,-0.0,0.0001,-0.0,18.3057,4.3175,1.2381,1.7065,-0.0005,-0.0005,-0.0002,0.0008,0.0,1.061,-1279.8219,-1023.2296,-1728.639,2392.7849,1
39.233,17.5272,3.3353,0.08,-0.0,0.0001,0.0,18.4202,4.2023,1.19,1.6677,-0.0002,0.0002,0.0002,0.0003,0.0,1.158,-1279.8239,-1023.2272,-1728.639,2392.7849,1
39.275,17.5272,3.3353,0.08,-0.0,0.0001,0.0,18.4197,4.2014,1.1867,1.6648,0.0001,-0.0,-0.0008,0.0008,0.0,1.159,-1279.8239,-1023.2272,-1728.639,2392.7849,1
39.316,17.5272,3.3353,0.08,-0.0,0.0001,0.0,18.3907,4.2872,1.4938,1.9106,-0.0004,-0.0001,0.0006,0.0007,0.0,1.082,-1288.8451,-1020.8431,-1735.729,2401.7875,1
39.358,17.5272,3.3353,0.08,-0.0,0.0001,0.0,18.3888,4.2871,1.4931,1.9092,-0.0001,-0.0004,-0.0005,0.0007,0.0,1.083,-1288.846,-1020.842,-1735.729,2401.7875,1
39.399,17.5272,3.3353,0.08,-0.0,0.0001,0.0,18.3869,4.287,1.4922,1.9077,0.0002,0.0001,-0.0,0.0002,0.0,1.083,-1288.8464,-1020.8415,-1735.729,2401.7875,1
39.441,17.5272,3.3353,0.08,-0.0,0.0001,-0.0,18.2909,4.3072,1.6615,2.0072,-0.0001,-0.0004,0.0007,0.0008,0.0,1.067,-1302.0115,-1017.5008,-1746.035,2414.9962,1
39.483,17.5272,3.3353,0.08,-0.0,0.0001,-0.0,18.2898,4.307,1.6607,2.006,-0.0001,0.0004,-0.0005,0.0006,0.0,1.066,-1302.0128,-1017.4992,-1746.035,2414.9962,1
39.524,17.5272,3.3353,0.08,-0.0,0.0001,0.0,18.2669,4.175,1.2689,1.6327,0.0002,0.0007,-0.0002,0.0008,0.0,1.189,-1302.0131,-1017.4989,-1746.035,2414.9962,1
39.566,17.5272,3.3353,0.08,-0.0,0.0001,-0.0,18.2652,4.1732,1.2671,1.6297,-0.0002,0.0004,-0.0003,0.0005,0.0,1.19,-1311.0343,-1015.1923,-1753.619,2424.4452,1
39.607,17.5272,3.3354,0.08,-0.0,0.0001,-0.0,18.264,4.172,1.2656,1.6274,0.0003,0.0002,0.0001,0.0003,0.0,1.191,-1311.035,-1015.1914,-1753.619,2424.4452,1
39.649,17.5272,3.3354,0.08,-0.0,0.0001,-0.0,18.5152,3.9699,1.5051,1.8466,-0.0003,0.0,0.0002,0.0004,0.0,1.372,-1311.0355,-1015.1908,-1753.619,2424.4452,1
39.691,17.5272,3.3354,0.08,-0.0,0.0001,-0.0,18.5152,3.9679,1.505,1.8458,-0.0002,-0.0,0.0009,0.0009,0.0,1.374,-1322.5131,-1012.3486,-1763.296,2436.5584,1
39.732,17.5272,3.3354,0.08,-0.0,0.0001,-0.0,18.5151,3.9664,1.5049,1.8451,0.0001,0.0,-0.0001,0.0002,0.0,1.375,-1322.5148,-1012.3465,-1763.296,2436.5584,1
39.774,17.5272,3.3354,0.08,-0.0,0.0001,-0.0,18.515,3.9649,1.5047,1.8445,-0.0001,-0.0002,0.0011,0.0011,0.0,1.377,-1335.4541,-1009.2627,-1774.429,2450.4684,1
39.815,17.5272,3.3354,0.08,-0.0,0.0001,0.0,18.5151,3.9629,1.5046,1.8437,0.0001,0.0,-0.0002,0.0002,0.0,1.379,-1335.4562,-1009.26,-1774.429,2450.4685,1
39.857,17.5272,3.3354,0.08,-0.0,0.0001,0.0,18.3049,3.9658,1.5799,1.8033,-0.0003,0.0001,0.0002,0.0004,0.0,1.401,-1335.4565,-1009.2596,-1774.429,2450.4685,1
39.899,17.5272,3.3354,0.08,-0.0,0.0001,0.0,18.306,3.9665,1.5806,1.8046,-0.0002,-0.0005,-0.0001,0.0006,0.0,1.401,-1344.4785,-1007.211,-1782.62,2460.5452,1
39.94,17.5272,3.3354,0.08,-0.0,0.0001,-0.0,18.3078,3.9651,1.3125,1.589,-0.0003,-0.0,0.0001,0.0003,0.0,1.402,-1344.4794,-1007.2098,-1782.62,2460.5452,1
39.982,17.5272,3.3354,0.08,-0.0,0.0001,-0.0,18.3079,3.9657,1.3126,1.5894,0.0001,-0.0006,0.0007,0.0009,0.0,1.402,-1344.48,-1007.209,-1782.62,2460.5452,1
40.023,17.5272,3.3354,0.08,-0.0,0.0001,-0.0,18.3081,3.9664,1.3127,1.5898,-0.0003,-0.0006,0.0003,0.0007,0.0,1.401,-1357.5942,-1004.2964,-1794.312,2475.1007,1
40.065,17.5272,3.3354,0.08,-0.0,0.0001,0.0,17.762,4.0295,1.3391,1.4568,-0.0005,0.0004,0.0002,0.0006,0.0,1.325,-1357.595,-1004.2953,-1794.312,2475.1007,1
40.107,17.5272,3.3354,0.08,-0.0,0.0001,-0.0,17.7617,4.0283,1.3396,1.4566,-0.0006,0.0003,-0.0001,0.0007,0.0,1.327,-1366.6176,-1002.6398,-1802.775,2485.5842,1
40.148,17.5272,3.3354,0.08,-0.0,0.0001,0.0,17.7613,4.0271,1.3401,1.4564,0.0001,-0.0006,-0.0003,0.0007,0.0,1.328,-1366.6185,-1002.6386,-1802.775,2485.5843,1
40.19,17.5272,3.3354,0.08,-0.0,0.0001,-0.0,17.7609,4.0256,1.3406,1.456,0.0003,-0.0002,0.0001,0.0003,0.0,1.329,-1366.6187,-1002.6383,-1802.775,2485.5843,1
40.231,17.5272,3.3354,0.08,-0.0,0.0001,-0.0,17.7606,4.0244,1.341,1.4558,0.0003,-0.0005,0.0003,0.0007,0.0,1.331,-1379.7739,-1000.4637,-1814.881,2500.8291,1
40.273,17.5272,3.3354,0.08,-0.0,0.0001,0.0,18.2639,4.2135,1.2272,1.6217,0.0003,-0.0002,-0.0002,0.0004,0.0,1.15,-1379.7751,-1000.4621,-1814.881,2500.8291,1
40.315,17.5272,3.3354,0.08,-0.0,0.0001,0.0,18.2664,4.2131,1.228,1.6231,0.0001,0.0001,-0.0011,0.0011,0.0,1.152,-1391.1454,-999.1473,-1825.495,2514.3695,1
40.356,17.5272,3.3354,0.08,-0.0,0.0001,0.0,17.8431,4.1313,1.3974,1.5713,-0.0,0.0003,0.0004,0.0005,0.0,1.212,-1391.1468,-999.1453,-1825.495,2514.3695,1
40.398,17.5272,3.3354,0.08,-0.0,0.0001,0.0,17.8443,4.1318,1.3975,1.5718,-0.0003,-0.0,-0.0002,0.0003,0.0,1.212,-1391.147,-999.145,-1825.495,2514.3695,1
40.439,17.5272,3.3354,0.08,-0.0,0.0001,0.0,17.846,4.1324,1.3975,1.5725,0.0001,-0.0002,0.0006,0.0006,0.0,1.211,-1391.1473,-999.1446,-1825.495,2514.3695,1
40.481,17.5272,3.3354,0.08,-0.0,0.0001,-0.0,18.2373,4.189,1.5853,1.8705,-0.0004,-0.0002,-0.0005,0.0007,0.0,1.169,-1391.1474,-999.1445,-1825.495,2514.3695,1
40.523,17.5272,3.3354,0.08,-0.0,0.0001,0.0,18.2384,4.1885,1.5849,1.8704,0.0001,0.0002,0.0007,0.0007,0.0,1.169,-1400.1687,-998.5637,-1833.95,2525.3375,1
40.564,17.5272,3.3354,0.08,-0.0,0.0001,0.0,18.2398,4.1879,1.5844,1.8702,-0.0001,0.0007,-0.0004,0.0008,0.0,1.17,-1413.2423,-997.7274,-1845.902,2541.0387,1
40.606,17.5272,3.3354,0.08,-0.0,0.0001,0.0,18.2409,4.1874,1.584,1.8701,-0.0006,0.0001,-0.0008,0.001,0.0,1.171,-1413.2436,-997.7256,-1845.902,2541.0387,1
40.647,17.5272,3.3355,0.08,-0.0,0.0001,0.0,18.2419,4.1869,1.5836,1.8699,0.0004,0.0,-0.0004,0.0006,0.0,1.172,-1413.2439,-997.7251,-1845.902,2541.0387,1
40.689,17.5272,3.3355,0.08,-0.0,0.0001,-0.0,18.0436,4.085,1.3146,1.5338,-0.0002,-0.0008,-0.0008,0.0011,0.0,1.249,-1413.2445,-997.7244,-1845.902,2541.0387,1
40.731,17.5272,3.3355,0.08,-0.0,0.0001,-0.0,18.0447,4.0842,1.3137,1.5331,-0.0006,0.0002,0.0005,0.0008,0.0,1.25,-1424.6368,-997.5155,-1856.159,2554.8313,1
40.772,17.5272,3.3355,0.08,-0.0,0.0001,-0.0,18.2464,3.9669,1.2418,1.5052,-0.0005,-0.0008,0.0004,0.001,0.0,1.389,-1424.6372,-997.5149,-1856.159,2554.8313,1
40.814,17.5272,3.3355,0.08,-0.0,0.0001,-0.0,17.993,3.7458,1.2114,1.2906,-0.0001,-0.0004,-0.0001,0.0004,0.0,1.588,-1435.7889,-997.5705,-1865.921,2568.2484,1
40.855,17.5272,3.3355,0.08,-0.0,0.0001,0.0,17.9946,3.7455,1.2104,1.2901,0.0001,-0.0,0.0004,0.0005,0.0,1.588,-1435.7892,-997.5701,-1865.921,2568.2484,1
40.897,17.5272,3.3355,0.08,-0.0,0.0001,0.0,17.9962,3.7452,1.2092,1.2896,0.0001,-0.0001,-0.0001,0.0002,0.0,1.588,-1447.0082,-997.9047,-1875.367,2581.5978,1
40.939,17.5272,3.3355,0.08,-0.0,0.0001,-0.0,17.9983,3.7447,1.2077,1.2888,-0.0001,0.0003,-0.0005,0.0005,0.0,1.589,-1447.0091,-997.9033,-1875.367,2581.5978,1
40.98,17.5272,3.3355,0.08,-0.0,0.0001,0.0,18.1469,3.8779,1.5515,1.6863,0.0002,0.0012,0.0003,0.0012,0.0,1.463,-1447.0096,-997.9026,-1875.367,2581.5978,1
41.022,17.5272,3.3355,0.08,-0.0,0.0001,-0.0,18.1499,3.8778,1.5521,1.6879,0.0004,-0.0001,-0.0002,0.0005,0.0,1.463,-1447.0098,-997.9023,-1875.367,2581.5978,1
41.063,17.5272,3.3355,0.08,-0.0,0.0001,0.0,18.309,4.1549,1.6052,1.8997,0.0002,0.0002,0.0002,0.0003,0.0,1.218,-1458.0608,-998.4638,-1884.278,2594.5649,1
41.105,17.5272,3.3355,0.08,-0.0,0.0001,0.0,18.3112,4.1522,1.6062,1.9003,-0.0003,-0.0001,0.0002,0.0004,0.0,1.221,-1458.0613,-998.4631,-1884.278,2594.5649,1
41.147,17.5272,3.3355,0.08,-0.0,0.0001,0.0,18.3134,4.1495,1.6071,1.9007,0.0,-0.0,0.0005,0.0005,0.0,1.225,-1470.7348,-999.196,-1894.116,2609.209,1
41.188,17.5272,3.3355,0.08,-0.0,0.0001,-0.0,18.6453,4.2333,1.7642,2.212,0.0004,0.0001,0.0008,0.0009,0.0,1.1,-1470.7354,-999.1951,-1894.116,2609.209,1
41.23,17.5272,3.3355,0.08,-0.0,0.0001,-0.0,18.6473,4.2321,1.7627,2.2114,-0.0003,0.0,0.0005,0.0005,0.0,1.101,-1470.7356,-999.1948,-1894.116,2609.209,1
41.271,17.5272,3.3355,0.08,-0.0,0.0001,0.0,18.6494,4.2309,1.7612,2.2108,0.0004,0.0004,0.0001,0.0006,0.0,1.103,-1479.7532,-1000.065,-1900.485,2619.3144,1
41.313,17.5272,3.3355,0.08,-0.0,0.0001,-0.0,18.3489,4.528,1.5517,2.0648,-0.0005,0.0004,-0.0001,0.0006,0.0,0.866,-1479.7537,-1000.0642,-1900.485,2619.3144,1
41.355,17.5272,3.3355,0.08,-0.0,0.0001,0.0,18.3494,4.528,1.5509,2.0644,0.0001,0.0003,-0.0004,0.0005,0.0,0.866,-1492.7111,-1001.0191,-1909.607,2633.7145,1
41.396,17.5272,3.3355,0.08,-0.0,0.0001,-0.0,18.3499,4.528,1.55,2.064,0.0001,0.0003,0.0001,0.0004,0.0,0.865,-1492.7115,-1001.0185,-1909.607,2633.7145,1
41.438,17.5272,3.3355,0.08,-0.0,0.0001,-0.0,18.3506,4.5281,1.5489,2.0635,0.0002,-0.0002,0.0007,0.0007,0.0,0.865,-1492.712,-1001.0178,-1909.607,2633.7145,1
41.479,17.5272,3.3355,0.08,-0.0,0.0001,0.0,18.3512,4.5281,1.548,2.0631,-0.0001,-0.0004,-0.0008,0.0009,0.0,0.865,-1501.7325,-1001.916,-1915.104,2643.2197,1
41.521,17.5272,3.3355,0.08,-0.0,0.0001,0.0,17.9987,4.7001,1.6338,2.1211,-0.0003,0.0004,0.0008,0.0009,0.0,0.633,-1501.7332,-1001.915,-1915.104,2643.2197,1
41.563,17.5272,3.3355,0.08,-0.0,0.0001,-0.0,17.9961,4.7009,1.6316,2.1194,-0.0,0.0001,0.0003,0.0003,0.0,0.632,-1501.7333,-1001.9148,-1915.104,2643.2197,1
41.604,17.5272,3.3355,0.08,-0.0,0.0001,-0.0,17.9941,4.7016,1.6299,2.1181,-0.0001,-0.0003,0.0001,0.0004,0.0,0.632,-1513.1329,-1002.86,-1921.941,2655.0921,1
41.646,17.5271,3.3355,0.08,-0.0,0.0001,0.0,17.9919,4.7022,1.6282,2.1167,-0.0003,-0.0002,-0.0006,0.0007,0.0,0.631,-1513.1335,-1002.859,-1921.941,2655.0921,1
41.687,17.5271,3.3355,0.08,-0.0,0.0001,-0.0,17.8533,4.7854,1.7406,2.2284,0.0001,0.0002,0.0001,0.0003,0.0,0.567,-1513.1339,-1002.8585,-1921.941,2655.0921,1
41.729,17.5271,3.3356,0.08,-0.0,0.0001,0.0,17.8527,4.7853,1.7409,2.2286,0.0001,-0.0003,0.0002,0.0004,0.0,0.567,-1526.0441,-1003.8316,-1929.305,2668.2437,1
41.771,17.5271,3.3356,0.08,-0.0,0.0001,-0.0,17.8521,4.7852,1.7413,2.2287,0.0003,-0.0006,-0.0001,0.0007,0.0,0.568,-1526.0449,-1003.8303,-1929.305,2668.2437,1
41.812,17.5271,3.3356,0.08,-0.0,0.0001,0.0,17.9972,4.4505,1.3391,1.7463,-0.0002,-0.0004,0.0001,0.0004,0.0,0.883,-1537.4095,-1004.5755,-1935.021,2679.2403,1
41.854,17.5271,3.3356,0.08,-0.0,0.0001,-0.0,17.9971,4.4493,1.3379,1.7446,0.0002,-0.0005,0.0004,0.0006,0.0,0.884,-1537.4098,-1004.5751,-1935.021,2679.2403,1
41.895,17.5271,3.3356,0.08,-0.0,0.0001,0.0,17.9969,4.4482,1.3367,1.743,0.0003,0.0004,-0.0003,0.0005,0.0,0.885,-1550.2117,-1005.2436,-1941.159,2691.3651,1
41.937,17.5271,3.3356,0.08,-0.0,0.0001,0.0,17.9965,4.4466,1.3351,1.7407,0.0007,-0.0004,0.0002,0.0008,0.0,0.887,-1550.2121,-1005.243,-1941.159,2691.3651,1
41.979,17.5271,3.3356,0.08,-0.0,0.0001,-0.0,17.9962,4.4454,1.3339,1.7389,0.0003,-0.0001,0.0002,0.0004,0.0,0.888,-1559.1084,-1005.451,-1944.642,2699.1431,1
42.02,17.5271,3.3356,0.08,-0.0,0.0001,-0.0,17.9364,4.1777,1.1448,1.4179,0.0001,-0.0002,0.0,0.0002,0.0,1.157,-1559.109,-1005.4502,-1944.642,2699.1432,1
42.062,17.5271,3.3356,0.08,-0.0,0.0001,-0.0,17.936,4.1763,1.1452,1.4173,-0.0002,0.0004,0.0001,0.0004,0.0,1.159,-1559.1096,-1005.4491,-1944.642,2699.1432,1
42.103,17.5271,3.3356,0.08,-0.0,0.0001,0.0,17.9356,4.1752,1.1455,1.4167,0.0005,-0.0001,0.0003,0.0006,0.0,1.16,-1559.11,-1005.4486,-1944.642,2699.1432,1
42.145,17.5271,3.3356,0.08,-0.0,0.0001,-0.0,17.9352,4.1741,1.1458,1.4162,0.0001,-0.0008,0.0001,0.0008,0.0,1.161,-1559.1101,-1005.4484,-1944.642,2699.1432,1
42.187,17.5271,3.3356,0.08,-0.0,0.0001,0.0,17.9346,4.1726,1.1462,1.4154,-0.0001,0.0002,-0.0006,0.0007,0.0,1.163,-1571.9196,-1005.593,-1949.935,2710.5048,1
42.228,17.5271,3.3356,0.08,-0.0,0.0001,-0.0,18.0651,4.1122,1.0309,1.3404,-0.0003,-0.0005,0.0008,0.001,0.0,1.223,-1571.9199,-1005.5927,-1949.935,2710.5048,1
42.27,17.5271,3.3356,0.08,-0.0,0.0001,-0.0,18.0642,4.111,1.0326,1.3406,0.0006,0.0002,-0.0004,0.0008,0.0,1.224,-1580.5305,-1005.2857,-1952.845,2717.5395,1
42.311,17.5271,3.3356,0.08,-0.0,0.0001,0.0,18.063,4.1093,1.0349,1.3407,-0.0002,-0.0002,-0.0004,0.0005,0.0,1.226,-1580.5312,-1005.2847,-1952.845,2717.5395,1
42.353,17.5271,3.3356,0.08,-0.0,0.0001,-0.0,18.0621,4.1081,1.0366,1.3409,-0.0006,0.0006,-0.0,0.0008,0.0,1.227,-1591.3149,-1004.7205,-1956.63,2726.4013,1
42.395,17.5271,3.3356,0.08,-0.0,0.0001,0.0,18.0613,4.1068,1.0383,1.341,-0.0005,0.0002,-0.0,0.0005,0.0,1.228,-1591.3158,-1004.7191,-1956.63,2726.4013,1
42.436,17.5271,3.3356,0.08,-0.0,0.0001,0.0,18.0172,4.1878,1.0169,1.358,-0.0003,0.0006,0.0007,0.001,0.0,1.146,-1591.3164,-1004.7182,-1956.63,2726.4013,1
42.478,17.5271,3.3356,0.08,-0.0,0.0001,0.0,17.8922,4.1347,0.843,1.1636,-0.0003,-0.0003,0.0005,0.0006,0.0,1.203,-1601.6539,-1003.7803,-1960.162,2734.699,1
42.519,17.5271,3.3356,0.08,-0.0,0.0001,-0.0,17.8928,4.1333,0.8424,1.1624,0.0003,-0.0002,0.0006,0.0007,0.0,1.205,-1601.6546,-1003.7792,-1960.162,2734.699,1
42.561,17.5271,3.3356,0.08,-0.0,0.0001,-0.0,17.8936,4.1314,0.8416,1.1609,-0.0002,0.0004,0.0,0.0004,0.0,1.207,-1613.2156,-1002.4117,-1964.091,2743.869,1
42.603,17.5271,3.3356,0.08,-0.0,0.0001,0.0,17.8942,4.1301,0.8411,1.1598,0.0,0.0003,-0.0008,0.0009,0.0,1.208,-1613.2165,-1002.4102,-1964.091,2743.869,1
42.644,17.5271,3.3356,0.08,-0.0,0.0001,0.0,17.7841,4.2889,0.4677,1.0607,-0.0001,-0.0,0.0001,0.0001,0.0,1.067,-1613.2169,-1002.4095,-1964.091,2743.869,1
42.686,17.5271,3.3356,0.08,-0.0,0.0001,-0.0,17.7844,4.2878,0.4661,1.0592,-0.0003,-0.0004,0.0003,0.0006,0.0,1.068,-1620.8665,-1000.8875,-1966.536,2749.6139,1
42.727,17.5271,3.3356,0.08,-0.0,0.0001,-0.0,17.7845,4.2869,0.4649,1.0579,-0.0002,0.0002,0.0012,0.0012,0.0,1.068,-1620.8668,-1000.8871,-1966.536,2749.6139,1
42.769,17.5271,3.3356,0.08,-0.0,0.0001,-0.0,17.9069,4.242,0.7001,1.162,0.0006,-0.0006,-0.0001,0.0009,0.0,1.095,-1620.8671,-1000.8866,-1966.536,2749.6139,1
42.811,17.5271,3.3357,0.08,-0.0,0.0001,0.0,17.9078,4.2414,0.7006,1.1621,-0.0003,-0.0001,0.0004,0.0004,0.0,1.096,-1620.8673,-1000.8863,-1966.536,2749.6139,1
42.852,17.5271,3.3357,0.08,-0.0,0.0001,-0.0,18.1211,4.4471,1.011,1.5668,-0.0002,0.0002,-0.0,0.0003,0.0,0.894,-1631.9214,-998.8165,-1970.397,2758.2184,1
42.894,17.5271,3.3357,0.08,-0.0,0.0001,0.0,18.1197,4.4478,1.0093,1.5658,0.0005,0.0,-0.0002,0.0005,0.0,0.894,-1631.922,-998.8156,-1970.397,2758.2184,1
42.935,17.5271,3.3357,0.08,-0.0,0.0001,0.0,18.1179,4.4487,1.0071,1.5644,-0.0003,-0.0,-0.0007,0.0007,0.0,0.892,-1631.9223,-998.815,-1970.397,2758.2184,1
42.977,17.5271,3.3357,0.08,-0.0,0.0001,0.0,17.8117,4.06,1.4053,1.5369,-0.0001,-0.0002,-0.0,0.0003,0.0,1.287,-1638.9792,-996.7105,-1973.012,2763.548,1
43.019,17.5271,3.3357,0.08,-0.0,0.0001,-0.0,17.8104,4.0585,1.4053,1.536,0.0002,0.0002,-0.0001,0.0003,0.0,1.289,-1649.2611,-993.7871,-1977.233,2771.6788,1
43.06,17.5271,3.3357,0.08,-0.0,0.0001,-0.0,17.8087,4.0565,1.4053,1.5347,-0.0002,0.0003,-0.0003,0.0004,0.0,1.291,-1649.2625,-993.7849,-1977.233,2771.6788,1
43.102,17.5271,3.3357,0.08,-0.0,0.0001,0.0,17.8075,4.055,1.4053,1.5338,0.0003,0.0002,-0.0001,0.0004,0.0,1.293,-1649.2627,-993.7845,-1977.233,2771.6788,1
43.143,17.5271,3.3357,0.08,-0.0,0.0001,0.0,17.8063,4.0534,1.4052,1.5328,0.0006,0.0,-0.0001,0.0006,0.0,1.294,-1655.7174,-991.1823,-1980.293,2776.813,1
43.185,17.5271,3.3357,0.08,-0.0,0.0001,0.0,18.04,3.9864,1.0381,1.2666,-0.0001,0.0005,0.0002,0.0006,0.0,1.348,-1655.7181,-991.1812,-1980.293,2776.813,1
43.227,17.5271,3.3357,0.08,-0.0,0.0001,0.0,18.0398,3.9851,1.0379,1.2658,-0.0003,-0.0,-0.0007,0.0008,0.0,1.349,-1655.7184,-991.1807,-1980.293,2776.813,1
43.268,17.5271,3.3357,0.08,-0.0,0.0001,0.0,18.0763,4.0428,0.8554,1.1844,-0.0003,-0.0,-0.0003,0.0004,0.0,1.293,-1655.7186,-991.1804,-1980.293,2776.813,1
43.31,17.5271,3.3357,0.08,-0.0,0.0001,-0.0,18.0767,4.0418,0.8545,1.1834,-0.0,0.0001,-0.0004,0.0004,0.0,1.294,-1663.959,-988.028,-1984.439,2783.6151,1
43.351,17.5271,3.3357,0.08,-0.0,0.0001,0.0,18.1771,4.0027,0.934,1.2636,0.0004,0.0002,0.0004,0.0006,0.0,1.342,-1673.279,-984.3813,-1989.299,2791.4224,1
43.393,17.5271,3.3357,0.08,-0.0,0.0001,-0.0,18.1775,4.0007,0.9348,1.2633,-0.0004,-0.0007,0.0008,0.0012,0.0,1.344,-1673.2795,-984.3804,-1989.299,2791.4224,1
43.435,17.5271,3.3357,0.08,-0.0,0.0001,0.0,18.1781,3.998,0.936,1.263,0.0004,0.0005,-0.0007,0.0009,0.0,1.347,-1673.2804,-984.379,-1989.299,2791.4224,1
43.476,17.5271,3.3357,0.08,-0.0,0.0001,0.0,18.1913,4.2887,0.7938,1.3634,0.0002,-0.0,0.0006,0.0006,0.0,1.062,-1673.2805,-984.3788,-1989.299,2791.4224,1
43.518,17.5271,3.3357,0.08,-0.0,0.0001,0.0,18.1926,4.2895,0.7952,1.3653,0.0,0.0004,-0.0007,0.0008,0.0,1.061,-1682.3824,-980.5322,-1994.535,2799.3173,1
43.559,17.5271,3.3357,0.08,-0.0,0.0001,0.0,18.1944,4.2905,0.7969,1.3678,-0.0003,-0.0001,-0.0,0.0003,0.0,1.061,-1682.383,-980.5312,-1994.535,2799.3173,1
43.601,17.5271,3.3357,0.08,-0.0,0.0001,-0.0,18.1958,4.2913,0.7982,1.3697,0.0003,0.0001,0.0003,0.0004,0.0,1.06,-1682.383,-980.5312,-1994.535,2799.3173,1
43.643,17.5271,3.3357,0.08,-0.0,0.0001,0.0,18.1972,4.292,0.7996,1.3716,-0.0002,-0.0003,0.0001,0.0004,0.0,1.06,-1688.1755,-977.7416,-1998.714,2804.8372,1
43.684,17.5271,3.3357,0.08,-0.0,0.0001,0.0,18.2299,4.2727,0.9586,1.4642,0.0,0.0,0.0001,0.0001,0.0,1.085,-1695.3788,-974.5504,-2004.231,2812.0403,1
43.726,17.5271,3.3357,0.08,-0.0,0.0001,0.0,18.2314,4.2734,0.9597,1.466,-0.0001,0.0005,-0.0022,0.0022,0.0,1.085,-1695.3793,-974.5495,-2004.231,2812.0403,1
43.767,17.5271,3.3357,0.08,-0.0,0.0001,0.0,18.233,4.2741,0.9608,1.4678,-0.0002,-0.0002,-0.0003,0.0004,0.0,1.085,-1695.3796,-974.549,-2004.231,2812.0403,1
43.809,17.5271,3.3357,0.08,-0.0,0.0001,0.0,18.2348,4.275,0.9623,1.4703,0.0002,0.0005,-0.0001,0.0006,0.0,1.084,-1695.3797,-974.5489,-2004.231,2812.0403,1
43.851,17.5271,3.3357,0.08,-0.0,0.0001,0.0,18.2362,4.2757,0.9635,1.4721,0.0005,-0.0001,0.0,0.0005,0.0,1.084,-1702.0945,-971.7494,-2009.913,2819.2129,1
43.892,17.5271,3.3358,0.08,-0.0,0.0001,0.0,18.4188,4.3532,0.8256,1.5447,-0.0007,0.0005,-0.0001,0.0008,0.0,1.011,-1702.0949,-971.7487,-2009.913,2819.2129,1
43.934,17.5271,3.3358,0.08,-0.0,0.0001,0.0,18.4207,4.353,0.8264,1.5461,-0.0004,-0.0002,0.0001,0.0004,0.0,1.011,-1709.6876,-968.8796,-2016.574,2827.6079,1
43.975,17.5271,3.3358,0.08,-0.0,0.0001,-0.0,18.4223,4.3528,0.8271,1.5472,-0.0004,-0.0003,0.0003,0.0006,0.0,1.011,-1709.6882,-968.8785,-2016.574,2827.6079,1
44.017,17.5271,3.3358,0.08,-0.0,0.0001,0.0,18.4056,4.6521,0.8878,1.7768,0.0,0.0,0.0004,0.0004,0.0,0.73,-1709.6885,-968.8779,-2016.574,2827.6079,1
44.059,17.5271,3.3358,0.08,-0.0,0.0001,-0.0,18.4056,4.6526,0.8864,1.7765,-0.0004,-0.0002,0.0004,0.0006,0.0,0.729,-1714.493,-967.3901,-2021.533,2833.5704,1
44.1,17.5271,3.3358,0.08,-0.0,0.0001,0.0,18.4056,4.6528,0.8854,1.7763,0.0001,-0.0,0.0006,0.0006,0.0,0.729,-1714.4934,-967.3893,-2021.533,2833.5704,1
44.142,17.5271,3.3358,0.08,-0.0,0.0001,0.0,18.4056,4.6531,0.8844,1.776,0.0,0.0008,0.0001,0.0008,0.0,0.729,-1721.6353,-965.3407,-2028.239,2842.0236,1
44.183,17.5271,3.3358,0.08,-0.0,0.0001,0.0,18.3621,4.6227,0.9125,1.7454,-0.0002,0.0,-0.0011,0.0011,0.0,0.773,-1721.6358,-965.3398,-2028.239,2842.0236,1
44.225,17.5271,3.3358,0.08,-0.0,0.0001,0.0,18.3631,4.6229,0.9127,1.7461,0.0003,0.0003,0.0005,0.0007,0.0,0.773,-1721.6359,-965.3396,-2028.239,2842.0236,1
44.267,17.5271,3.3358,0.08,-0.0,0.0001,0.0,18.364,4.623,0.9129,1.7468,0.0004,0.0007,0.001,0.0013,0.0,0.772,-1726.1073,-964.4341,-2032.827,2847.7272,1
44.308,17.5271,3.3358,0.08,-0.0,0.0001,0.0,18.77,4.6051,0.5198,1.8301,-0.0002,0.0002,0.0,0.0003,0.0,0.736,-1726.1076,-964.4335,-2032.827,2847.7272,1
44.35,17.5271,3.3358,0.08,-0.0,0.0001,0.0,18.7702,4.6051,0.5195,1.8302,0.0001,0.0,0.0007,0.0007,0.0,0.736,-1731.83,-963.2198,-2038.299,2854.7274,1
44.391,17.5271,3.3358,0.08,-0.0,0.0001,0.0,18.7705,4.6052,0.5193,1.8304,-0.0,0.0011,-0.0001,0.0011,0.0,0.735,-1731.8302,-963.2194,-2038.299,2854.7274,1
44.433,17.5271,3.3358,0.08,-0.0,0.0001,0.0,18.7709,4.6053,0.519,1.8307,-0.0002,-0.0,-0.0008,0.0008,0.0,0.735,-1731.8305,-963.2189,-2038.299,2854.7274,1
44.475,17.5271,3.3358,0.08,-0.0,0.0001,0.0,18.7711,4.6053,0.5189,1.8308,0.0001,-0.0002,-0.0004,0.0004,0.0,0.735,-1737.2571,-962.0618,-2043.428,2861.3257,1
44.516,17.5271,3.3358,0.08,-0.0,0.0001,0.0,18.8208,4.4185,0.1427,1.6882,0.0001,0.0006,-0.0005,0.0008,0.0,0.928,-1737.2574,-962.0612,-2043.428,2861.3257,1
44.558,17.5271,3.3358,0.08,-0.0,0.0001,0.0,18.8199,4.4178,0.14,1.6869,0.0003,0.0001,-0.0003,0.0004,0.0,0.928,-1737.2575,-962.0609,-2043.428,2861.3257,1
44.599,17.5271,3.3358,0.08,-0.0,0.0001,-0.0,18.8561,4.6303,0.4009,1.8828,0.0004,0.0003,0.0005,0.0007,0.0,0.728,-1737.2576,-962.0608,-2043.428,2861.3257,1
44.641,17.5271,3.3358,0.08,-0.0,0.0001,0.0,18.8568,4.6312,0.3992,1.8836,0.0001,-0.0,-0.0003,0.0003,0.0,0.727,-1743.3571,-960.6509,-2048.957,2868.5425,1
44.683,17.5271,3.3358,0.08,-0.0,0.0001,0.0,18.8577,4.6323,0.3971,1.8847,0.0,0.0003,-0.0001,0.0003,0.0,0.727,-1748.4847,-959.2719,-2053.517,2874.4863,1
44.724,17.5271,3.3358,0.08,-0.0,0.0001,-0.0,18.6818,4.5422,0.3674,1.6945,0.0001,0.0002,-0.0002,0.0003,0.0,0.791,-1748.4852,-959.271,-2053.517,2874.4863,1
44.766,17.5271,3.3358,0.08,-0.0,0.0001,0.0,18.6825,4.5432,0.3663,1.6955,-0.0,-0.0001,0.0005,0.0005,0.0,0.79,-1748.4855,-959.2704,-2053.517,2874.4864,1
44.807,17.5271,3.3358,0.08,-0.0,0.0001,0.0,18.6007,4.4662,0.1999,1.5636,0.0,0.0002,-0.0001,0.0002,0.0,0.87,-1748.4855,-959.2705,-2053.517,2874.4864,1
44.849,17.5271,3.3358,0.08,-0.0,0.0001,0.0,18.795,4.6139,0.3407,1.8191,-0.0004,-0.0003,-0.0001,0.0005,0.0,0.731,-1754.1447,-957.437,-2058.582,2880.9711,1
44.891,17.5271,3.3358,0.08,-0.0,0.0001,0.0,18.7967,4.6151,0.3398,1.821,0.0001,-0.0004,0.0004,0.0006,0.0,0.73,-1754.1448,-957.4368,-2058.582,2880.9711,1
44.932,17.5271,3.3359,0.08,-0.0,0.0001,0.0,18.7988,4.6168,0.3387,1.8235,-0.0,-0.0002,-0.0007,0.0007,0.0,0.729,-1757.7974,-955.8907,-2061.9,2885.0744,1
44.974,17.5271,3.3359,0.08,-0.0,0.0001,-0.0,18.8005,4.618,0.3379,1.8254,-0.0004,0.0006,0.0002,0.0007,0.0,0.728,-1757.7974,-955.8907,-2061.9,2885.0744,1
45.015,17.5271,3.3359,0.08,-0.0,0.0001,0.0,18.7073,4.5749,0.7312,1.8309,-0.0002,0.0,-0.0002,0.0003,0.0,0.76,-1763.2775,-953.6148,-2066.934,2891.2914,1
45.057,17.5271,3.3359,0.08,-0.0,0.0001,0.0,18.7072,4.574,0.7316,1.8304,-0.0005,-0.0002,0.0003,0.0006,0.0,0.76,-1763.2781,-953.6136,-2066.934,2891.2914,1
45.099,17.5271,3.3359,0.08,-0.0,0.0001,0.0,18.7071,4.5734,0.7319,1.83,-0.0004,0.0001,0.0,0.0004,0.0,0.761,-1763.2782,-953.6134,-2066.934,2891.2914,1
45.14,17.5271,3.3359,0.08,-0.0,0.0001,0.0,18.4302,4.3031,0.8295,1.5209,-0.0001,-0.0002,-0.0008,0.0008,0.0,1.057,-1763.2784,-953.6131,-2066.934,2891.2914,1
45.182,17.5271,3.3359,0.08,-0.0,0.0001,0.0,18.4309,4.3028,0.8315,1.522,0.0002,0.0005,0.0002,0.0005,0.0,1.057,-1763.2784,-953.613,-2066.934,2891.2914,1
45.223,17.5271,3.3359,0.08,-0.0,0.0001,-0.0,18.4315,4.3026,0.8329,1.523,0.0004,0.0004,0.0003,0.0007,0.0,1.057,-1766.805,-951.8851,-2070.384,2895.3599,1
45.265,17.5271,3.3359,0.08,-0.0,0.0001,0.0,18.432,4.3024,0.8344,1.5238,0.0001,-0.0003,-0.0012,0.0013,0.0,1.057,-1766.8051,-951.8848,-2070.384,2895.3599,1
45.307,17.5271,3.3359,0.08,-0.0,0.0001,0.0,18.5098,4.2125,0.9614,1.5847,-0.0,-0.0004,-0.0004,0.0006,0.0,1.132,-1771.2919,-949.6972,-2074.883,2900.6235,1
45.348,17.5271,3.3359,0.08,-0.0,0.0001,0.0,18.5097,4.2112,0.9616,1.5839,0.0004,0.0003,0.0003,0.0006,0.0,1.133,-1771.2922,-949.6968,-2074.883,2900.6235,1
45.39,17.5271,3.3359,0.08,-0.0,0.0001,0.0,18.5096,4.2098,0.9618,1.5832,-0.0001,0.0001,-0.0004,0.0004,0.0,1.134,-1775.6525,-947.4181,-2079.498,2905.8683,1
45.431,17.5271,3.3359,0.08,-0.0,0.0001,-0.0,18.1898,4.3364,1.025,1.5275,-0.0,-0.0005,0.0003,0.0006,0.0,1.015,-1775.6529,-947.4174,-2079.498,2905.8684,1
45.473,17.5271,3.3359,0.08,-0.0,0.0001,0.0,18.1888,4.3361,1.0259,1.5274,-0.0005,0.0004,-0.0003,0.0007,0.0,1.015,-1775.6532,-947.4169,-2079.498,2905.8684,1
45.515,17.5271,3.3359,0.08,-0.0,0.0001,0.0,18.1877,4.3359,1.0267,1.5273,-0.0004,0.0006,0.0008,0.0011,0.0,1.015,-1780.5577,-944.8169,-2084.886,2911.9042,1
45.556,17.5271,3.3359,0.08,-0.0,0.0001,0.0,18.1863,4.3354,1.0278,1.5271,0.0002,0.0008,-0.0,0.0008,0.0,1.015,-1780.558,-944.8163,-2084.886,2911.9042,1
45.598,17.5271,3.3359,0.08,-0.0,0.0001,0.0,18.1852,4.3351,1.0286,1.5269,0.0002,0.0002,0.0002,0.0003,0.0,1.015,-1783.7514,-942.8187,-2088.853,2916.0682,1
45.639,17.5271,3.3359,0.08,-0.0,0.0001,0.0,18.1841,4.3349,1.0295,1.5268,-0.0003,-0.0001,-0.0004,0.0005,0.0,1.015,-1783.7518,-942.8179,-2088.853,2916.0682,1
45.681,17.5271,3.3359,0.08,-0.0,0.0001,0.0,17.9062,4.8876,1.2248,1.9653,-0.0003,0.0002,0.0004,0.0006,0.0,0.455,-1783.752,-942.8175,-2088.853,2916.0682,1
45.723,17.5271,3.3359,0.08,-0.0,0.0001,0.0,17.9055,4.8875,1.2265,1.966,-0.0004,-0.0012,-0.0003,0.0013,0.0,0.456,-1783.7521,-942.8172,-2088.853,2916.0682,1
45.764,17.5271,3.3359,0.08,-0.0,0.0001,-0.0,17.9048,4.8874,1.2282,1.9668,0.0005,0.0003,0.0005,0.0008,0.0,0.456,-1783.7522,-942.8172,-2088.853,2916.0682,1
45.806,17.5271,3.3359,0.08,-0.0,0.0001,-0.0,17.9039,4.8872,1.2304,1.9677,0.0001,0.0003,0.0002,0.0004,0.0,0.456,-1787.7598,-940.346,-2093.939,2921.3887,1
45.847,17.527,3.3359,0.08,-0.0,0.0001,-0.0,18.2548,4.5523,1.1848,1.7971,-0.0004,-0.0005,0.0006,0.0009,0.0,0.822,-1791.5613,-937.9091,-2099.178,2926.7092,1
45.889,17.527,3.3359,0.08,-0.0,0.0001,0.0,18.255,4.5513,1.1863,1.7975,0.0002,0.0002,0.0003,0.0004,0.0,0.823,-1791.5615,-937.9086,-2099.178,2926.7092,1
45.931,17.527,3.3359,0.08,-0.0,0.0001,0.0,18.2553,4.5498,1.1884,1.7979,0.0005,0.0001,0.0003,0.0006,0.0,0.824,-1791.5618,-937.9081,-2099.178,2926.7092,1
45.972,17.527,3.3359,0.08,-0.0,0.0001,-0.0,18.4727,4.6634,0.7536,1.7636,0.0003,-0.0007,0.0007,0.0011,0.0,0.697,-1796.0576,-935.0966,-2105.526,2933.1419,1
46.014,17.527,3.336,0.08,-0.0,0.0001,0.0,18.4732,4.6632,0.7521,1.7631,0.0,0.0001,-0.0009,0.0009,0.0,0.698,-1796.0577,-935.0963,-2105.526,2933.1419,1
46.055,17.527,3.336,0.08,-0.0,0.0001,0.0,18.4741,4.6629,0.75,1.7625,-0.0001,-0.0003,0.0001,0.0003,0.0,0.698,-1800.1931,-932.4145,-2111.855,2939.3885,1
46.097,17.527,3.336,0.08,-0.0,0.0001,0.0,18.4747,4.6627,0.7485,1.7622,-0.0003,0.0002,0.0009,0.001,0.0,0.698,-1800.1932,-932.4143,-2111.855,2939.3885,1
46.139,17.527,3.336,0.08,-0.0,0.0001,0.0,18.4755,4.6625,0.747,1.7619,0.0005,0.0004,-0.0005,0.0008,0.0,0.698,-1800.1933,-932.4141,-2111.855,2939.3885,1
46.18,17.527,3.336,0.08,-0.0,0.0001,0.0,18.5182,4.1494,0.5244,1.3571,0.0004,0.0004,-0.0002,0.0006,0.0,1.193,-1800.1934,-932.414,-2111.855,2939.3885,1
46.222,17.527,3.336,0.08,-0.0,0.0001,0.0,18.517,4.1489,0.5238,1.3556,-0.0002,-0.0007,0.0008,0.001,0.0,1.194,-1802.9529,-930.58,-2116.671,2943.9737,1
46.263,17.527,3.336,0.08,-0.0,0.0001,0.0,18.5157,4.1483,0.5232,1.3542,-0.0004,0.0002,0.0002,0.0006,0.0,1.195,-1802.953,-930.5798,-2116.671,2943.9737,1
46.305,17.527,3.336,0.08,-0.0,0.0001,0.0,18.514,4.1475,0.5224,1.3522,-0.0001,-0.0,0.0003,0.0003,0.0,1.196,-1802.9533,-930.5793,-2116.671,2943.9737,1
46.347,17.527,3.336,0.08,-0.0,0.0001,0.0,18.5128,4.1468,0.5217,1.3506,0.0001,-0.0005,0.0002,0.0006,0.0,1.196,-1806.9688,-928.1043,-2123.643,2950.689,1
46.388,17.527,3.336,0.08,-0.0,0.0001,0.0,18.6811,4.1256,0.6499,1.51,-0.0003,0.0003,0.0,0.0005,0.0,1.208,-1809.5072,-926.8406,-2128.725,2955.5191,1
46.43,17.527,3.336,0.08,-0.0,0.0001,0.0,18.6818,4.1257,0.6495,1.5104,0.0005,-0.0002,0.0,0.0006,0.0,1.208,-1809.5075,-926.84,-2128.725,2955.5191,1
46.471,17.527,3.336,0.08,-0.0,0.0001,0.0,18.6823,4.1258,0.6492,1.5108,0.0006,-0.0001,0.0001,0.0006,0.0,1.208,-1809.5076,-926.8397,-2128.725,2955.5191,1
46.513,17.527,3.336,0.08,-0.0,0.0001,0.0,18.5287,3.8298,0.774,1.3149,0.0,0.0005,0.0002,0.0005,0.0,1.51,-1809.5076,-926.8397,-2128.725,2955.5191,1
46.555,17.527,3.336,0.08,-0.0,0.0001,0.0,18.5282,3.828,0.7745,1.314,0.0001,0.0007,0.0004,0.0008,0.0,1.512,-1812.7093,-925.5503,-2134.955,2961.5822,1
46.596,17.527,3.336,0.08,-0.0,0.0001,-0.0,18.5278,3.8267,0.7749,1.3135,-0.0004,0.0003,0.0009,0.0011,0.0,1.513,-1812.7095,-925.55,-2134.955,2961.5822,1
46.638,17.527,3.336,0.08,-0.0,0.0001,0.0,18.5275,3.8254,0.7753,1.313,0.0002,0.0001,-0.0001,0.0002,0.0,1.514,-1816.3229,-924.4252,-2141.867,2968.448,1
46.679,17.527,3.336,0.08,-0.0,0.0001,0.0,18.5271,3.8237,0.7758,1.3123,-0.0003,-0.0001,-0.0004,0.0006,0.0,1.516,-1816.323,-924.425,-2141.867,2968.448,1
46.721,17.527,3.336,0.08,-0.0,0.0001,0.0,18.4709,4.475,0.8068,1.6482,0.0,-0.0006,-0.0004,0.0007,0.0,0.88,-1816.323,-924.4249,-2141.867,2968.448,1
46.763,17.527,3.336,0.08,-0.0,0.0001,0.0,18.4705,4.4763,0.8065,1.6487,0.0003,0.0002,-0.0007,0.0008,0.0,0.879,-1818.7013,-924.1524,-2146.579,2973.2329,1
46.804,17.527,3.336,0.08,-0.0,0.0001,0.0,18.47,4.4779,0.806,1.6493,-0.0005,0.0005,0.0001,0.0007,0.0,0.878,-1818.7014,-924.1522,-2146.579,2973.2329,1
46.846,17.527,3.336,0.08,-0.0,0.0001,0.0,18.4696,4.4791,0.8057,1.6497,-0.0003,-0.0002,-0.0007,0.0008,0.0,0.877,-1818.7015,-924.152,-2146.579,2973.2329,1
46.887,17.527,3.336,0.08,-0.0,0.0001,0.0,18.4692,4.4802,0.8054,1.6502,0.0005,0.0004,-0.0003,0.0007,0.0,0.876,-1822.2977,-923.5227,-2153.147,2980.0014,1
46.929,17.527,3.336,0.08,-0.0,0.0001,0.0,18.0641,4.6903,1.095,1.7755,-0.0007,-0.0001,0.0,0.0007,0.0,0.646,-1822.2978,-923.5223,-2153.147,2980.0014,1
46.971,17.527,3.336,0.08,-0.0,0.0001,0.0,18.0605,4.6917,1.0956,1.7759,-0.0007,0.0002,0.0006,0.001,0.0,0.645,-1824.7809,-923.4382,-2157.302,2984.511,1
47.012,17.527,3.336,0.08,-0.0,0.0001,0.0,18.0322,4.5621,1.136,1.6952,0.0002,-0.0003,0.0002,0.0004,0.0,0.772,-1824.781,-923.4381,-2157.302,2984.511,1
47.054,17.527,3.336,0.08,-0.0,0.0001,0.0,18.0294,4.5609,1.1362,1.6936,-0.0,0.0007,0.0008,0.0011,0.0,0.773,-1828.0631,-923.0418,-2162.355,2990.0676,1
47.095,17.527,3.3361,0.08,-0.0,0.0001,-0.0,17.9461,4.3038,1.5202,1.785,-0.0,0.0002,0.0005,0.0005,0.0,1.031,-1828.0633,-923.0414,-2162.355,2990.0676,1
47.137,17.527,3.3361,0.08,-0.0,0.0001,0.0,17.9466,4.3027,1.5196,1.7841,-0.0003,0.0002,0.0009,0.001,0.0,1.032,-1828.0634,-923.0413,-2162.355,2990.0676,1
47.179,17.527,3.3361,0.08,-0.0,0.0001,0.0,17.9473,4.3012,1.5189,1.7829,-0.0004,-0.0007,-0.0012,0.0015,0.0,1.033,-1828.0634,-923.0412,-2162.355,2990.0676,1
47.22,17.527,3.3361,0.08,-0.0,0.0001,0.0,17.84,4.3944,1.2666,1.6206,-0.0003,-0.0004,0.0001,0.0005,0.0,0.952,-1831.8608,-922.4425,-2167.904,2996.2403,1
47.262,17.527,3.3361,0.08,-0.0,0.0001,0.0,17.8401,4.395,1.2637,1.6188,0.0001,0.0001,-0.001,0.001,0.0,0.952,-1831.8608,-922.4424,-2167.904,2996.2403,1
47.303,17.527,3.3361,0.08,-0.0,0.0001,0.0,17.8404,4.3958,1.2597,1.6165,-0.0003,-0.0002,-0.0001,0.0004,0.0,0.951,-1831.8609,-922.4423,-2167.904,2996.2403,1
47.345,17.527,3.3361,0.08,-0.0,0.0001,0.0,17.8407,4.3965,1.2568,1.6148,0.0002,-0.0002,-0.0005,0.0006,0.0,0.95,-1834.6321,-921.8848,-2171.414,3000.3189,1
47.387,17.527,3.3361,0.08,-0.0,0.0001,-0.0,17.8411,4.3971,1.2539,1.6132,0.0002,0.0003,0.001,0.001,0.0,0.95,-1834.6322,-921.8847,-2171.414,3000.3189,1
47.428,17.527,3.3361,0.08,-0.0,0.0001,0.0,17.8401,4.3959,1.3069,1.6512,-0.0002,-0.0002,0.0,0.0003,0.0,0.951,-1834.6323,-921.8845,-2171.414,3000.3189,1
47.47,17.527,3.3361,0.08,-0.0,0.0001,0.0,17.8389,4.3979,1.3047,1.6507,0.0002,0.0002,0.0007,0.0007,0.0,0.949,-1838.6388,-920.7635,-2176.73,3006.2956,1
47.511,17.527,3.3361,0.08,-0.0,0.0001,0.0,18.0206,4.0454,0.8688,1.17,0.0001,-0.0008,0.0008,0.0011,0.0,1.288,-1838.639,-920.763,-2176.73,3006.2956,1
47.553,17.527,3.3361,0.08,-0.0,0.0001,0.0,18.0208,4.0463,0.8682,1.1703,0.0,-0.0004,0.0001,0.0004,0.0,1.287,-1841.5195,-919.8061,-2180.211,3010.3013,1
47.595,17.527,3.3361,0.08,-0.0,0.0001,-0.0,18.075,4.0285,1.103,1.3514,-0.0001,0.0005,0.0002,0.0006,0.0,1.307,-1841.5196,-919.806,-2180.211,3010.3013,1
47.636,17.527,3.3361,0.08,-0.0,0.0001,-0.0,18.0754,4.028,1.1034,1.3516,-0.0,-0.0001,0.0007,0.0007,0.0,1.308,-1841.5196,-919.8058,-2180.211,3010.3013,1
47.678,17.527,3.3361,0.08,-0.0,0.0001,0.0,18.0761,4.0275,1.1039,1.352,-0.0001,0.0001,-0.0003,0.0003,0.0,1.308,-1845.6449,-918.4733,-2185.574,3016.3265,1
47.719,17.527,3.3361,0.08,-0.0,0.0001,-0.0,17.929,4.1845,1.1537,1.4262,0.0,-0.0001,-0.0004,0.0005,0.0,1.151,-1845.645,-918.473,-2185.574,3016.3265,1
47.761,17.527,3.3361,0.08,-0.0,0.0001,0.0,17.6487,4.2683,1.0636,1.3606,0.0001,0.0001,-0.0001,0.0002,0.0,1.121,-1849.3113,-917.0766,-2190.309,3021.597,1
47.803,17.527,3.3361,0.08,-0.0,0.0001,0.0,17.6471,4.2677,1.064,1.3604,0.0002,0.0004,0.0001,0.0004,0.0,1.123,-1849.3114,-917.0763,-2190.309,3021.597,1
47.844,17.527,3.3361,0.08,-0.0,0.0001,0.0,17.6459,4.2673,1.0643,1.3602,-0.0001,0.0005,-0.0002,0.0005,0.0,1.123,-1852.7248,-915.7075,-2194.861,3026.5903,1
47.886,17.527,3.3361,0.08,-0.0,0.0001,0.0,17.6447,4.2669,1.0645,1.36,-0.0002,0.0003,0.0008,0.0008,0.0,1.124,-1852.7248,-915.7075,-2194.861,3026.5903,1
47.927,17.527,3.3361,0.08,-0.0,0.0001,-0.0,17.4091,4.1323,1.0174,1.2355,-0.0005,-0.0003,0.001,0.0012,0.0,1.339,-1852.7253,-915.7065,-2194.861,3026.5903,1
47.969,17.527,3.3361,0.08,-0.0,0.0001,-0.0,17.787,4.185,1.0699,1.3297,0.0005,-0.0006,0.0003,0.0008,0.0,1.168,-1852.7254,-915.7063,-2194.861,3026.5903,1
48.011,17.527,3.3361,0.08,-0.0,0.0001,-0.0,17.7884,4.1844,1.0707,1.3301,-0.0004,0.0006,0.0002,0.0008,0.0,1.168,-1856.2936,-914.1019,-2199.806,3031.8962,1
48.052,17.527,3.3361,0.08,-0.0,0.0001,-0.0,17.7902,4.1835,1.0717,1.3307,-0.0003,-0.0003,0.0005,0.0007,0.0,1.169,-1856.2938,-914.1014,-2199.806,3031.8962,1
48.094,17.527,3.3361,0.08,-0.0,0.0001,0.0,17.7916,4.1828,1.0724,1.3311,0.0006,0.0006,0.0001,0.0008,0.0,1.169,-1859.8743,-912.3514,-2204.92,3037.2923,1
48.135,17.527,3.3361,0.08,-0.0,0.0001,0.0,17.793,4.1822,1.0732,1.3315,0.0007,-0.0,-0.0001,0.0007,0.0,1.17,-1859.8745,-912.3511,-2204.92,3037.2923,1
48.177,17.527,3.3362,0.08,-0.0,0.0001,0.0,17.9184,4.4155,1.3333,1.6997,-0.0,0.0,0.0013,0.0013,0.0,0.921,-1859.8747,-912.3506,-2204.92,3037.2923,1
48.219,17.527,3.3362,0.08,-0.0,0.0001,0.0,17.9186,4.4163,1.3331,1.7,0.0003,-0.0003,0.0005,0.0006,0.0,0.921,-1863.9662,-910.3396,-2210.902,3043.5606,1
48.26,17.527,3.3362,0.08,-0.0,0.0001,-0.0,17.9186,4.417,1.3328,1.7004,0.0002,0.0001,0.0003,0.0004,0.0,0.92,-1863.9664,-910.3393,-2210.902,3043.5606,1
48.302,17.527,3.3362,0.08,-0.0,0.0001,0.0,17.9188,4.418,1.3327,1.701,0.0007,-0.0003,0.0002,0.0008,0.0,0.919,-1863.9665,-910.3389,-2210.902,3043.5606,1
48.343,17.527,3.3362,0.08,-0.0,0.0001,0.0,18.4008,4.2165,0.889,1.4809,-0.0003,-0.0003,-0.0003,0.0005,0.0,1.148,-1866.8459,-908.7642,-2215.457,3048.1785,1
48.385,17.527,3.3362,0.08,-0.0,0.0001,0.0,18.4008,4.2163,0.8872,1.4797,-0.0005,-0.0001,0.0008,0.001,0.0,1.148,-1866.8459,-908.7641,-2215.457,3048.1785,1
48.427,17.527,3.3362,0.08,-0.0,0.0001,0.0,18.4007,4.2161,0.8847,1.4782,-0.0001,0.0002,0.0003,0.0004,0.0,1.148,-1870.9645,-906.6179,-2222.103,3054.9163,1
48.468,17.527,3.3362,0.08,-0.0,0.0001,0.0,18.6038,4.1676,0.6705,1.4831,-0.0003,0.0001,0.0006,0.0006,0.0,1.167,-1870.9648,-906.6174,-2222.103,3054.9163,1
48.51,17.527,3.3362,0.08,-0.0,0.0001,-0.0,18.604,4.1679,0.6701,1.4832,0.0001,-0.0006,-0.0007,0.0009,0.0,1.167,-1870.9648,-906.6172,-2222.103,3054.9163,1
48.551,17.527,3.3362,0.08,-0.0,0.0001,0.0,18.4861,3.903,0.9718,1.4271,-0.0001,0.0001,0.0012,0.0012,0.0,1.442,-1873.8781,-905.0528,-2227.119,3059.9018,1
48.593,17.527,3.3362,0.08,-0.0,0.0001,-0.0,18.4854,3.9005,0.9732,1.4264,0.0001,0.0002,0.0004,0.0005,0.0,1.444,-1873.8783,-905.0524,-2227.119,3059.9018,1
48.635,17.527,3.3362,0.08,-0.0,0.0001,0.0,18.4846,3.8982,0.9745,1.4258,0.0003,0.0001,-0.0007,0.0008,0.0,1.447,-1873.8784,-905.0521,-2227.119,3059.9018,1
48.676,17.527,3.3362,0.08,-0.0,0.0001,0.0,18.4836,3.895,0.9762,1.4249,-0.0004,0.0001,0.0003,0.0005,0.0,1.45,-1878.1329,-902.9461,-2234.426,3067.2285,1
48.718,17.527,3.3362,0.08,-0.0,0.0001,0.0,18.4827,3.8927,0.9774,1.4242,0.0002,0.0007,0.0002,0.0008,0.0,1.452,-1878.133,-902.9458,-2234.426,3067.2285,1
48.759,17.527,3.3362,0.08,-0.0,0.0001,0.0,18.6334,4.2275,0.9592,1.6708,-0.0003,0.0002,0.0008,0.0009,0.0,1.106,-1881.1213,-901.5132,-2239.868,3072.6185,1
48.801,17.527,3.3362,0.08,-0.0,0.0001,0.0,18.6343,4.2262,0.9589,1.6706,-0.0002,-0.0005,0.0004,0.0007,0.0,1.108,-1881.1216,-901.5126,-2239.868,3072.6185,1
48.843,17.527,3.3362,0.08,-0.0,0.0001,0.0,18.6349,4.2252,0.9588,1.6704,-0.0002,-0.0003,0.0005,0.0006,0.0,1.109,-1881.1217,-901.5124,-2239.868,3072.6185,1
48.884,17.527,3.3362,0.08,-0.0,0.0001,0.0,18.4057,4.2709,1.009,1.5839,-0.0002,0.0,-0.0001,0.0003,0.0,1.094,-1884.9608,-899.7861,-2246.809,3079.5454,1
48.926,17.527,3.3362,0.08,-0.0,0.0001,0.0,18.4031,4.2692,1.0101,1.5822,0.0,-0.0006,-0.0001,0.0006,0.0,1.096,-1884.9611,-899.7856,-2246.809,3079.5454,1
48.967,17.527,3.3362,0.08,-0.0,0.0001,0.0,18.8482,4.3932,0.8642,1.8649,0.0,0.0006,0.0001,0.0006,0.0,0.957,-1884.9611,-899.7855,-2246.809,3079.5454,1
49.009,17.527,3.3362,0.08,-0.0,0.0001,0.0,18.8473,4.3923,0.8645,1.8639,0.0001,-0.0002,-0.0004,0.0005,0.0,0.958,-1888.8484,-898.2409,-2253.807,3086.6025,1
49.051,17.527,3.3362,0.08,-0.0,0.0001,0.0,18.8463,4.3911,0.865,1.8627,0.0007,0.0007,-0.0005,0.0011,0.0,0.959,-1888.8488,-898.24,-2253.807,3086.6025,1
49.092,17.527,3.3362,0.08,-0.0,0.0001,0.0,18.8455,4.3902,0.8653,1.8617,-0.0004,-0.0001,-0.0002,0.0005,0.0,0.96,-1888.8489,-898.2398,-2253.807,3086.6025,1
49.134,17.527,3.3362,0.08,-0.0,0.0001,-0.0,18.8447,4.3892,0.8656,1.8608,0.0002,-0.0001,0.0002,0.0003,0.0,0.961,-1888.8489,-898.2398,-2253.807,3086.6025,1
49.175,17.527,3.3362,0.08,-0.0,0.0001,-0.0,19.3027,4.0798,1.4292,2.3508,0.0003,0.0002,0.0006,0.0007,0.0,1.406,-1898.2888,-895.456,-2270.036,3103.4826,1
49.217,17.527,3.3362,0.08,-0.0,0.0001,0.0,19.3034,4.0788,1.4301,2.3516,-0.0005,0.0002,0.0008,0.001,0.0,1.407,-1898.2891,-895.4554,-2270.036,3103.4826,1
49.259,17.527,3.3363,0.08,-0.0,0.0001,0.0,19.3041,4.0777,1.4311,2.3523,0.0004,0.0003,-0.0005,0.0007,0.0,1.408,-1898.2891,-895.4552,-2270.036,3103.4826,1
49.3,17.527,3.3363,0.08,-0.0,0.0001,0.0,19.305,4.0761,1.4325,2.3533,0.0001,-0.0001,0.0002,0.0003,0.0,1.41,-1898.2892,-895.455,-2270.036,3103.4826,1
49.342,17.527,3.3363,0.08,-0.0,0.0001,-0.0,19.3056,4.0749,1.4335,2.354,0.0005,-0.0002,-0.0001,0.0005,0.0,1.411,-1902.0935,-895.0885,-2275.813,3109.9515,1
49.383,17.527,3.3363,0.08,-0.0,0.0001,0.0,18.8608,4.0202,1.7409,2.2373,0.0001,-0.0001,-0.0004,0.0004,0.0,1.327,-1902.0936,-895.0882,-2275.813,3109.9516,1
49.425,17.527,3.3363,0.08,-0.0,0.0001,0.0,18.8589,4.0184,1.7407,2.2354,0.0001,-0.0,-0.0005,0.0005,0.0,1.329,-1902.0937,-895.088,-2275.813,3109.9516,1
49.467,17.527,3.3363,0.08,-0.0,0.0001,-0.0,18.751,3.7569,1.7868,2.1421,0.0,-0.0001,-0.0001,0.0002,0.0,1.579,-1902.0937,-895.088,-2275.813,3109.9516,1
49.508,17.527,3.3363,0.08,-0.0,0.0001,0.0,18.7491,3.7538,1.7852,2.1391,0.0003,-0.0001,0.0004,0.0005,0.0,1.582,-1907.7459,-894.5367,-2283.924,3119.2187,1
49.55,17.527,3.3363,0.08,-0.0,0.0001,-0.0,18.7465,3.7495,1.783,2.135,-0.0004,0.0001,0.0001,0.0004,0.0,1.586,-1912.0103,-894.5138,-2289.227,3125.728,1
49.591,17.527,3.3363,0.08,-0.0,0.0001,0.0,18.7705,3.6483,1.5167,1.9256,-0.0005,-0.0004,-0.0004,0.0008,0.0,1.688,-1912.0104,-894.5135,-2289.227,3125.728,1
49.633,17.527,3.3363,0.08,-0.0,0.0001,0.0,18.7696,3.6479,1.5161,1.9245,-0.0003,0.0004,-0.0002,0.0005,0.0,1.689,-1912.0105,-894.5134,-2289.227,3125.728,1
49.675,17.527,3.3363,0.08,-0.0,0.0001,0.0,18.7682,3.6474,1.5152,1.9229,0.0004,0.0007,0.0003,0.0008,0.0,1.689,-1918.205,-894.2643,-2296.729,3134.9763,1
49.716,17.527,3.3363,0.08,-0.0,0.0001,0.0,18.4219,3.6199,1.1598,1.4308,-0.0001,-0.0004,-0.0004,0.0005,0.0,1.731,-1918.2051,-894.264,-2296.729,3134.9763,1
49.758,17.527,3.3363,0.08,-0.0,0.0001,0.0,18.42,3.6203,1.1588,1.429,0.0004,0.0001,-0.0004,0.0006,0.0,1.731,-1918.2051,-894.264,-2296.729,3134.9763,1
49.799,17.527,3.3363,0.08,-0.0,0.0001,0.0,18.4176,3.6209,1.1574,1.4265,0.0,0.0005,-0.0005,0.0007,0.0,1.73,-1922.8667,-894.1587,-2301.489,3141.3126,1
49.841,17.527,3.3363,0.08,-0.0,0.0001,0.0,18.4158,3.6214,1.1564,1.4248,-0.0003,-0.0,-0.0008,0.0008,0.0,1.73,-1922.8668,-894.1585,-2301.489,3141.3126,1
49.883,17.527,3.3363,0.08,-0.0,0.0001,0.0,18.414,3.6218,1.1554,1.423,0.0006,-0.0003,0.0004,0.0007,0.0,1.73,-1922.8668,-894.1585,-2301.489,3141.3126,1
49.924,17.527,3.3363,0.08,-0.0,0.0001,0.0,18.6304,3.8451,1.2615,1.6948,-0.0,-0.0006,-0.0003,0.0007,0.0,1.489,-1929.6041,-893.6079,-2308.427,3150.402,1
49.966,17.527,3.3363,0.08,-0.0,0.0001,-0.0,18.6311,3.8458,1.2613,1.6953,-0.0004,-0.0004,-0.0005,0.0007,0.0,1.488,-1929.6042,-893.6077,-2308.427,3150.402,1
50.007,17.527,3.3363,0.08,-0.0,0.0001,0.0,18.6317,3.8464,1.261,1.6957,-0.0002,-0.0007,-0.0002,0.0008,0.0,1.487,-1929.6042,-893.6076,-2308.427,3150.402,1
50.049,17.527,3.3363,0.08,-0.0,0.0001,0.0,18.6324,3.8473,1.2606,1.6962,-0.0004,-0.0001,-0.0004,0.0005,0.0,1.486,-1934.5524,-893.2163,-2312.93,3156.6494,1
50.091,17.527,3.3363,0.08,-0.0,0.0001,0.0,18.6328,3.8479,1.2604,1.6964,-0.0002,-0.0001,0.0003,0.0004,0.0,1.486,-1934.5526,-893.2158,-2312.93,3156.6494,1
50.132,17.5269,3.3363,0.08,-0.0,0.0001,0.0,18.7173,3.9458,1.2067,1.7487,-0.0002,-0.0001,-0.0004,0.0004,0.0,1.388,-1941.5931,-892.5098,-2319.817,3165.8512,1
50.174,17.5269,3.3363,0.08,-0.0,0.0001,0.0,18.7192,3.948,1.2072,1.7511,-0.0003,0.0002,0.0001,0.0004,0.0,1.386,-1941.5934,-892.5091,-2319.817,3165.8512,1
50.215,17.5269,3.3363,0.08,-0.0,0.0001,-0.0,18.5235,3.9043,1.5469,1.8621,0.0001,-0.0002,0.0001,0.0003,0.0,1.436,-1946.6567,-891.9345,-2324.394,3172.1769,1
50.257,17.5269,3.3363,0.08,-0.0,0.0001,0.0,18.5225,3.9056,1.548,1.8628,0.0002,0.0001,0.0004,0.0005,0.0,1.435,-1946.6568,-891.9343,-2324.394,3172.1769,1
50.299,17.5269,3.3363,0.08,-0.0,0.0001,0.0,18.5211,3.9074,1.5495,1.8638,0.0002,-0.0,0.0002,0.0002,0.0,1.433,-1946.6569,-891.934,-2324.394,3172.1769,1
50.34,17.5269,3.3364,0.08,-0.0,0.0001,0.0,18.5201,3.9088,1.5505,1.8645,-0.0002,-0.0002,-0.0008,0.0008,0.0,1.432,-1946.6569,-891.934,-2324.394,3172.1769,1
50.382,17.5269,3.3364,0.08,-0.0,0.0001,-0.0,18.5191,3.9102,1.5516,1.8653,-0.0002,0.0001,0.0006,0.0007,0.0,1.431,-1953.9044,-891.071,-2331.292,3181.4778,1
50.423,17.5269,3.3364,0.08,-0.0,0.0001,0.0,18.5628,4.1015,1.675,2.05,0.0002,-0.0,0.0003,0.0004,0.0,1.236,-1959.1458,-890.2771,-2336.02,3187.9685,1
50.465,17.5269,3.3364,0.08,-0.0,0.0001,-0.0,18.5605,4.104,1.6762,2.0507,-0.0005,-0.0001,0.0007,0.0008,0.0,1.234,-1959.146,-890.2766,-2336.02,3187.9685,1
50.507,17.5269,3.3364,0.08,-0.0,0.0001,0.0,18.5582,4.1064,1.6776,2.0515,0.0005,-0.0005,-0.0006,0.0009,0.0,1.232,-1959.1461,-890.2765,-2336.02,3187.9685,1
50.548,17.5269,3.3364,0.08,-0.0,0.0001,-0.0,18.8529,4.2783,1.4856,2.1496,0.0004,0.0001,0.0,0.0004,0.0,1.071,-1966.7304,-889.1128,-2343.115,3197.5468,1
50.59,17.5269,3.3364,0.08,-0.0,0.0001,-0.0,18.854,4.2794,1.4849,2.1504,0.0003,-0.0005,0.0,0.0006,0.0,1.07,-1966.7308,-889.1118,-2343.115,3197.5468,1
50.631,17.5269,3.3364,0.08,-0.0,0.0001,-0.0,18.8552,4.2805,1.4842,2.1511,-0.0001,0.0001,-0.0004,0.0004,0.0,1.07,-1966.7309,-889.1117,-2343.115,3197.5468,1
50.673,17.5269,3.3364,0.08,-0.0,0.0001,0.0,18.8568,4.282,1.4834,2.1522,0.0006,0.0009,-0.0005,0.0011,0.0,1.068,-1972.1972,-888.1089,-2348.094,3204.3093,1
50.715,17.5269,3.3364,0.08,-0.0,0.0001,-0.0,18.8581,4.2831,1.4827,2.1531,-0.0001,0.0001,0.0006,0.0006,0.0,1.067,-1972.1975,-888.1082,-2348.094,3204.3093,1
50.756,17.5269,3.3364,0.08,-0.0,0.0001,0.0,18.4786,4.3011,1.3305,1.8439,0.0001,0.0003,-0.0001,0.0003,0.0,1.049,-1972.1977,-888.1078,-2348.094,3204.3093,1
50.798,17.5269,3.3364,0.08,-0.0,0.0001,0.0,18.4775,4.3017,1.3299,1.8433,0.0002,-0.0001,-0.0002,0.0003,0.0,1.049,-1972.1978,-888.1077,-2348.094,3204.3093,1
50.839,17.5269,3.3364,0.08,-0.0,0.0001,-0.0,18.4768,4.3023,1.3294,1.8429,0.0001,0.0003,-0.0004,0.0006,0.0,1.048,-1979.1734,-886.8344,-2354.554,3213.0231,1
50.881,17.5269,3.3364,0.08,-0.0,0.0001,0.0,18.4761,4.303,1.329,1.8426,0.0002,-0.0003,-0.0001,0.0004,0.0,1.048,-1979.1735,-886.8342,-2354.554,3213.0231,1
50.923,17.5269,3.3364,0.08,-0.0,0.0001,0.0,18.4752,4.3038,1.3284,1.8422,0.0001,0.0,-0.0003,0.0003,0.0,1.047,-1987.147,-885.385,-2362.01,3223.044,1
50.964,17.5269,3.3364,0.08,-0.0,0.0001,0.0,18.6975,4.0942,0.9693,1.6539,-0.0002,-0.0001,0.0006,0.0006,0.0,1.24,-1987.1472,-885.3844,-2362.01,3223.044,1
51.006,17.5269,3.3364,0.08,-0.0,0.0001,0.0,18.6988,4.0935,0.9698,1.6548,0.0,-0.0005,-0.0001,0.0006,0.0,1.24,-1994.3536,-883.9726,-2368.786,3232.1056,1
51.047,17.5269,3.3364,0.08,-0.0,0.0001,-0.0,18.7005,4.0925,0.9705,1.6559,-0.0002,-0.0007,-0.0005,0.0009,0.0,1.241,-1994.3541,-883.9714,-2368.786,3232.1056,1
51.089,17.5269,3.3364,0.08,-0.0,0.0001,0.0,18.7016,4.0918,0.971,1.6567,0.0004,0.0,0.0001,0.0004,0.0,1.242,-1994.3541,-883.9714,-2368.786,3232.1056,1
51.131,17.5269,3.3364,0.08,-0.0,0.0001,0.0,18.7028,4.0911,0.9715,1.6574,-0.0001,-0.0002,0.0003,0.0004,0.0,1.243,-1994.3542,-883.9712,-2368.786,3232.1056,1
51.172,17.5269,3.3364,0.08,-0.0,0.0001,0.0,18.7482,4.1535,0.6274,1.5681,0.0003,0.0004,-0.0001,0.0005,0.0,1.183,-2001.6848,-882.5829,-2375.774,3241.4119,1
51.214,17.5269,3.3364,0.08,-0.0,0.0001,-0.0,18.7495,4.1525,0.6273,1.5685,0.0006,-0.0002,0.0003,0.0007,0.0,1.184,-2001.685,-882.5825,-2375.774,3241.4119,1
51.255,17.5269,3.3364,0.08,-0.0,0.0001,0.0,18.7509,4.1514,0.6271,1.569,0.0001,-0.0001,-0.0008,0.0008,0.0,1.185,-2001.685,-882.5824,-2375.774,3241.4119,1
51.297,17.5269,3.3364,0.08,-0.0,0.0001,-0.0,18.7527,4.1501,0.627,1.5696,-0.0003,-0.0007,0.0013,0.0015,0.0,1.186,-2010.1626,-881.0391,-2383.828,3252.1781,1
51.339,17.5269,3.3364,0.08,-0.0,0.0001,0.0,18.754,4.1492,0.6268,1.5701,-0.0002,0.0002,-0.0009,0.0009,0.0,1.187,-2016.4588,-879.9426,-2389.824,3260.2026,1
51.38,17.5269,3.3364,0.08,-0.0,0.0001,0.0,18.7787,4.8751,0.9163,2.1526,0.0001,-0.0004,0.0005,0.0006,0.0,0.472,-2016.4591,-879.942,-2389.824,3260.2026,1
51.422,17.5269,3.3365,0.08,-0.0,0.0001,0.0,18.7792,4.874,0.9165,2.1522,0.0,-0.0003,0.0001,0.0003,0.0,0.473,-2016.4592,-879.9416,-2389.824,3260.2026,1
51.463,17.5269,3.3365,0.08,-0.0,0.0001,-0.0,18.7797,4.8732,0.9167,2.152,0.0,0.0003,0.0002,0.0004,0.0,0.474,-2024.6117,-878.7726,-2397.355,3270.4955,1
51.505,17.5269,3.3365,0.08,-0.0,0.0001,0.0,18.4474,4.9742,1.0709,2.124,-0.0002,-0.001,0.0001,0.001,0.049,0.421,-2024.6118,-878.7723,-2397.355,3270.4955,1
51.547,17.5269,3.3365,0.08,-0.0,0.0001,0.0,18.4472,4.9737,1.071,2.1235,0.0003,0.0001,-0.0,0.0003,0.048,0.421,-2024.612,-878.7719,-2397.355,3270.4955,1
51.588,17.5269,3.3365,0.08,-0.0,0.0001,0.0,18.447,4.9733,1.071,2.1232,-0.0005,0.0,0.0001,0.0005,0.047,0.422,-2024.612,-878.7718,-2397.355,3270.4955,1
51.63,17.5269,3.3365,0.08,-0.0,0.0001,0.0,18.4468,4.9728,1.0711,2.1228,0.0001,-0.0002,0.0005,0.0005,0.046,0.422,-2033.1365,-877.8158,-2404.905,3281.0978,1
51.671,17.5269,3.3365,0.08,-0.0,0.0001,-0.0,18.4464,4.9723,1.071,2.1222,0.0,0.0004,-0.0003,0.0005,0.045,0.423,-2043.248,-876.9356,-2413.549,3293.5205,1
51.713,17.5269,3.3365,0.08,-0.0,0.0001,0.0,18.497,4.9774,1.0161,2.1237,0.0,-0.0004,-0.0001,0.0005,0.093,0.394,-2043.2484,-876.9347,-2413.549,3293.5205,1
51.755,17.5269,3.3365,0.08,-0.0,0.0001,0.0,18.4959,4.9777,1.0152,2.123,0.0002,-0.0002,0.0008,0.0008,0.092,0.395,-2043.2485,-876.9345,-2413.549,3293.5205,1
51.796,17.5269,3.3365,0.08,-0.0,0.0001,0.0,18.4945,4.978,1.014,2.122,0.0001,-0.0005,-0.0004,0.0007,0.092,0.395,-2043.2486,-876.9342,-2413.549,3293.5205,1
51.838,17.5269,3.3365,0.08,-0.0,0.0001,0.0,18.4934,4.9781,1.013,2.1212,-0.0001,-0.0001,-0.0009,0.0009,0.091,0.395,-2051.2392,-876.6668,-2419.762,3303.0038,1
51.879,17.5269,3.3365,0.08,-0.0,0.0001,0.0,18.4923,4.9782,1.012,2.1203,-0.0005,0.0001,0.0003,0.0006,0.091,0.396,-2051.2393,-876.6666,-2419.762,3303.0038,1
51.921,17.5269,3.3365,0.08,-0.0,0.0001,0.0,18.6212,4.9207,0.867,2.08,0.0001,0.0003,-0.0001,0.0004,0.058,0.415,-2051.2394,-876.6663,-2419.762,3303.0038,1
51.963,17.5269,3.3365,0.08,-0.0,0.0001,0.0,18.6207,4.9231,0.866,2.0812,-0.0002,-0.0007,0.0007,0.001,0.062,0.413,-2062.7918,-876.2793,-2428.532,3316.5654,1
52.004,17.5269,3.3365,0.08,-0.0,0.0001,0.0,18.645,4.9864,1.0809,2.2303,-0.0,0.0004,0.0001,0.0004,0.171,0.348,-2062.7921,-876.2788,-2428.532,3316.5654,1
52.046,17.5269,3.3365,0.08,-0.0,0.0001,0.0,18.9773,4.9159,1.0122,2.3382,0.0008,-0.0002,0.0007,0.0011,0.0,0.52,-2071.6984,-876.3399,-2434.572,3326.5934,1
52.087,17.5269,3.3365,0.08,-0.0,0.0001,-0.0,18.979,4.9145,1.0133,2.3387,-0.0006,0.0003,-0.0004,0.0008,0.0,0.523,-2071.6984,-876.3399,-2434.572,3326.5934,1
52.129,17.5269,3.3365,0.08,-0.0,0.0001,0.0,18.9807,4.9129,1.0143,2.3391,0.0004,0.0,-0.0003,0.0006,0.0,0.525,-2071.6988,-876.3389,-2434.572,3326.5934,1
52.171,17.5269,3.3365,0.08,-0.0,0.0001,0.0,18.9828,4.911,1.0157,2.3397,-0.0005,0.0003,0.0001,0.0006,0.0,0.528,-2084.6494,-876.2567,-2443.555,3341.2844,1
52.212,17.5269,3.3365,0.08,-0.0,0.0001,0.0,19.0397,4.8057,1.1056,2.345,-0.0003,0.0004,0.0003,0.0006,0.0,0.646,-2084.6496,-876.2561,-2443.555,3341.2844,1
52.254,17.5269,3.3365,0.08,-0.0,0.0001,0.0,19.0411,4.8061,1.106,2.3463,0.0005,0.0002,-0.0005,0.0007,0.0,0.647,-2084.6497,-876.2559,-2443.555,3341.2844,1
52.295,17.5269,3.3365,0.08,-0.0,0.0001,0.0,19.0428,4.8067,1.1064,2.348,-0.0001,0.0001,0.0002,0.0003,0.0,0.647,-2097.03,-876.3733,-2451.811,3355.1467,1
52.337,17.5269,3.3365,0.08,-0.0,0.0001,0.0,19.0441,4.8072,1.1068,2.3493,-0.0001,-0.0001,0.0002,0.0002,0.0,0.648,-2097.0301,-876.3729,-2451.811,3355.1467,1
52.379,17.5269,3.3365,0.08,-0.0,0.0001,0.0,19.0453,4.8077,1.1072,2.3505,-0.0003,0.0003,-0.0005,0.0007,0.0,0.648,-2106.0474,-876.6013,-2457.511,3365.0575,1
52.42,17.5269,3.3365,0.08,-0.0,0.0001,0.0,18.8008,4.7259,1.1599,2.1724,-0.0003,0.0002,-0.0001,0.0004,0.0,0.622,-2106.0477,-876.6005,-2457.511,3365.0575,1
52.462,17.5269,3.3365,0.08,-0.0,0.0001,0.0,18.622,4.7534,1.3717,2.208,0.0003,0.0003,-0.0,0.0004,0.0,0.582,-2106.0478,-876.6003,-2457.511,3365.0575,1
52.503,17.5269,3.3365,0.08,-0.0,0.0001,-0.0,18.6214,4.753,1.3725,2.2079,0.0001,-0.0002,-0.0002,0.0003,0.0,0.582,-2118.7362,-876.8434,-2465.847,3379.2207,1
52.545,17.5269,3.3366,0.08,-0.0,0.0001,0.0,18.6208,4.7525,1.3735,2.2079,-0.0006,0.0002,-0.0001,0.0006,0.0,0.583,-2118.7365,-876.8427,-2465.847,3379.2207,1
52.587,17.5269,3.3366,0.08,-0.0,0.0001,-0.0,18.6202,4.7521,1.3743,2.2078,-0.0004,-0.0006,0.0003,0.0008,0.0,0.583,-2127.7598,-877.1288,-2471.59,3389.1927,1
52.628,17.5269,3.3366,0.08,-0.0,0.0001,0.0,18.8435,4.8084,1.2517,2.2962,-0.0,-0.0003,0.0006,0.0006,0.0,0.554,-2127.7601,-877.1283,-2471.59,3389.1927,1
52.67,17.5269,3.3366,0.08,-0.0,0.0001,0.0,18.843,4.8075,1.252,2.2955,0.0003,0.0003,0.0001,0.0004,0.0,0.555,-2140.7106,-877.497,-2479.966,3403.5988,1
52.711,17.5269,3.3366,0.08,-0.0,0.0001,0.0,18.8428,4.8068,1.2522,2.295,0.0003,0.0007,-0.0007,0.001,0.0,0.555,-2140.7111,-877.4958,-2479.966,3403.5988,1
52.753,17.5269,3.3366,0.08,-0.0,0.0001,0.0,18.3699,4.9168,1.5826,2.3379,-0.0003,0.0002,-0.0005,0.0006,0.0,0.511,-2140.7111,-877.4958,-2479.966,3403.5988,1
52.795,17.5269,3.3366,0.08,-0.0,0.0001,0.0,18.3695,4.915,1.584,2.3374,-0.0001,-0.0002,0.001,0.001,0.0,0.513,-2149.7323,-877.8591,-2485.704,3413.5964,1
52.836,17.5269,3.3366,0.08,-0.0,0.0001,0.0,18.3693,4.9137,1.585,2.3371,0.0,-0.0002,-0.0005,0.0005,0.0,0.514,-2149.7324,-877.8589,-2485.704,3413.5964,1
52.878,17.5269,3.3366,0.08,-0.0,0.0001,-0.0,18.369,4.9124,1.5861,2.3368,0.0002,-0.0002,-0.0006,0.0007,0.0,0.516,-2149.7326,-877.8586,-2485.704,3413.5964,1
52.919,17.5269,3.3366,0.08,-0.0,0.0001,0.0,18.3686,4.9106,1.5876,2.3365,0.0005,-0.0005,0.0001,0.0007,0.0,0.517,-2162.8178,-878.3719,-2494.034,3428.107,1
52.961,17.5269,3.3366,0.08,-0.0,0.0001,0.0,18.2859,4.7584,1.8283,2.3778,0.0001,-0.0002,-0.0002,0.0003,0.0,0.642,-2162.8181,-878.3712,-2494.034,3428.107,1
53.003,17.5269,3.3366,0.08,-0.0,0.0001,0.0,18.2857,4.7587,1.8283,2.378,0.0,0.0004,0.0002,0.0004,0.0,0.642,-2162.8182,-878.371,-2494.034,3428.107,1
53.044,17.5269,3.3366,0.08,-0.0,0.0001,-0.0,18.2854,4.7591,1.8283,2.3781,0.0001,-0.0003,0.0002,0.0003,0.0,0.641,-2162.8183,-878.3707,-2494.034,3428.107,1
53.086,17.5269,3.3366,0.08,-0.0,0.0001,0.0,18.2853,4.7593,1.8284,2.3783,0.0001,0.0001,0.0002,0.0002,0.0,0.641,-2171.8366,-878.8029,-2499.699,3438.0776,1
53.127,17.5269,3.3366,0.08,-0.0,0.0001,0.0,18.2853,4.7596,1.8285,2.3785,-0.0006,-0.0007,0.0003,0.001,0.0,0.641,-2171.8367,-878.8028,-2499.699,3438.0776,1
53.169,17.5269,3.3366,0.08,-0.0,0.0001,0.0,18.0279,4.6618,1.5178,2.0186,-0.0004,-0.0005,0.0003,0.0007,0.0,0.672,-2184.9721,-879.3527,-2507.991,3452.6168,1
53.211,17.5269,3.3366,0.08,-0.0,0.0001,0.0,18.0271,4.6614,1.5177,2.018,0.0,0.0006,0.0001,0.0006,0.0,0.672,-2184.9723,-879.3524,-2507.991,3452.6168,1
53.252,17.5269,3.3366,0.08,-0.0,0.0001,-0.0,18.0264,4.6609,1.5175,2.0173,-0.0002,0.0001,-0.0003,0.0004,0.0,0.673,-2193.9956,-879.8027,-2513.521,3462.5072,1
53.294,17.5269,3.3366,0.08,-0.0,0.0001,0.0,18.0255,4.6604,1.5171,2.0165,0.0005,-0.0001,0.0003,0.0006,0.0,0.673,-2193.9957,-879.8022,-2513.521,3462.5072,1
53.335,17.5269,3.3366,0.08,-0.0,0.0001,0.0,18.0248,4.66,1.5168,2.0159,0.0004,-0.0003,0.0001,0.0005,0.0,0.674,-2205.3231,-880.3114,-2520.495,3474.938,1
53.377,17.5269,3.3366,0.08,-0.0,0.0001,-0.0,18.2727,4.4397,1.3942,1.8709,0.0002,0.0001,-0.0005,0.0006,0.0,0.934,-2205.3232,-880.311,-2520.495,3474.938,1
53.419,17.5269,3.3366,0.08,-0.0,0.0001,0.0,18.2725,4.4357,1.393,1.8676,-0.0003,-0.0005,0.0001,0.0005,0.0,0.938,-2205.3235,-880.3103,-2520.495,3474.938,1
53.46,17.5269,3.3366,0.08,-0.0,0.0001,0.0,17.8614,4.5235,1.1688,1.645,-0.0001,0.0003,0.0,0.0003,0.0,0.822,-2216.6418,-880.7655,-2527.292,3487.2275,1
53.502,17.5269,3.3366,0.08,-0.0,0.0001,0.0,17.8602,4.5218,1.1684,1.6432,-0.0001,0.0001,0.0003,0.0003,0.0,0.824,-2216.642,-880.7651,-2527.292,3487.2275,1
53.543,17.5269,3.3366,0.08,-0.0,0.0001,0.0,17.8586,4.5194,1.1678,1.6408,0.0,0.0001,0.0003,0.0003,0.0,0.826,-2216.6423,-880.7644,-2527.292,3487.2275,1
53.585,17.5269,3.3366,0.08,-0.0,0.0001,-0.0,18.0276,4.4271,1.2434,1.6713,0.0003,-0.0006,0.0008,0.001,0.0,0.907,-2216.6423,-880.7643,-2527.292,3487.2275,1
53.627,17.5269,3.3367,0.08,-0.0,0.0001,0.0,18.0279,4.4253,1.2423,1.6695,0.0008,-0.0003,0.0003,0.0009,0.0,0.908,-2229.9185,-881.2187,-2535.295,3501.6532,1
53.668,17.5269,3.3367,0.08,-0.0,0.0001,0.0,17.9533,4.7038,1.6331,2.1126,0.0001,-0.0007,0.0002,0.0007,0.0,0.631,-2229.9187,-881.2184,-2535.295,3501.6532,1
53.71,17.5269,3.3367,0.08,-0.0,0.0001,0.0,17.9542,4.7035,1.634,2.1133,0.0003,0.0006,-0.0004,0.0008,0.0,0.632,-2229.9187,-881.2182,-2535.295,3501.6532,1
53.751,17.5269,3.3367,0.08,-0.0,0.0001,0.0,17.9553,4.7032,1.6351,2.1141,0.0002,-0.0006,-0.0002,0.0007,0.0,0.632,-2242.555,-881.4546,-2542.505,3515.0482,1
53.793,17.5269,3.3367,0.08,-0.0,0.0001,0.0,18.1923,4.6781,1.4025,1.9978,0.0001,-0.0,-0.0003,0.0003,0.0,0.683,-2251.5745,-881.3074,-2547.239,3524.2375,1
53.835,17.5269,3.3367,0.08,-0.0,0.0001,0.0,18.1927,4.6785,1.4018,1.9978,0.0003,-0.0002,0.0006,0.0006,0.0,0.683,-2251.575,-881.3061,-2547.239,3524.2375,1
53.876,17.5269,3.3367,0.08,-0.0,0.0001,0.0,18.1932,4.6789,1.4012,1.9978,-0.0,0.0008,-0.0001,0.0008,0.0,0.682,-2251.5751,-881.3057,-2547.239,3524.2375,1
53.918,17.5269,3.3367,0.08,-0.0,0.0001,0.0,18.1939,4.6794,1.4005,1.9979,-0.0002,-0.0001,-0.0006,0.0007,0.0,0.682,-2251.5752,-881.3056,-2547.239,3524.2375,1
53.959,17.5269,3.3367,0.08,-0.0,0.0001,0.0,18.1944,4.6798,1.4,1.998,0.0002,0.0002,-0.0009,0.001,0.0,0.682,-2264.5244,-880.84,-2553.91,3537.2859,1
54.001,17.5269,3.3367,0.08,-0.0,0.0001,0.0,18.5945,4.5741,1.1054,1.9294,-0.0001,0.0002,-0.0007,0.0008,0.0,0.763,-2264.5247,-880.8392,-2553.91,3537.2859,1
54.043,17.5269,3.3367,0.08,-0.0,0.0001,0.0,18.5962,4.5727,1.1039,1.9287,-0.0001,-0.0001,-0.0005,0.0005,0.0,0.764,-2264.5248,-880.839,-2553.91,3537.2859,1
54.084,17.5269,3.3367,0.08,-0.0,0.0001,0.0,18.5974,4.5717,1.1028,1.9281,-0.0,0.0002,-0.0007,0.0008,0.0,0.765,-2273.5241,-880.0092,-2558.143,3545.9441,1
54.126,17.5269,3.3367,0.08,-0.0,0.0001,0.0,18.5984,4.5706,1.1017,1.9274,-0.0001,-0.0004,0.0002,0.0005,0.0,0.766,-2273.5242,-880.0089,-2558.143,3545.9441,1
54.167,17.5269,3.3367,0.08,-0.0,0.0001,0.0,18.5999,4.5692,1.1003,1.9265,0.0007,0.0,-0.0008,0.0011,0.0,0.767,-2286.5438,-878.6623,-2564.429,3558.563,1
54.209,17.5269,3.3367,0.08,-0.0,0.0001,0.0,18.1741,4.6056,1.2874,1.8673,0.0001,0.0003,-0.0001,0.0003,0.0,0.748,-2286.5441,-878.6615,-2564.429,3558.563,1
54.251,17.5269,3.3367,0.08,-0.0,0.0001,0.0,18.1743,4.6058,1.2855,1.8663,0.0001,0.0003,0.0005,0.0006,0.0,0.748,-2286.5441,-878.6615,-2564.429,3558.563,1
54.292,17.5269,3.3367,0.08,-0.0,0.0001,0.0,18.2377,4.4698,1.3524,1.8462,0.0001,0.0005,-0.0004,0.0006,0.0,0.896,-2295.3978,-876.9778,-2568.451,3566.7808,1
54.334,17.5269,3.3367,0.08,-0.0,0.0001,0.0,18.237,4.4696,1.3521,1.8456,-0.0003,-0.0,0.002,0.002,0.0,0.896,-2295.3979,-876.9775,-2568.451,3566.7808,1
54.375,17.5269,3.3367,0.08,-0.0,0.0001,0.0,18.2363,4.4694,1.3518,1.845,0.0001,0.0005,0.0005,0.0007,0.0,0.896,-2295.398,-876.9773,-2568.451,3566.7808,1
54.417,17.5269,3.3367,0.08,-0.0,0.0001,0.0,18.2355,4.4691,1.3513,1.8441,0.0004,-0.0005,-0.0002,0.0007,0.0,0.896,-2306.5266,-874.6106,-2573.769,3577.2496,1
54.459,17.5269,3.3367,0.08,-0.0,0.0001,0.0,18.2348,4.4689,1.3509,1.8434,-0.0002,-0.0003,-0.0002,0.0004,0.0,0.896,-2306.5267,-874.6105,-2573.769,3577.2496,1
54.5,17.5268,3.3367,0.08,-0.0,0.0001,0.0,18.2341,4.4687,1.3504,1.8427,0.0001,0.0001,-0.001,0.001,0.0,0.896,-2318.9931,-871.5184,-2579.94,3589.0389,1
54.542,17.5268,3.3367,0.08,-0.0,0.0001,0.0,18.3153,4.4161,0.7052,1.4756,0.0002,0.0005,-0.0008,0.0009,0.0,0.97,-2318.9935,-871.5173,-2579.94,3589.0389,1
54.583,17.5268,3.3367,0.08,-0.0,0.0001,0.0,18.3161,4.4161,0.7043,1.4757,0.0006,0.0002,0.0001,0.0006,0.0,0.97,-2327.5769,-868.5092,-2584.34,3597.0618,1
54.625,17.5268,3.3367,0.08,-0.0,0.0001,0.0,18.3168,4.4162,0.7032,1.4757,-0.0001,-0.0002,-0.0002,0.0003,0.0,0.97,-2327.5772,-868.5083,-2584.34,3597.0618,1
54.667,17.5268,3.3367,0.08,-0.0,0.0001,0.0,18.3178,4.4163,0.7019,1.4757,-0.0004,0.0002,0.0002,0.0005,0.0,0.971,-2327.5778,-868.5069,-2584.34,3597.0618,1
54.708,17.5268,3.3368,0.08,-0.0,0.0001,0.0,18.3184,4.4164,0.7009,1.4757,0.0006,-0.0002,0.0003,0.0007,0.0,0.971,-2340.1191,-864.6399,-2590.938,3609.0515,1
54.75,17.5268,3.3368,0.08,-0.0,0.0001,0.0,18.487,4.8083,0.9136,1.9448,-0.0003,0.0003,-0.0007,0.0008,0.0,0.555,-2340.1196,-864.6388,-2590.938,3609.0515,1
54.791,17.5268,3.3368,0.08,-0.0,0.0001,0.0,18.4866,4.8073,0.9134,1.9438,-0.0006,-0.0,-0.0005,0.0008,0.0,0.556,-2340.1199,-864.638,-2590.938,3609.0515,1
54.833,17.5268,3.3368,0.08,-0.0,0.0001,0.0,18.4863,4.8067,0.9133,1.9431,-0.0004,-0.0002,-0.0001,0.0005,0.0,0.557,-2348.6281,-861.3564,-2595.749,3617.2796,1
54.875,17.5268,3.3368,0.08,-0.0,0.0001,0.0,18.4859,4.8061,0.9132,1.9424,0.0005,-0.0005,0.0001,0.0007,0.0,0.557,-2348.6283,-861.3559,-2595.749,3617.2796,1
54.916,17.5268,3.3368,0.08,-0.0,0.0001,0.0,18.4855,4.8053,0.9131,1.9416,-0.0001,-0.0001,0.0001,0.0002,0.0,0.558,-2348.6285,-861.3552,-2595.749,3617.2796,1
54.958,17.5268,3.3368,0.08,-0.0,0.0001,0.0,18.4046,4.591,0.9178,1.7451,-0.0001,0.0001,0.0002,0.0003,0.0,0.787,-2361.1293,-856.87,-2602.891,3629.5205,1
54.999,17.5268,3.3368,0.08,-0.0,0.0001,0.0,18.4039,4.5911,0.9178,1.7449,-0.0001,-0.0005,0.0006,0.0008,0.0,0.787,-2361.1298,-856.8687,-2602.891,3629.5205,1
55.041,17.5268,3.3368,0.08,-0.0,0.0001,0.0,18.403,4.5913,0.9179,1.7446,0.0001,0.0002,-0.0005,0.0006,0.0,0.788,-2361.1299,-856.8684,-2602.891,3629.5205,1
55.083,17.5268,3.3368,0.08,-0.0,0.0001,0.0,18.4024,4.5914,0.918,1.7444,0.0001,0.0005,0.0002,0.0006,0.0,0.788,-2369.5663,-853.3462,-2608.162,3638.0003,1
55.124,17.5268,3.3368,0.08,-0.0,0.0001,0.0,18.4019,4.5914,0.9181,1.7442,-0.0001,-0.0002,0.0006,0.0007,0.0,0.788,-2369.5665,-853.3459,-2608.162,3638.0003,1
55.166,17.5268,3.3368,0.08,-0.0,0.0001,0.0,18.8254,4.6893,0.8088,2.0117,-0.0006,-0.0,-0.0,0.0006,0.0,0.663,-2369.5666,-853.3455,-2608.162,3638.0003,1
55.207,17.5268,3.3368,0.08,-0.0,0.0001,0.0,18.8255,4.6897,0.8079,2.0116,-0.0006,-0.0001,-0.0004,0.0008,0.0,0.663,-2382.0626,-848.4578,-2615.96,3650.6504,1
55.249,17.5268,3.3368,0.08,-0.0,0.0001,0.0,18.8255,4.6901,0.807,2.0116,-0.0001,0.0003,0.0004,0.0005,0.0,0.663,-2382.0627,-848.4574,-2615.96,3650.6504,1
55.291,17.5268,3.3368,0.08,-0.0,0.0001,0.0,18.8253,4.6907,0.8058,2.0115,-0.0001,0.0002,-0.0,0.0002,0.0,0.662,-2382.0629,-848.4569,-2615.96,3650.6504,1
55.332,17.5268,3.3368,0.08,-0.0,0.0001,0.0,18.8253,4.6911,0.8048,2.0114,0.0001,-0.0002,-0.0004,0.0004,0.0,0.662,-2390.4502,-844.74,-2621.746,3659.4479,1
55.374,17.5268,3.3368,0.08,-0.0,0.0001,0.0,19.1433,4.8074,0.7998,2.3008,-0.0001,-0.0006,-0.0005,0.0008,0.0,0.71,-2390.4505,-844.7393,-2621.746,3659.4479,1
55.415,17.5268,3.3368,0.08,-0.0,0.0001,0.0,19.1433,4.809,0.7995,2.3017,0.0004,-0.0001,-0.0002,0.0004,0.0,0.709,-2402.755,-839.5157,-2630.215,3672.4129,1
55.457,17.5268,3.3368,0.08,-0.0,0.0001,-0.0,19.042,4.4334,0.8359,2.0173,0.0002,0.0002,0.0006,0.0007,0.0,0.975,-2402.7556,-839.5142,-2630.215,3672.4129,1
55.499,17.5268,3.3368,0.08,-0.0,0.0001,0.0,19.0413,4.433,0.8383,2.0175,0.0001,-0.0002,0.0005,0.0005,0.0,0.975,-2402.7558,-839.5134,-2630.215,3672.4129,1
55.54,17.5268,3.3368,0.08,-0.0,0.0001,0.0,19.0405,4.4324,0.8414,2.0177,-0.0001,0.0002,-0.0005,0.0006,0.0,0.975,-2415.0713,-834.0841,-2639.083,3685.6463,1
55.582,17.5268,3.3368,0.08,-0.0,0.0001,0.0,19.0399,4.4318,0.8437,2.0178,0.0006,0.0004,-0.0008,0.0011,0.0,0.976,-2415.0716,-834.0833,-2639.083,3685.6463,1
55.623,17.5268,3.3368,0.08,-0.0,0.0001,0.0,19.0392,4.4313,0.846,2.0179,0.0004,0.0001,-0.0003,0.0005,0.0,0.976,-2415.0716,-834.0833,-2639.083,3685.6463,1
55.665,17.5268,3.3368,0.08,-0.0,0.0001,0.0,18.5937,4.5608,0.9447,1.8396,0.0,0.0003,0.0001,0.0003,0.0,0.776,-2435.8089,-824.5706,-2655.431,3708.9116,1
55.707,17.5268,3.3368,0.08,-0.0,0.0001,0.0,18.5918,4.5615,0.9435,1.8384,-0.0001,0.0001,0.0002,0.0002,0.0,0.775,-2435.8092,-824.5696,-2655.431,3708.9116,1
55.748,17.5268,3.3368,0.08,-0.0,0.0001,0.0,18.59,4.5622,0.9422,1.8372,0.0001,-0.0001,-0.0005,0.0005,0.0,0.775,-2435.8097,-824.568,-2655.431,3708.9116,1
55.79,17.5268,3.3369,0.08,-0.0,0.0001,0.0,18.5874,4.5631,0.9407,1.8356,-0.0002,0.0002,-0.0003,0.0003,0.0,0.774,-2435.8099,-824.5676,-2655.431,3708.9116,1
55.831,17.5268,3.3369,0.08,-0.0,0.0001,0.0,18.5853,4.5637,0.9397,1.8343,0.0008,0.0003,0.0001,0.0008,0.0,0.774,-2435.8099,-824.5674,-2655.431,3708.9116,1
55.873,17.5268,3.3369,0.08,-0.0,0.0001,0.0,18.5833,4.5643,0.9387,1.8331,-0.0001,0.0003,0.0004,0.0005,0.0,0.773,-2444.2503,-820.5855,-2662.699,3718.8152,1
55.915,17.5268,3.3369,0.08,-0.0,0.0001,-0.0,18.2205,4.8009,1.1227,1.9266,-0.0005,-0.0007,0.0001,0.0009,0.0,0.576,-2444.2506,-820.5844,-2662.699,3718.8152,1
55.956,17.5268,3.3369,0.08,-0.0,0.0001,0.0,18.2201,4.8004,1.1228,1.9261,-0.0,-0.0004,-0.0006,0.0008,0.0,0.577,-2456.7685,-814.8418,-2673.365,3733.4785,1
55.998,17.5268,3.3369,0.08,-0.0,0.0001,0.0,18.2199,4.7999,1.1229,1.9257,-0.0002,-0.0001,-0.0002,0.0002,0.0,0.577,-2456.7686,-814.8414,-2673.365,3733.4785,1
56.039,17.5268,3.3369,0.08,-0.0,0.0001,0.0,18.2195,4.7993,1.1229,1.9251,0.0001,0.0005,-0.0004,0.0006,0.0,0.577,-2465.3471,-810.869,-2681.263,3743.9544,1
56.081,17.5268,3.3369,0.08,-0.0,0.0001,-0.0,18.2481,4.7678,1.3458,2.042,0.0001,-0.0005,0.0008,0.001,0.0,0.618,-2465.3475,-810.8678,-2681.263,3743.9544,1
56.123,17.5268,3.3369,0.08,-0.0,0.0001,-0.0,18.246,4.7682,1.3452,2.0412,-0.0005,0.0004,0.0008,0.001,0.0,0.616,-2465.3475,-810.8678,-2681.263,3743.9544,1
56.164,17.5268,3.3369,0.08,-0.0,0.0001,0.0,18.2434,4.7688,1.3443,2.0401,-0.0002,-0.0002,-0.0007,0.0007,0.0,0.615,-2465.3477,-810.8671,-2681.263,3743.9544,1
56.206,17.5268,3.3369,0.08,-0.0,0.0001,0.0,18.3774,5.0609,1.28,2.2662,-0.0002,-0.0008,-0.0005,0.0009,0.088,0.397,-2476.3101,-805.901,-2691.363,3757.3866,1
56.247,17.5268,3.3369,0.08,-0.0,0.0001,-0.0,18.3766,5.0627,1.2806,2.2676,-0.0002,0.0002,0.0005,0.0006,0.089,0.397,-2476.3104,-805.8999,-2691.363,3757.3866,1
56.289,17.5268,3.3369,0.08,-0.0,0.0001,0.0,18.4108,4.722,1.0154,1.8907,0.0001,-0.0002,0.0004,0.0004,0.0,0.663,-2488.8109,-800.3524,-2703.068,3772.8841,1
56.331,17.5268,3.3369,0.08,-0.0,0.0001,0.0,18.232,4.6186,1.1191,1.7944,0.0003,-0.0001,0.0006,0.0006,0.0,0.751,-2488.8118,-800.3498,-2703.068,3772.8841,1
56.372,17.5268,3.3369,0.08,-0.0,0.0001,-0.0,18.2314,4.6189,1.1195,1.7946,-0.0,0.0001,0.0001,0.0001,0.0,0.751,-2488.8118,-800.3496,-2703.068,3772.8841,1
56.414,17.5268,3.3369,0.08,-0.0,0.0001,-0.0,18.2308,4.6191,1.1199,1.7947,-0.0002,0.0002,0.0009,0.001,0.0,0.751,-2488.8119,-800.3493,-2703.068,3772.8841,1
56.455,17.5268,3.3369,0.08,-0.0,0.0001,0.0,18.2303,4.6193,1.1202,1.7948,0.0002,0.0003,0.0001,0.0004,0.0,0.75,-2497.7714,-796.5119,-2711.863,3784.3253,1
56.497,17.5268,3.3369,0.08,-0.0,0.0001,0.0,18.3235,4.5632,1.3534,1.9391,-0.0,-0.0003,0.0009,0.001,0.0,0.835,-2497.7715,-796.5116,-2711.863,3784.3253,1
56.539,17.5268,3.3369,0.08,-0.0,0.0001,0.0,18.3226,4.5611,1.3546,1.9382,-0.0005,-0.0007,0.0006,0.001,0.0,0.837,-2510.7822,-791.0174,-2724.386,3800.7973,1
56.58,17.5268,3.3369,0.08,-0.0,0.0001,0.0,18.322,4.5595,1.3554,1.9375,0.0002,-0.0003,0.0001,0.0004,0.0,0.838,-2519.8088,-787.3545,-2733.425,3812.5207,1
56.622,17.5268,3.3369,0.08,-0.0,0.0001,0.0,18.5177,4.3899,1.3987,1.9569,-0.0002,0.0003,-0.0009,0.001,0.0,0.955,-2519.8091,-787.3534,-2733.425,3812.5207,1
56.663,17.5268,3.3369,0.08,-0.0,0.0001,0.0,18.5194,4.387,1.3984,1.9561,-0.0003,-0.0003,0.0001,0.0004,0.0,0.958,-2519.8092,-787.3531,-2733.425,3812.5207,1
56.705,17.5268,3.3369,0.08,-0.0,0.0001,0.0,18.6244,4.3589,1.3708,1.9787,-0.0003,-0.0001,-0.0005,0.0006,0.0,0.975,-2519.8094,-787.3526,-2733.425,3812.5207,1
56.747,17.5268,3.3369,0.08,-0.0,0.0001,0.0,18.6253,4.3596,1.3702,1.9792,0.0001,-0.0002,-0.0001,0.0002,0.0,0.975,-2531.0567,-782.8327,-2744.552,3827.0544,1
56.788,17.5268,3.3369,0.08,-0.0,0.0001,0.0,18.6264,4.3605,1.3695,1.9798,-0.0,0.0,-0.0008,0.0008,0.0,0.974,-2531.057,-782.8316,-2744.552,3827.0544,1
56.83,17.5268,3.3369,0.08,-0.0,0.0001,0.0,18.6725,4.1012,1.1849,1.7657,-0.0003,-0.0003,0.001,0.0011,0.0,1.232,-2531.0572,-782.831,-2744.552,3827.0544,1
56.871,17.5268,3.3369,0.08,-0.0,0.0001,0.0,18.6726,4.1007,1.1836,1.7646,0.0002,0.0001,-0.0009,0.001,0.0,1.233,-2543.9469,-777.7508,-2757.181,3843.6615,1
56.913,17.5268,3.337,0.08,-0.0,0.0001,0.0,18.6727,4.1,1.1816,1.7632,0.0003,0.0001,0.0004,0.0005,0.0,1.233,-2552.9662,-774.4116,-2766.2,3855.4678,1
56.955,17.5268,3.337,0.08,-0.0,0.0001,0.0,18.6729,4.0994,1.1802,1.7621,0.0,0.0004,0.0009,0.001,0.0,1.234,-2552.9664,-774.4111,-2766.2,3855.4678,1
56.996,17.5268,3.337,0.08,-0.0,0.0001,-0.0,18.2145,4.3667,1.4977,1.8823,0.0,0.0002,0.0003,0.0003,0.0,0.99,-2552.9666,-774.4104,-2766.2,3855.4678,1
57.038,17.5268,3.337,0.08,-0.0,0.0001,0.0,18.2148,4.3665,1.496,1.8811,-0.0004,-0.0002,0.0001,0.0004,0.0,0.99,-2552.9667,-774.4101,-2766.2,3855.4678,1
57.079,17.5268,3.337,0.08,-0.0,0.0001,0.0,18.215,4.3664,1.4948,1.8802,-0.0003,-0.0001,0.0006,0.0007,0.0,0.991,-2552.9668,-774.4099,-2766.2,3855.4678,1
57.121,17.5268,3.337,0.08,-0.0,0.0001,0.0,18.207,4.5399,1.5152,1.9924,0.0002,-0.0005,0.0003,0.0006,0.0,0.82,-2566.0292,-769.6004,-2779.103,3872.4736,1
57.163,17.5268,3.337,0.08,-0.0,0.0001,0.0,18.5716,4.5387,1.4541,2.1033,0.0002,0.0004,-0.0003,0.0005,0.0,0.8,-2566.0295,-769.5996,-2779.103,3872.4736,1
57.204,17.5268,3.337,0.08,-0.0,0.0001,0.0,18.5708,4.5393,1.4537,2.103,-0.0,0.0002,0.0004,0.0005,0.0,0.8,-2577.475,-765.5297,-2790.472,3887.4633,1
57.246,17.5268,3.337,0.08,-0.0,0.0001,0.0,18.5701,4.5398,1.4533,2.1027,0.0001,0.0004,0.0002,0.0005,0.0,0.799,-2577.4752,-765.5292,-2790.472,3887.4633,1
57.287,17.5268,3.337,0.08,-0.0,0.0001,-0.0,18.5692,4.5406,1.4527,2.1023,0.0001,0.0001,0.0004,0.0004,0.0,0.799,-2577.4754,-765.5286,-2790.472,3887.4633,1
57.329,17.5268,3.337,0.08,-0.0,0.0001,0.0,18.8561,4.546,1.293,2.168,-0.0003,0.0002,-0.0002,0.0005,0.0,0.81,-2590.459,-761.0103,-2803.326,3904.472,1
57.371,17.5268,3.337,0.08,-0.0,0.0001,0.0,18.8377,4.4258,1.1053,1.9888,0.0001,0.0004,0.0007,0.0007,0.0,0.924,-2590.4591,-761.0099,-2803.326,3904.472,1
57.412,17.5268,3.337,0.08,-0.0,0.0001,0.0,18.8386,4.4256,1.1068,1.9901,-0.0006,-0.0008,-0.0005,0.0011,0.0,0.924,-2599.4786,-758.0854,-2812.346,3916.4041,1
57.454,17.5268,3.337,0.08,-0.0,0.0001,0.0,18.8392,4.4256,1.108,1.9911,0.0001,-0.0002,-0.0004,0.0005,0.0,0.924,-2599.4787,-758.0851,-2812.346,3916.4041,1
57.495,17.5268,3.337,0.08,-0.0,0.0001,0.0,18.8398,4.4255,1.1091,1.992,0.0002,-0.0006,-0.0004,0.0008,0.0,0.924,-2599.4788,-758.0846,-2812.346,3916.4041,1
57.537,17.5268,3.337,0.08,-0.0,0.0001,0.0,18.8034,4.2401,0.97,1.7993,-0.0001,0.0003,0.0009,0.0009,0.0,1.102,-2599.4789,-758.0844,-2812.346,3916.4041,1
57.579,17.5268,3.337,0.08,-0.0,0.0001,0.0,18.8049,4.2384,0.9692,1.7991,-0.0002,-0.0001,-0.0004,0.0004,0.0,1.104,-2612.6273,-753.7838,-2825.429,3933.7569,1
57.62,17.5268,3.337,0.08,-0.0,0.0001,0.0,18.8063,4.2367,0.9684,1.7989,0.0002,-0.0003,-0.0,0.0004,0.0,1.105,-2612.6276,-753.7831,-2825.429,3933.7569,1
57.662,17.5268,3.337,0.08,-0.0,0.0001,0.0,18.8083,4.2344,0.9674,1.7986,0.0006,0.0004,-0.0009,0.0011,0.0,1.108,-2621.6489,-751.005,-2834.403,3945.7032,1
57.703,17.5268,3.337,0.08,-0.0,0.0001,0.0,18.8097,4.2326,0.9665,1.7983,-0.0,0.001,0.0003,0.0011,0.0,1.11,-2621.649,-751.0045,-2834.403,3945.7032,1
57.745,17.5268,3.337,0.08,-0.0,0.0001,0.0,18.8963,4.3669,0.9852,1.938,-0.0007,-0.0001,0.0002,0.0007,0.0,0.993,-2632.9263,-747.4824,-2845.554,3960.5889,1
57.787,17.5268,3.337,0.08,-0.0,0.0001,0.0,18.8978,4.3657,0.9834,1.9375,0.0002,0.0001,0.0007,0.0007,0.0,0.995,-2632.9266,-747.4814,-2845.554,3960.5889,1
57.828,17.5268,3.337,0.08,-0.0,0.0001,0.0,18.8989,4.3647,0.9821,1.9372,-0.0003,-0.0002,0.0001,0.0003,0.0,0.996,-2632.9268,-747.4808,-2845.554,3960.5889,1
57.87,17.5268,3.337,0.08,-0.0,0.0001,0.0,18.8837,4.4938,0.9394,1.9794,0.0,-0.0002,-0.0008,0.0008,0.0,0.867,-2632.9268,-747.4807,-2845.554,3960.5889,1
57.911,17.5268,3.337,0.08,-0.0,0.0001,-0.0,18.8855,4.495,0.9365,1.9801,0.0002,-0.0001,0.0004,0.0005,0.0,0.866,-2645.8893,-743.5031,-2858.323,3977.6906,1
57.953,17.5268,3.337,0.08,-0.0,0.0001,0.0,18.6644,4.4873,0.7921,1.7676,-0.0001,0.0003,-0.0003,0.0005,0.0,0.846,-2645.8895,-743.5021,-2858.323,3977.6906,1
57.995,17.5268,3.3371,0.08,-0.0,0.0001,0.0,18.6656,4.4866,0.79,1.7671,0.0,0.0006,0.0009,0.001,0.0,0.847,-2654.9108,-740.8354,-2867.08,3989.5265,1
58.036,17.5268,3.3371,0.08,-0.0,0.0001,0.0,18.6671,4.4858,0.7872,1.7664,0.0005,-0.0005,0.0011,0.0013,0.0,0.848,-2654.9111,-740.8342,-2867.08,3989.5265,1
58.078,17.5268,3.3371,0.08,-0.0,0.0001,-0.0,18.277,4.7076,0.6863,1.676,-0.0002,-0.0003,0.0001,0.0003,0.0,0.684,-2668.1994,-736.828,-2879.893,4006.8958,1
58.119,17.5268,3.3371,0.08,-0.0,0.0001,-0.0,18.2775,4.7086,0.6867,1.6771,-0.0002,0.0,0.0008,0.0008,0.0,0.684,-2668.1996,-736.8273,-2879.893,4006.8958,1
58.161,17.5268,3.3371,0.08,-0.0,0.0001,0.0,18.2782,4.7098,0.6872,1.6786,0.0,0.0007,0.0003,0.0007,0.0,0.683,-2668.1997,-736.8272,-2879.893,4006.8958,1
58.203,17.5268,3.3371,0.08,-0.0,0.0001,0.0,18.2788,4.7107,0.6876,1.6798,-0.0002,-0.0003,-0.0007,0.0008,0.0,0.682,-2668.1997,-736.8269,-2879.893,4006.8958,1
58.244,17.5268,3.3371,0.08,-0.0,0.0001,0.0,18.2794,4.7115,0.6881,1.6809,0.0003,0.0,-0.0004,0.0005,0.0,0.682,-2677.2189,-734.1393,-2888.296,4018.4875,1
58.286,17.5268,3.3371,0.08,-0.0,0.0001,0.0,18.2063,4.3753,0.4038,1.2824,-0.0005,0.0005,0.0004,0.0009,0.0,0.98,-2677.2191,-734.1385,-2888.296,4018.4875,1
58.327,17.5268,3.3371,0.08,-0.0,0.0001,-0.0,18.2058,4.3738,0.4028,1.2806,-0.0,0.0005,-0.0002,0.0005,0.0,0.981,-2690.3066,-730.0777,-2900.119,4035.0233,1
58.369,17.5268,3.3371,0.08,-0.0,0.0001,0.0,18.2054,4.3723,0.4019,1.279,-0.0003,0.0008,0.0003,0.0009,0.0,0.983,-2690.3069,-730.0768,-2900.119,4035.0233,1
58.411,17.5268,3.3371,0.08,-0.0,0.0001,0.0,18.2048,4.3703,0.4007,1.2767,-0.0002,0.0002,-0.0008,0.0009,0.0,0.985,-2699.3302,-727.1636,-2907.588,4045.9209,1
58.452,17.5268,3.3371,0.08,-0.0,0.0001,-0.0,18.315,4.3431,0.2275,1.2866,-0.0002,-0.0002,-0.001,0.001,0.0,1.039,-2699.3303,-727.1631,-2907.588,4045.9209,1
58.494,17.5268,3.3371,0.08,-0.0,0.0001,-0.0,18.3155,4.3421,0.226,1.2859,-0.0,-0.0003,0.0001,0.0003,0.0,1.04,-2699.3305,-727.1625,-2907.588,4045.9209,1
58.535,17.5268,3.3371,0.08,-0.0,0.0001,-0.0,18.3161,4.3408,0.224,1.285,-0.0002,0.0002,-0.0,0.0002,0.0,1.042,-2699.3305,-727.1623,-2907.588,4045.9209,1
58.577,17.5268,3.3371,0.08,-0.0,0.0001,0.0,18.6428,4.1059,0.6603,1.4742,-0.0001,0.0003,0.0002,0.0003,0.0,1.228,-2713.0388,-722.5301,-2918.849,4062.3907,1
58.619,17.5268,3.3371,0.08,-0.0,0.0001,0.0,18.6419,4.1055,0.6604,1.4733,-0.0002,0.0001,0.0004,0.0005,0.0,1.228,-2713.039,-722.5296,-2918.849,4062.3907,1
58.66,17.5268,3.3371,0.08,-0.0,0.0001,0.0,18.6406,4.1048,0.6605,1.4721,0.0002,0.0005,-0.0005,0.0007,0.0,1.229,-2724.1295,-718.4648,-2927.325,4075.2149,1
58.702,17.5268,3.3371,0.08,-0.0,0.0001,0.0,18.6396,4.1043,0.6607,1.4712,-0.0003,0.0004,0.0007,0.0009,0.0,1.229,-2724.1296,-718.4643,-2927.325,4075.2149,1
58.743,17.5268,3.3371,0.08,-0.0,0.0001,0.0,18.6387,4.1039,0.6608,1.4702,0.0001,-0.0,-0.0004,0.0005,0.0,1.23,-2724.1298,-718.4637,-2927.325,4075.2149,1
58.785,17.5268,3.3371,0.08,-0.0,0.0001,0.0,19.0615,4.3733,0.9266,2.0361,-0.0002,0.0006,0.0007,0.0009,0.0,1.038,-2736.5871,-713.6705,-2936.591,4089.4106,1
58.827,17.5268,3.3371,0.08,-0.0,0.0001,0.0,19.1168,4.3902,0.805,2.0403,0.0003,-0.0,0.0008,0.0009,0.0,1.045,-2745.2255,-709.7418,-2942.532,4098.8104,1
58.868,17.5268,3.3371,0.08,-0.0,0.0001,0.0,19.1166,4.3912,0.8042,2.0403,-0.0003,0.0001,0.0008,0.0009,0.0,1.044,-2745.2257,-709.741,-2942.532,4098.8104,1
58.91,17.5268,3.3371,0.08,-0.0,0.0001,0.0,19.1162,4.3926,0.8031,2.0404,0.0,-0.0001,-0.0007,0.0007,0.0,1.043,-2745.226,-709.7399,-2942.532,4098.8104,1
58.951,17.5268,3.3371,0.08,-0.0,0.0001,0.0,19.116,4.3936,0.8023,2.0405,0.0003,0.0008,-0.0002,0.0009,0.0,1.042,-2745.226,-709.7399,-2942.532,4098.8104,1
58.993,17.5267,3.3371,0.08,-0.0,0.0001,0.0,19.1452,4.2965,1.261,2.2214,0.0004,0.0007,-0.0001,0.0008,0.0,1.142,-2755.8064,-704.5695,-2950.037,4110.4378,1
59.035,17.5267,3.3371,0.08,-0.0,0.0001,0.0,19.1448,4.295,1.2603,2.22,0.0001,-0.0001,0.0002,0.0003,0.0,1.143,-2755.8065,-704.5689,-2950.037,4110.4378,1
59.076,17.5267,3.3371,0.08,-0.0,0.0001,0.0,19.1444,4.2938,1.2597,2.219,0.0002,0.0001,0.0001,0.0003,0.0,1.144,-2766.0388,-699.0248,-2957.242,4121.5656,1
59.118,17.5267,3.3372,0.08,-0.0,0.0001,0.0,18.8755,4.7368,0.8948,2.1076,0.0002,0.0001,-0.0007,0.0007,0.0,0.632,-2766.0391,-699.0236,-2957.242,4121.5656,1
59.159,17.5267,3.3372,0.08,-0.0,0.0001,0.0,18.8739,4.7372,0.8936,2.1064,-0.0004,0.0001,-0.0001,0.0004,0.0,0.631,-2766.0393,-699.0229,-2957.242,4121.5656,1
59.201,17.5267,3.3372,0.08,-0.0,0.0001,-0.0,18.4241,4.745,1.099,1.9559,-0.0007,-0.0002,0.001,0.0013,0.0,0.636,-2775.8196,-693.1189,-2964.253,4132.2034,1
59.243,17.5267,3.3372,0.08,-0.0,0.0001,0.0,18.4239,4.7455,1.0999,1.9567,-0.0004,-0.0,-0.0007,0.0008,0.0,0.636,-2775.8199,-693.1177,-2964.253,4132.2034,1
59.284,17.5267,3.3372,0.08,-0.0,0.0001,0.0,18.4616,4.5856,0.6397,1.657,0.0001,-0.0,0.0003,0.0003,0.0,0.775,-2775.82,-693.1169,-2964.253,4132.2034,1
59.326,17.5267,3.3372,0.08,-0.0,0.0001,0.0,18.4609,4.5843,0.6394,1.6556,0.0002,-0.0,-0.0003,0.0004,0.0,0.777,-2786.9143,-686.264,-2972.419,4144.4167,1
59.367,17.5267,3.3372,0.08,-0.0,0.0001,0.0,18.4602,4.583,0.639,1.654,-0.0002,0.0006,-0.0,0.0007,0.0,0.778,-2786.9146,-686.2628,-2972.419,4144.4167,1
59.409,17.5267,3.3372,0.08,-0.0,0.0001,0.0,18.4688,4.2571,0.5746,1.4066,-0.0001,0.0002,0.0006,0.0007,0.0,1.094,-2794.454,-680.9002,-2978.11,4152.7138,1
59.451,17.5267,3.3372,0.08,-0.0,0.0001,0.0,18.469,4.2558,0.5761,1.4063,0.0003,-0.0003,-0.0001,0.0004,0.0,1.096,-2794.4542,-680.8994,-2978.11,4152.7138,1
59.492,17.5267,3.3372,0.08,-0.0,0.0001,0.0,18.4692,4.2544,0.5776,1.4061,-0.0002,0.0001,0.0003,0.0004,0.0,1.097,-2794.4544,-680.8986,-2978.11,4152.7138,1
59.534,17.5267,3.3372,0.08,-0.0,0.0001,0.0,18.7335,4.0492,0.7307,1.5448,0.0004,-0.0003,-0.0007,0.0009,0.0,1.286,-2803.9557,-674.2651,-2985.473,4163.3442,1
59.575,17.5267,3.3372,0.08,-0.0,0.0001,0.0,18.7332,4.0492,0.7311,1.5449,-0.0001,0.0007,0.0001,0.0008,0.0,1.286,-2803.9559,-674.2644,-2985.473,4163.3442,1
59.617,17.5267,3.3372,0.08,-0.0,0.0001,0.0,18.7331,4.0492,0.7315,1.5449,-0.0006,-0.0001,-0.0004,0.0007,0.0,1.286,-2803.9561,-674.2636,-2985.473,4163.3442,1
59.659,17.5267,3.3372,0.08,-0.0,0.0001,0.0,18.7328,4.0492,0.732,1.5449,-0.0001,-0.0002,0.0002,0.0003,0.0,1.286,-2803.9562,-674.2631,-2985.473,4163.3442,1
59.7,17.5267,3.3372,0.08,-0.0,0.0001,0.0,18.7327,4.0491,0.7324,1.5449,0.0,-0.0004,0.0007,0.0008,0.0,1.286,-2814.9935,-666.4021,-2994.363,4175.9323,1
59.742,17.5267,3.3372,0.08,-0.0,0.0001,0.0,18.5889,3.9297,0.9126,1.4739,-0.0002,-0.0002,-0.0001,0.0003,0.0,1.406,-2814.9936,-666.4014,-2994.363,4175.9323,1
59.783,17.5267,3.3372,0.08,-0.0,0.0001,0.0,18.5911,3.9305,0.9131,1.4761,0.0002,0.0,-0.0004,0.0004,0.0,1.405,-2823.9192,-659.4539,-3001.928,4186.3061,1
59.825,17.5267,3.3372,0.08,-0.0,0.0001,0.0,18.5927,3.9311,0.9135,1.4777,0.0004,-0.0002,-0.0004,0.0006,0.0,1.404,-2823.9193,-659.4533,-3001.928,4186.3061,1
59.867,17.5267,3.3372,0.08,-0.0,0.0001,0.0,18.5941,3.9317,0.9139,1.4792,0.0002,0.0001,-0.0003,0.0004,0.0,1.403,-2823.9195,-659.4526,-3001.928,4186.3061,1
59.908,17.5267,3.3372,0.08,-0.0,0.0001,0.0,18.2291,3.8722,1.2215,1.4431,-0.0004,-0.0001,-0.0003,0.0005,0.0,1.479,-2832.8648,-652.2903,-3009.817,4196.9107,1
59.95,17.5267,3.3372,0.08,-0.0,0.0001,0.0,18.2301,3.8716,1.2233,1.4448,-0.0004,0.0003,-0.0004,0.0006,0.0,1.48,-2842.9844,-644.118,-3019.016,4209.1166,1
59.991,17.5267,3.3372,0.08,-0.0,0.0001,0.0,18.2312,3.8709,1.2251,1.4465,-0.0003,0.0001,-0.0001,0.0003,0.0,1.481,-2842.9846,-644.1168,-3019.016,4209.1166,1
